[    6543ms] [WARNING] Failed to execute 'write' on 'Document': It isn't possible to write into a document from an asynchronously-loaded external script unless it is explicitly opened. @ https://securepubads.g.doubleclick.net/tag/js/gpt.js:10
[    6787ms] [WARNING] [GPT] PubAdsService.setTargeting is deprecated, use googletag.setConfig({targeting: ...}) instead.
https://goo.gle/gpt-message#170 @ https://securepubads.g.doubleclick.net/pagead/managed/js/gpt/m202604220103/pubads_impl.js?cb=31098171:18
[    6791ms] [WARNING] [GPT] Ignoring the setConfig.singleRequest() call since the service is already enabled.
https://goo.gle/gpt-message#60 @ https://securepubads.g.doubleclick.net/pagead/managed/js/gpt/m202604220103/pubads_impl.js?cb=31098171:18
[    6792ms] [WARNING] [GPT] Ignoring the setConfig.singleRequest() call since the service is already enabled.
https://goo.gle/gpt-message#60 @ https://securepubads.g.doubleclick.net/pagead/managed/js/gpt/m202604220103/pubads_impl.js?cb=31098171:18
[    7232ms] [LOG] =====> OPiN <===== @ https://jssdk.opin.media/web/11.3.0/opin.min.js:0
[    7547ms] [WARNING] An iframe which has both allow-scripts and allow-same-origin for its sandbox attribute can escape its sandboxing. @ https://stories.usestoryteller.com/amp/20251030.4/amp-story-player-v0.js:1
[    7548ms] [WARNING] An iframe which has both allow-scripts and allow-same-origin for its sandbox attribute can escape its sandboxing. @ https://stories.usestoryteller.com/amp/20251030.4/amp-story-player-v0.js:1
[    7659ms] [WARNING] [GPT] Slot.setTargeting is deprecated, use Slot.setConfig({targeting: ...}) instead.
https://goo.gle/gpt-message#171 @ https://securepubads.g.doubleclick.net/pagead/managed/js/gpt/m202604220103/pubads_impl.js?cb=31098171:18
[    8186ms] [ERROR] Attestation check for Shared Storage on https://www.googleadservices.com failed. @ https://www.googleadservices.com/pagead/managed/js/activeview/current/reach_worklet.html:0
[    8190ms] [ERROR] Attestation check for Shared Storage on https://www.googleadservices.com failed. @ https://www.googleadservices.com/pagead/managed/js/activeview/current/reach_worklet.html:0
[    8186ms] [ERROR] Attestation check for Shared Storage on https://www.googleadservices.com failed. @ https://www.googleadservices.com/pagead/managed/js/activeview/current/reach_worklet.html:0
[    8190ms] [ERROR] Attestation check for Shared Storage on https://www.googleadservices.com failed. @ https://www.googleadservices.com/pagead/managed/js/activeview/current/reach_worklet.html:0
[    8349ms] [ERROR] Attestation check for Shared Storage on https://www.googleadservices.com failed. @ https://www.googleadservices.com/pagead/managed/js/activeview/current/reach_worklet.html:0
[    8186ms] [ERROR] Attestation check for Shared Storage on https://www.googleadservices.com failed. @ https://www.googleadservices.com/pagead/managed/js/activeview/current/reach_worklet.html:0
[    8190ms] [ERROR] Attestation check for Shared Storage on https://www.googleadservices.com failed. @ https://www.googleadservices.com/pagead/managed/js/activeview/current/reach_worklet.html:0
[    8349ms] [ERROR] Attestation check for Shared Storage on https://www.googleadservices.com failed. @ https://www.googleadservices.com/pagead/managed/js/activeview/current/reach_worklet.html:0
[    8610ms] [ERROR] Attestation check for Shared Storage on https://www.googleadservices.com failed. @ https://www.googleadservices.com/pagead/managed/js/activeview/current/reach_worklet.html:0
[    8186ms] [ERROR] Attestation check for Shared Storage on https://www.googleadservices.com failed. @ https://www.googleadservices.com/pagead/managed/js/activeview/current/reach_worklet.html:0
[    8190ms] [ERROR] Attestation check for Shared Storage on https://www.googleadservices.com failed. @ https://www.googleadservices.com/pagead/managed/js/activeview/current/reach_worklet.html:0
[    8349ms] [ERROR] Attestation check for Shared Storage on https://www.googleadservices.com failed. @ https://www.googleadservices.com/pagead/managed/js/activeview/current/reach_worklet.html:0
[    8610ms] [ERROR] Attestation check for Shared Storage on https://www.googleadservices.com failed. @ https://www.googleadservices.com/pagead/managed/js/activeview/current/reach_worklet.html:0
[    8910ms] [ERROR] Attestation check for Shared Storage on https://www.googleadservices.com failed. @ https://www.googleadservices.com/pagead/managed/js/activeview/current/reach_worklet.html:0
[    8186ms] [ERROR] Attestation check for Shared Storage on https://www.googleadservices.com failed. @ https://www.googleadservices.com/pagead/managed/js/activeview/current/reach_worklet.html:0
[    8190ms] [ERROR] Attestation check for Shared Storage on https://www.googleadservices.com failed. @ https://www.googleadservices.com/pagead/managed/js/activeview/current/reach_worklet.html:0
[    8349ms] [ERROR] Attestation check for Shared Storage on https://www.googleadservices.com failed. @ https://www.googleadservices.com/pagead/managed/js/activeview/current/reach_worklet.html:0
[    8610ms] [ERROR] Attestation check for Shared Storage on https://www.googleadservices.com failed. @ https://www.googleadservices.com/pagead/managed/js/activeview/current/reach_worklet.html:0
[    8910ms] [ERROR] Attestation check for Shared Storage on https://www.googleadservices.com failed. @ https://www.googleadservices.com/pagead/managed/js/activeview/current/reach_worklet.html:0
[    8992ms] [ERROR] Attestation check for Shared Storage on https://www.googleadservices.com failed. @ https://www.googleadservices.com/pagead/managed/js/activeview/current/reach_worklet.html:0
[    9156ms] [ERROR] Attestation check for Attribution Reporting on https://ad.doubleclick.net failed. @ https://www.nba.com/:0
[    9289ms] [ERROR] Attestation check for Attribution Reporting on https://ad.doubleclick.net failed. @ https://www.nba.com/:0
[   10639ms] [LOG] [NBA User Consent] Did not run startAnalytics function 4236 @ https://cdn.nba.com/user-consent/index-gam.min.js:0
[   18794ms] uc not initted
[   19187ms] not consented
[   21043ms] not consented
[    8186ms] [ERROR] Attestation check for Shared Storage on https://www.googleadservices.com failed. @ https://www.googleadservices.com/pagead/managed/js/activeview/current/reach_worklet.html:0
[    8190ms] [ERROR] Attestation check for Shared Storage on https://www.googleadservices.com failed. @ https://www.googleadservices.com/pagead/managed/js/activeview/current/reach_worklet.html:0
[    8349ms] [ERROR] Attestation check for Shared Storage on https://www.googleadservices.com failed. @ https://www.googleadservices.com/pagead/managed/js/activeview/current/reach_worklet.html:0
[    8610ms] [ERROR] Attestation check for Shared Storage on https://www.googleadservices.com failed. @ https://www.googleadservices.com/pagead/managed/js/activeview/current/reach_worklet.html:0
[    8910ms] [ERROR] Attestation check for Shared Storage on https://www.googleadservices.com failed. @ https://www.googleadservices.com/pagead/managed/js/activeview/current/reach_worklet.html:0
[    8992ms] [ERROR] Attestation check for Shared Storage on https://www.googleadservices.com failed. @ https://www.googleadservices.com/pagead/managed/js/activeview/current/reach_worklet.html:0
[   36920ms] [ERROR] Attestation check for Shared Storage on https://www.googleadservices.com failed. @ https://www.googleadservices.com/pagead/managed/js/activeview/current/reach_worklet.html:0
[    8186ms] [ERROR] Attestation check for Shared Storage on https://www.googleadservices.com failed. @ https://www.googleadservices.com/pagead/managed/js/activeview/current/reach_worklet.html:0
[    8190ms] [ERROR] Attestation check for Shared Storage on https://www.googleadservices.com failed. @ https://www.googleadservices.com/pagead/managed/js/activeview/current/reach_worklet.html:0
[    8349ms] [ERROR] Attestation check for Shared Storage on https://www.googleadservices.com failed. @ https://www.googleadservices.com/pagead/managed/js/activeview/current/reach_worklet.html:0
[    8610ms] [ERROR] Attestation check for Shared Storage on https://www.googleadservices.com failed. @ https://www.googleadservices.com/pagead/managed/js/activeview/current/reach_worklet.html:0
[    8910ms] [ERROR] Attestation check for Shared Storage on https://www.googleadservices.com failed. @ https://www.googleadservices.com/pagead/managed/js/activeview/current/reach_worklet.html:0
[    8992ms] [ERROR] Attestation check for Shared Storage on https://www.googleadservices.com failed. @ https://www.googleadservices.com/pagead/managed/js/activeview/current/reach_worklet.html:0
[   36920ms] [ERROR] Attestation check for Shared Storage on https://www.googleadservices.com failed. @ https://www.googleadservices.com/pagead/managed/js/activeview/current/reach_worklet.html:0
[   38079ms] [ERROR] Attestation check for Shared Storage on https://www.googleadservices.com failed. @ https://www.googleadservices.com/pagead/managed/js/activeview/current/reach_worklet.html:0
[    8186ms] [ERROR] Attestation check for Shared Storage on https://www.googleadservices.com failed. @ https://www.googleadservices.com/pagead/managed/js/activeview/current/reach_worklet.html:0
[    8190ms] [ERROR] Attestation check for Shared Storage on https://www.googleadservices.com failed. @ https://www.googleadservices.com/pagead/managed/js/activeview/current/reach_worklet.html:0
[    8349ms] [ERROR] Attestation check for Shared Storage on https://www.googleadservices.com failed. @ https://www.googleadservices.com/pagead/managed/js/activeview/current/reach_worklet.html:0
[    8610ms] [ERROR] Attestation check for Shared Storage on https://www.googleadservices.com failed. @ https://www.googleadservices.com/pagead/managed/js/activeview/current/reach_worklet.html:0
[    8910ms] [ERROR] Attestation check for Shared Storage on https://www.googleadservices.com failed. @ https://www.googleadservices.com/pagead/managed/js/activeview/current/reach_worklet.html:0
[    8992ms] [ERROR] Attestation check for Shared Storage on https://www.googleadservices.com failed. @ https://www.googleadservices.com/pagead/managed/js/activeview/current/reach_worklet.html:0
[   36920ms] [ERROR] Attestation check for Shared Storage on https://www.googleadservices.com failed. @ https://www.googleadservices.com/pagead/managed/js/activeview/current/reach_worklet.html:0
[   38079ms] [ERROR] Attestation check for Shared Storage on https://www.googleadservices.com failed. @ https://www.googleadservices.com/pagead/managed/js/activeview/current/reach_worklet.html:0
[   38528ms] [ERROR] Attestation check for Shared Storage on https://www.googleadservices.com failed. @ https://www.googleadservices.com/pagead/managed/js/activeview/current/reach_worklet.html:0
[   38591ms] [ERROR] Attestation check for Attribution Reporting on https://ad.doubleclick.net failed. @ https://www.nba.com/:0
[   38619ms] [ERROR] Attestation check for Attribution Reporting on https://ad.doubleclick.net failed. @ https://www.nba.com/:0
[    8186ms] [ERROR] Attestation check for Shared Storage on https://www.googleadservices.com failed. @ https://www.googleadservices.com/pagead/managed/js/activeview/current/reach_worklet.html:0
[    8190ms] [ERROR] Attestation check for Shared Storage on https://www.googleadservices.com failed. @ https://www.googleadservices.com/pagead/managed/js/activeview/current/reach_worklet.html:0
[    8349ms] [ERROR] Attestation check for Shared Storage on https://www.googleadservices.com failed. @ https://www.googleadservices.com/pagead/managed/js/activeview/current/reach_worklet.html:0
[    8610ms] [ERROR] Attestation check for Shared Storage on https://www.googleadservices.com failed. @ https://www.googleadservices.com/pagead/managed/js/activeview/current/reach_worklet.html:0
[    8910ms] [ERROR] Attestation check for Shared Storage on https://www.googleadservices.com failed. @ https://www.googleadservices.com/pagead/managed/js/activeview/current/reach_worklet.html:0
[    8992ms] [ERROR] Attestation check for Shared Storage on https://www.googleadservices.com failed. @ https://www.googleadservices.com/pagead/managed/js/activeview/current/reach_worklet.html:0
[   36920ms] [ERROR] Attestation check for Shared Storage on https://www.googleadservices.com failed. @ https://www.googleadservices.com/pagead/managed/js/activeview/current/reach_worklet.html:0
[   38079ms] [ERROR] Attestation check for Shared Storage on https://www.googleadservices.com failed. @ https://www.googleadservices.com/pagead/managed/js/activeview/current/reach_worklet.html:0
[   38528ms] [ERROR] Attestation check for Shared Storage on https://www.googleadservices.com failed. @ https://www.googleadservices.com/pagead/managed/js/activeview/current/reach_worklet.html:0
[   66925ms] [ERROR] Attestation check for Shared Storage on https://www.googleadservices.com failed. @ https://www.googleadservices.com/pagead/managed/js/activeview/current/reach_worklet.html:0
[    8186ms] [ERROR] Attestation check for Shared Storage on https://www.googleadservices.com failed. @ https://www.googleadservices.com/pagead/managed/js/activeview/current/reach_worklet.html:0
[    8190ms] [ERROR] Attestation check for Shared Storage on https://www.googleadservices.com failed. @ https://www.googleadservices.com/pagead/managed/js/activeview/current/reach_worklet.html:0
[    8349ms] [ERROR] Attestation check for Shared Storage on https://www.googleadservices.com failed. @ https://www.googleadservices.com/pagead/managed/js/activeview/current/reach_worklet.html:0
[    8610ms] [ERROR] Attestation check for Shared Storage on https://www.googleadservices.com failed. @ https://www.googleadservices.com/pagead/managed/js/activeview/current/reach_worklet.html:0
[    8910ms] [ERROR] Attestation check for Shared Storage on https://www.googleadservices.com failed. @ https://www.googleadservices.com/pagead/managed/js/activeview/current/reach_worklet.html:0
[    8992ms] [ERROR] Attestation check for Shared Storage on https://www.googleadservices.com failed. @ https://www.googleadservices.com/pagead/managed/js/activeview/current/reach_worklet.html:0
[   36920ms] [ERROR] Attestation check for Shared Storage on https://www.googleadservices.com failed. @ https://www.googleadservices.com/pagead/managed/js/activeview/current/reach_worklet.html:0
[   38079ms] [ERROR] Attestation check for Shared Storage on https://www.googleadservices.com failed. @ https://www.googleadservices.com/pagead/managed/js/activeview/current/reach_worklet.html:0
[   38528ms] [ERROR] Attestation check for Shared Storage on https://www.googleadservices.com failed. @ https://www.googleadservices.com/pagead/managed/js/activeview/current/reach_worklet.html:0
[   66925ms] [ERROR] Attestation check for Shared Storage on https://www.googleadservices.com failed. @ https://www.googleadservices.com/pagead/managed/js/activeview/current/reach_worklet.html:0
[   68078ms] [ERROR] Attestation check for Shared Storage on https://www.googleadservices.com failed. @ https://www.googleadservices.com/pagead/managed/js/activeview/current/reach_worklet.html:0
[    8186ms] [ERROR] Attestation check for Shared Storage on https://www.googleadservices.com failed. @ https://www.googleadservices.com/pagead/managed/js/activeview/current/reach_worklet.html:0
[    8190ms] [ERROR] Attestation check for Shared Storage on https://www.googleadservices.com failed. @ https://www.googleadservices.com/pagead/managed/js/activeview/current/reach_worklet.html:0
[    8349ms] [ERROR] Attestation check for Shared Storage on https://www.googleadservices.com failed. @ https://www.googleadservices.com/pagead/managed/js/activeview/current/reach_worklet.html:0
[    8610ms] [ERROR] Attestation check for Shared Storage on https://www.googleadservices.com failed. @ https://www.googleadservices.com/pagead/managed/js/activeview/current/reach_worklet.html:0
[    8910ms] [ERROR] Attestation check for Shared Storage on https://www.googleadservices.com failed. @ https://www.googleadservices.com/pagead/managed/js/activeview/current/reach_worklet.html:0
[    8992ms] [ERROR] Attestation check for Shared Storage on https://www.googleadservices.com failed. @ https://www.googleadservices.com/pagead/managed/js/activeview/current/reach_worklet.html:0
[   36920ms] [ERROR] Attestation check for Shared Storage on https://www.googleadservices.com failed. @ https://www.googleadservices.com/pagead/managed/js/activeview/current/reach_worklet.html:0
[   38079ms] [ERROR] Attestation check for Shared Storage on https://www.googleadservices.com failed. @ https://www.googleadservices.com/pagead/managed/js/activeview/current/reach_worklet.html:0
[   38528ms] [ERROR] Attestation check for Shared Storage on https://www.googleadservices.com failed. @ https://www.googleadservices.com/pagead/managed/js/activeview/current/reach_worklet.html:0
[   66925ms] [ERROR] Attestation check for Shared Storage on https://www.googleadservices.com failed. @ https://www.googleadservices.com/pagead/managed/js/activeview/current/reach_worklet.html:0
[   68078ms] [ERROR] Attestation check for Shared Storage on https://www.googleadservices.com failed. @ https://www.googleadservices.com/pagead/managed/js/activeview/current/reach_worklet.html:0
[   68334ms] [ERROR] Attestation check for Shared Storage on https://www.googleadservices.com failed. @ https://www.googleadservices.com/pagead/managed/js/activeview/current/reach_worklet.html:0
[    8186ms] [ERROR] Attestation check for Shared Storage on https://www.googleadservices.com failed. @ https://www.googleadservices.com/pagead/managed/js/activeview/current/reach_worklet.html:0
[    8190ms] [ERROR] Attestation check for Shared Storage on https://www.googleadservices.com failed. @ https://www.googleadservices.com/pagead/managed/js/activeview/current/reach_worklet.html:0
[    8349ms] [ERROR] Attestation check for Shared Storage on https://www.googleadservices.com failed. @ https://www.googleadservices.com/pagead/managed/js/activeview/current/reach_worklet.html:0
[    8610ms] [ERROR] Attestation check for Shared Storage on https://www.googleadservices.com failed. @ https://www.googleadservices.com/pagead/managed/js/activeview/current/reach_worklet.html:0
[    8910ms] [ERROR] Attestation check for Shared Storage on https://www.googleadservices.com failed. @ https://www.googleadservices.com/pagead/managed/js/activeview/current/reach_worklet.html:0
[    8992ms] [ERROR] Attestation check for Shared Storage on https://www.googleadservices.com failed. @ https://www.googleadservices.com/pagead/managed/js/activeview/current/reach_worklet.html:0
[   36920ms] [ERROR] Attestation check for Shared Storage on https://www.googleadservices.com failed. @ https://www.googleadservices.com/pagead/managed/js/activeview/current/reach_worklet.html:0
[   38079ms] [ERROR] Attestation check for Shared Storage on https://www.googleadservices.com failed. @ https://www.googleadservices.com/pagead/managed/js/activeview/current/reach_worklet.html:0
[   38528ms] [ERROR] Attestation check for Shared Storage on https://www.googleadservices.com failed. @ https://www.googleadservices.com/pagead/managed/js/activeview/current/reach_worklet.html:0
[   66925ms] [ERROR] Attestation check for Shared Storage on https://www.googleadservices.com failed. @ https://www.googleadservices.com/pagead/managed/js/activeview/current/reach_worklet.html:0
[   68078ms] [ERROR] Attestation check for Shared Storage on https://www.googleadservices.com failed. @ https://www.googleadservices.com/pagead/managed/js/activeview/current/reach_worklet.html:0
[   68334ms] [ERROR] Attestation check for Shared Storage on https://www.googleadservices.com failed. @ https://www.googleadservices.com/pagead/managed/js/activeview/current/reach_worklet.html:0
[   96939ms] [ERROR] Attestation check for Shared Storage on https://www.googleadservices.com failed. @ https://www.googleadservices.com/pagead/managed/js/activeview/current/reach_worklet.html:0
[    8186ms] [ERROR] Attestation check for Shared Storage on https://www.googleadservices.com failed. @ https://www.googleadservices.com/pagead/managed/js/activeview/current/reach_worklet.html:0
[    8190ms] [ERROR] Attestation check for Shared Storage on https://www.googleadservices.com failed. @ https://www.googleadservices.com/pagead/managed/js/activeview/current/reach_worklet.html:0
[    8349ms] [ERROR] Attestation check for Shared Storage on https://www.googleadservices.com failed. @ https://www.googleadservices.com/pagead/managed/js/activeview/current/reach_worklet.html:0
[    8610ms] [ERROR] Attestation check for Shared Storage on https://www.googleadservices.com failed. @ https://www.googleadservices.com/pagead/managed/js/activeview/current/reach_worklet.html:0
[    8910ms] [ERROR] Attestation check for Shared Storage on https://www.googleadservices.com failed. @ https://www.googleadservices.com/pagead/managed/js/activeview/current/reach_worklet.html:0
[    8992ms] [ERROR] Attestation check for Shared Storage on https://www.googleadservices.com failed. @ https://www.googleadservices.com/pagead/managed/js/activeview/current/reach_worklet.html:0
[   36920ms] [ERROR] Attestation check for Shared Storage on https://www.googleadservices.com failed. @ https://www.googleadservices.com/pagead/managed/js/activeview/current/reach_worklet.html:0
[   38079ms] [ERROR] Attestation check for Shared Storage on https://www.googleadservices.com failed. @ https://www.googleadservices.com/pagead/managed/js/activeview/current/reach_worklet.html:0
[   38528ms] [ERROR] Attestation check for Shared Storage on https://www.googleadservices.com failed. @ https://www.googleadservices.com/pagead/managed/js/activeview/current/reach_worklet.html:0
[   66925ms] [ERROR] Attestation check for Shared Storage on https://www.googleadservices.com failed. @ https://www.googleadservices.com/pagead/managed/js/activeview/current/reach_worklet.html:0
[   68078ms] [ERROR] Attestation check for Shared Storage on https://www.googleadservices.com failed. @ https://www.googleadservices.com/pagead/managed/js/activeview/current/reach_worklet.html:0
[   68334ms] [ERROR] Attestation check for Shared Storage on https://www.googleadservices.com failed. @ https://www.googleadservices.com/pagead/managed/js/activeview/current/reach_worklet.html:0
[   96939ms] [ERROR] Attestation check for Shared Storage on https://www.googleadservices.com failed. @ https://www.googleadservices.com/pagead/managed/js/activeview/current/reach_worklet.html:0
[   98085ms] [ERROR] Attestation check for Shared Storage on https://www.googleadservices.com failed. @ https://www.googleadservices.com/pagead/managed/js/activeview/current/reach_worklet.html:0
[    8186ms] [ERROR] Attestation check for Shared Storage on https://www.googleadservices.com failed. @ https://www.googleadservices.com/pagead/managed/js/activeview/current/reach_worklet.html:0
[    8190ms] [ERROR] Attestation check for Shared Storage on https://www.googleadservices.com failed. @ https://www.googleadservices.com/pagead/managed/js/activeview/current/reach_worklet.html:0
[    8349ms] [ERROR] Attestation check for Shared Storage on https://www.googleadservices.com failed. @ https://www.googleadservices.com/pagead/managed/js/activeview/current/reach_worklet.html:0
[    8610ms] [ERROR] Attestation check for Shared Storage on https://www.googleadservices.com failed. @ https://www.googleadservices.com/pagead/managed/js/activeview/current/reach_worklet.html:0
[    8910ms] [ERROR] Attestation check for Shared Storage on https://www.googleadservices.com failed. @ https://www.googleadservices.com/pagead/managed/js/activeview/current/reach_worklet.html:0
[    8992ms] [ERROR] Attestation check for Shared Storage on https://www.googleadservices.com failed. @ https://www.googleadservices.com/pagead/managed/js/activeview/current/reach_worklet.html:0
[   36920ms] [ERROR] Attestation check for Shared Storage on https://www.googleadservices.com failed. @ https://www.googleadservices.com/pagead/managed/js/activeview/current/reach_worklet.html:0
[   38079ms] [ERROR] Attestation check for Shared Storage on https://www.googleadservices.com failed. @ https://www.googleadservices.com/pagead/managed/js/activeview/current/reach_worklet.html:0
[   38528ms] [ERROR] Attestation check for Shared Storage on https://www.googleadservices.com failed. @ https://www.googleadservices.com/pagead/managed/js/activeview/current/reach_worklet.html:0
[   66925ms] [ERROR] Attestation check for Shared Storage on https://www.googleadservices.com failed. @ https://www.googleadservices.com/pagead/managed/js/activeview/current/reach_worklet.html:0
[   68078ms] [ERROR] Attestation check for Shared Storage on https://www.googleadservices.com failed. @ https://www.googleadservices.com/pagead/managed/js/activeview/current/reach_worklet.html:0
[   68334ms] [ERROR] Attestation check for Shared Storage on https://www.googleadservices.com failed. @ https://www.googleadservices.com/pagead/managed/js/activeview/current/reach_worklet.html:0
[   96939ms] [ERROR] Attestation check for Shared Storage on https://www.googleadservices.com failed. @ https://www.googleadservices.com/pagead/managed/js/activeview/current/reach_worklet.html:0
[   98085ms] [ERROR] Attestation check for Shared Storage on https://www.googleadservices.com failed. @ https://www.googleadservices.com/pagead/managed/js/activeview/current/reach_worklet.html:0
[   98326ms] [ERROR] Attestation check for Shared Storage on https://www.googleadservices.com failed. @ https://www.googleadservices.com/pagead/managed/js/activeview/current/reach_worklet.html:0
[    8186ms] [ERROR] Attestation check for Shared Storage on https://www.googleadservices.com failed. @ https://www.googleadservices.com/pagead/managed/js/activeview/current/reach_worklet.html:0
[    8190ms] [ERROR] Attestation check for Shared Storage on https://www.googleadservices.com failed. @ https://www.googleadservices.com/pagead/managed/js/activeview/current/reach_worklet.html:0
[    8349ms] [ERROR] Attestation check for Shared Storage on https://www.googleadservices.com failed. @ https://www.googleadservices.com/pagead/managed/js/activeview/current/reach_worklet.html:0
[    8610ms] [ERROR] Attestation check for Shared Storage on https://www.googleadservices.com failed. @ https://www.googleadservices.com/pagead/managed/js/activeview/current/reach_worklet.html:0
[    8910ms] [ERROR] Attestation check for Shared Storage on https://www.googleadservices.com failed. @ https://www.googleadservices.com/pagead/managed/js/activeview/current/reach_worklet.html:0
[    8992ms] [ERROR] Attestation check for Shared Storage on https://www.googleadservices.com failed. @ https://www.googleadservices.com/pagead/managed/js/activeview/current/reach_worklet.html:0
[   36920ms] [ERROR] Attestation check for Shared Storage on https://www.googleadservices.com failed. @ https://www.googleadservices.com/pagead/managed/js/activeview/current/reach_worklet.html:0
[   38079ms] [ERROR] Attestation check for Shared Storage on https://www.googleadservices.com failed. @ https://www.googleadservices.com/pagead/managed/js/activeview/current/reach_worklet.html:0
[   38528ms] [ERROR] Attestation check for Shared Storage on https://www.googleadservices.com failed. @ https://www.googleadservices.com/pagead/managed/js/activeview/current/reach_worklet.html:0
[   66925ms] [ERROR] Attestation check for Shared Storage on https://www.googleadservices.com failed. @ https://www.googleadservices.com/pagead/managed/js/activeview/current/reach_worklet.html:0
[   68078ms] [ERROR] Attestation check for Shared Storage on https://www.googleadservices.com failed. @ https://www.googleadservices.com/pagead/managed/js/activeview/current/reach_worklet.html:0
[   68334ms] [ERROR] Attestation check for Shared Storage on https://www.googleadservices.com failed. @ https://www.googleadservices.com/pagead/managed/js/activeview/current/reach_worklet.html:0
[   96939ms] [ERROR] Attestation check for Shared Storage on https://www.googleadservices.com failed. @ https://www.googleadservices.com/pagead/managed/js/activeview/current/reach_worklet.html:0
[   98085ms] [ERROR] Attestation check for Shared Storage on https://www.googleadservices.com failed. @ https://www.googleadservices.com/pagead/managed/js/activeview/current/reach_worklet.html:0
[   98326ms] [ERROR] Attestation check for Shared Storage on https://www.googleadservices.com failed. @ https://www.googleadservices.com/pagead/managed/js/activeview/current/reach_worklet.html:0
[  126923ms] [ERROR] Attestation check for Shared Storage on https://www.googleadservices.com failed. @ https://www.googleadservices.com/pagead/managed/js/activeview/current/reach_worklet.html:0
[    8186ms] [ERROR] Attestation check for Shared Storage on https://www.googleadservices.com failed. @ https://www.googleadservices.com/pagead/managed/js/activeview/current/reach_worklet.html:0
[    8190ms] [ERROR] Attestation check for Shared Storage on https://www.googleadservices.com failed. @ https://www.googleadservices.com/pagead/managed/js/activeview/current/reach_worklet.html:0
[    8349ms] [ERROR] Attestation check for Shared Storage on https://www.googleadservices.com failed. @ https://www.googleadservices.com/pagead/managed/js/activeview/current/reach_worklet.html:0
[    8610ms] [ERROR] Attestation check for Shared Storage on https://www.googleadservices.com failed. @ https://www.googleadservices.com/pagead/managed/js/activeview/current/reach_worklet.html:0
[    8910ms] [ERROR] Attestation check for Shared Storage on https://www.googleadservices.com failed. @ https://www.googleadservices.com/pagead/managed/js/activeview/current/reach_worklet.html:0
[    8992ms] [ERROR] Attestation check for Shared Storage on https://www.googleadservices.com failed. @ https://www.googleadservices.com/pagead/managed/js/activeview/current/reach_worklet.html:0
[   36920ms] [ERROR] Attestation check for Shared Storage on https://www.googleadservices.com failed. @ https://www.googleadservices.com/pagead/managed/js/activeview/current/reach_worklet.html:0
[   38079ms] [ERROR] Attestation check for Shared Storage on https://www.googleadservices.com failed. @ https://www.googleadservices.com/pagead/managed/js/activeview/current/reach_worklet.html:0
[   38528ms] [ERROR] Attestation check for Shared Storage on https://www.googleadservices.com failed. @ https://www.googleadservices.com/pagead/managed/js/activeview/current/reach_worklet.html:0
[   66925ms] [ERROR] Attestation check for Shared Storage on https://www.googleadservices.com failed. @ https://www.googleadservices.com/pagead/managed/js/activeview/current/reach_worklet.html:0
[   68078ms] [ERROR] Attestation check for Shared Storage on https://www.googleadservices.com failed. @ https://www.googleadservices.com/pagead/managed/js/activeview/current/reach_worklet.html:0
[   68334ms] [ERROR] Attestation check for Shared Storage on https://www.googleadservices.com failed. @ https://www.googleadservices.com/pagead/managed/js/activeview/current/reach_worklet.html:0
[   96939ms] [ERROR] Attestation check for Shared Storage on https://www.googleadservices.com failed. @ https://www.googleadservices.com/pagead/managed/js/activeview/current/reach_worklet.html:0
[   98085ms] [ERROR] Attestation check for Shared Storage on https://www.googleadservices.com failed. @ https://www.googleadservices.com/pagead/managed/js/activeview/current/reach_worklet.html:0
[   98326ms] [ERROR] Attestation check for Shared Storage on https://www.googleadservices.com failed. @ https://www.googleadservices.com/pagead/managed/js/activeview/current/reach_worklet.html:0
[  126923ms] [ERROR] Attestation check for Shared Storage on https://www.googleadservices.com failed. @ https://www.googleadservices.com/pagead/managed/js/activeview/current/reach_worklet.html:0
[  128086ms] [ERROR] Attestation check for Shared Storage on https://www.googleadservices.com failed. @ https://www.googleadservices.com/pagead/managed/js/activeview/current/reach_worklet.html:0
[    8186ms] [ERROR] Attestation check for Shared Storage on https://www.googleadservices.com failed. @ https://www.googleadservices.com/pagead/managed/js/activeview/current/reach_worklet.html:0
[    8190ms] [ERROR] Attestation check for Shared Storage on https://www.googleadservices.com failed. @ https://www.googleadservices.com/pagead/managed/js/activeview/current/reach_worklet.html:0
[    8349ms] [ERROR] Attestation check for Shared Storage on https://www.googleadservices.com failed. @ https://www.googleadservices.com/pagead/managed/js/activeview/current/reach_worklet.html:0
[    8610ms] [ERROR] Attestation check for Shared Storage on https://www.googleadservices.com failed. @ https://www.googleadservices.com/pagead/managed/js/activeview/current/reach_worklet.html:0
[    8910ms] [ERROR] Attestation check for Shared Storage on https://www.googleadservices.com failed. @ https://www.googleadservices.com/pagead/managed/js/activeview/current/reach_worklet.html:0
[    8992ms] [ERROR] Attestation check for Shared Storage on https://www.googleadservices.com failed. @ https://www.googleadservices.com/pagead/managed/js/activeview/current/reach_worklet.html:0
[   36920ms] [ERROR] Attestation check for Shared Storage on https://www.googleadservices.com failed. @ https://www.googleadservices.com/pagead/managed/js/activeview/current/reach_worklet.html:0
[   38079ms] [ERROR] Attestation check for Shared Storage on https://www.googleadservices.com failed. @ https://www.googleadservices.com/pagead/managed/js/activeview/current/reach_worklet.html:0
[   38528ms] [ERROR] Attestation check for Shared Storage on https://www.googleadservices.com failed. @ https://www.googleadservices.com/pagead/managed/js/activeview/current/reach_worklet.html:0
[   66925ms] [ERROR] Attestation check for Shared Storage on https://www.googleadservices.com failed. @ https://www.googleadservices.com/pagead/managed/js/activeview/current/reach_worklet.html:0
[   68078ms] [ERROR] Attestation check for Shared Storage on https://www.googleadservices.com failed. @ https://www.googleadservices.com/pagead/managed/js/activeview/current/reach_worklet.html:0
[   68334ms] [ERROR] Attestation check for Shared Storage on https://www.googleadservices.com failed. @ https://www.googleadservices.com/pagead/managed/js/activeview/current/reach_worklet.html:0
[   96939ms] [ERROR] Attestation check for Shared Storage on https://www.googleadservices.com failed. @ https://www.googleadservices.com/pagead/managed/js/activeview/current/reach_worklet.html:0
[   98085ms] [ERROR] Attestation check for Shared Storage on https://www.googleadservices.com failed. @ https://www.googleadservices.com/pagead/managed/js/activeview/current/reach_worklet.html:0
[   98326ms] [ERROR] Attestation check for Shared Storage on https://www.googleadservices.com failed. @ https://www.googleadservices.com/pagead/managed/js/activeview/current/reach_worklet.html:0
[  126923ms] [ERROR] Attestation check for Shared Storage on https://www.googleadservices.com failed. @ https://www.googleadservices.com/pagead/managed/js/activeview/current/reach_worklet.html:0
[  128086ms] [ERROR] Attestation check for Shared Storage on https://www.googleadservices.com failed. @ https://www.googleadservices.com/pagead/managed/js/activeview/current/reach_worklet.html:0
[  128194ms] [ERROR] Attestation check for Shared Storage on https://www.googleadservices.com failed. @ https://www.googleadservices.com/pagead/managed/js/activeview/current/reach_worklet.html:0
[  128259ms] [ERROR] Attestation check for Attribution Reporting on https://ad.doubleclick.net failed. @ https://www.nba.com/:0
[  128263ms] [ERROR] Attestation check for Attribution Reporting on https://ad.doubleclick.net failed. @ https://www.nba.com/:0
[    8186ms] [ERROR] Attestation check for Shared Storage on https://www.googleadservices.com failed. @ https://www.googleadservices.com/pagead/managed/js/activeview/current/reach_worklet.html:0
[    8190ms] [ERROR] Attestation check for Shared Storage on https://www.googleadservices.com failed. @ https://www.googleadservices.com/pagead/managed/js/activeview/current/reach_worklet.html:0
[    8349ms] [ERROR] Attestation check for Shared Storage on https://www.googleadservices.com failed. @ https://www.googleadservices.com/pagead/managed/js/activeview/current/reach_worklet.html:0
[    8610ms] [ERROR] Attestation check for Shared Storage on https://www.googleadservices.com failed. @ https://www.googleadservices.com/pagead/managed/js/activeview/current/reach_worklet.html:0
[    8910ms] [ERROR] Attestation check for Shared Storage on https://www.googleadservices.com failed. @ https://www.googleadservices.com/pagead/managed/js/activeview/current/reach_worklet.html:0
[    8992ms] [ERROR] Attestation check for Shared Storage on https://www.googleadservices.com failed. @ https://www.googleadservices.com/pagead/managed/js/activeview/current/reach_worklet.html:0
[   36920ms] [ERROR] Attestation check for Shared Storage on https://www.googleadservices.com failed. @ https://www.googleadservices.com/pagead/managed/js/activeview/current/reach_worklet.html:0
[   38079ms] [ERROR] Attestation check for Shared Storage on https://www.googleadservices.com failed. @ https://www.googleadservices.com/pagead/managed/js/activeview/current/reach_worklet.html:0
[   38528ms] [ERROR] Attestation check for Shared Storage on https://www.googleadservices.com failed. @ https://www.googleadservices.com/pagead/managed/js/activeview/current/reach_worklet.html:0
[   66925ms] [ERROR] Attestation check for Shared Storage on https://www.googleadservices.com failed. @ https://www.googleadservices.com/pagead/managed/js/activeview/current/reach_worklet.html:0
[   68078ms] [ERROR] Attestation check for Shared Storage on https://www.googleadservices.com failed. @ https://www.googleadservices.com/pagead/managed/js/activeview/current/reach_worklet.html:0
[   68334ms] [ERROR] Attestation check for Shared Storage on https://www.googleadservices.com failed. @ https://www.googleadservices.com/pagead/managed/js/activeview/current/reach_worklet.html:0
[   96939ms] [ERROR] Attestation check for Shared Storage on https://www.googleadservices.com failed. @ https://www.googleadservices.com/pagead/managed/js/activeview/current/reach_worklet.html:0
[   98085ms] [ERROR] Attestation check for Shared Storage on https://www.googleadservices.com failed. @ https://www.googleadservices.com/pagead/managed/js/activeview/current/reach_worklet.html:0
[   98326ms] [ERROR] Attestation check for Shared Storage on https://www.googleadservices.com failed. @ https://www.googleadservices.com/pagead/managed/js/activeview/current/reach_worklet.html:0
[  126923ms] [ERROR] Attestation check for Shared Storage on https://www.googleadservices.com failed. @ https://www.googleadservices.com/pagead/managed/js/activeview/current/reach_worklet.html:0
[  128086ms] [ERROR] Attestation check for Shared Storage on https://www.googleadservices.com failed. @ https://www.googleadservices.com/pagead/managed/js/activeview/current/reach_worklet.html:0
[  128194ms] [ERROR] Attestation check for Shared Storage on https://www.googleadservices.com failed. @ https://www.googleadservices.com/pagead/managed/js/activeview/current/reach_worklet.html:0
[  156922ms] [ERROR] Attestation check for Shared Storage on https://www.googleadservices.com failed. @ https://www.googleadservices.com/pagead/managed/js/activeview/current/reach_worklet.html:0
[    8186ms] [ERROR] Attestation check for Shared Storage on https://www.googleadservices.com failed. @ https://www.googleadservices.com/pagead/managed/js/activeview/current/reach_worklet.html:0
[    8190ms] [ERROR] Attestation check for Shared Storage on https://www.googleadservices.com failed. @ https://www.googleadservices.com/pagead/managed/js/activeview/current/reach_worklet.html:0
[    8349ms] [ERROR] Attestation check for Shared Storage on https://www.googleadservices.com failed. @ https://www.googleadservices.com/pagead/managed/js/activeview/current/reach_worklet.html:0
[    8610ms] [ERROR] Attestation check for Shared Storage on https://www.googleadservices.com failed. @ https://www.googleadservices.com/pagead/managed/js/activeview/current/reach_worklet.html:0
[    8910ms] [ERROR] Attestation check for Shared Storage on https://www.googleadservices.com failed. @ https://www.googleadservices.com/pagead/managed/js/activeview/current/reach_worklet.html:0
[    8992ms] [ERROR] Attestation check for Shared Storage on https://www.googleadservices.com failed. @ https://www.googleadservices.com/pagead/managed/js/activeview/current/reach_worklet.html:0
[   36920ms] [ERROR] Attestation check for Shared Storage on https://www.googleadservices.com failed. @ https://www.googleadservices.com/pagead/managed/js/activeview/current/reach_worklet.html:0
[   38079ms] [ERROR] Attestation check for Shared Storage on https://www.googleadservices.com failed. @ https://www.googleadservices.com/pagead/managed/js/activeview/current/reach_worklet.html:0
[   38528ms] [ERROR] Attestation check for Shared Storage on https://www.googleadservices.com failed. @ https://www.googleadservices.com/pagead/managed/js/activeview/current/reach_worklet.html:0
[   66925ms] [ERROR] Attestation check for Shared Storage on https://www.googleadservices.com failed. @ https://www.googleadservices.com/pagead/managed/js/activeview/current/reach_worklet.html:0
[   68078ms] [ERROR] Attestation check for Shared Storage on https://www.googleadservices.com failed. @ https://www.googleadservices.com/pagead/managed/js/activeview/current/reach_worklet.html:0
[   68334ms] [ERROR] Attestation check for Shared Storage on https://www.googleadservices.com failed. @ https://www.googleadservices.com/pagead/managed/js/activeview/current/reach_worklet.html:0
[   96939ms] [ERROR] Attestation check for Shared Storage on https://www.googleadservices.com failed. @ https://www.googleadservices.com/pagead/managed/js/activeview/current/reach_worklet.html:0
[   98085ms] [ERROR] Attestation check for Shared Storage on https://www.googleadservices.com failed. @ https://www.googleadservices.com/pagead/managed/js/activeview/current/reach_worklet.html:0
[   98326ms] [ERROR] Attestation check for Shared Storage on https://www.googleadservices.com failed. @ https://www.googleadservices.com/pagead/managed/js/activeview/current/reach_worklet.html:0
[  126923ms] [ERROR] Attestation check for Shared Storage on https://www.googleadservices.com failed. @ https://www.googleadservices.com/pagead/managed/js/activeview/current/reach_worklet.html:0
[  128086ms] [ERROR] Attestation check for Shared Storage on https://www.googleadservices.com failed. @ https://www.googleadservices.com/pagead/managed/js/activeview/current/reach_worklet.html:0
[  128194ms] [ERROR] Attestation check for Shared Storage on https://www.googleadservices.com failed. @ https://www.googleadservices.com/pagead/managed/js/activeview/current/reach_worklet.html:0
[  156922ms] [ERROR] Attestation check for Shared Storage on https://www.googleadservices.com failed. @ https://www.googleadservices.com/pagead/managed/js/activeview/current/reach_worklet.html:0
[  158109ms] [ERROR] Attestation check for Shared Storage on https://www.googleadservices.com failed. @ https://www.googleadservices.com/pagead/managed/js/activeview/current/reach_worklet.html:0
[    8186ms] [ERROR] Attestation check for Shared Storage on https://www.googleadservices.com failed. @ https://www.googleadservices.com/pagead/managed/js/activeview/current/reach_worklet.html:0
[    8190ms] [ERROR] Attestation check for Shared Storage on https://www.googleadservices.com failed. @ https://www.googleadservices.com/pagead/managed/js/activeview/current/reach_worklet.html:0
[    8349ms] [ERROR] Attestation check for Shared Storage on https://www.googleadservices.com failed. @ https://www.googleadservices.com/pagead/managed/js/activeview/current/reach_worklet.html:0
[    8610ms] [ERROR] Attestation check for Shared Storage on https://www.googleadservices.com failed. @ https://www.googleadservices.com/pagead/managed/js/activeview/current/reach_worklet.html:0
[    8910ms] [ERROR] Attestation check for Shared Storage on https://www.googleadservices.com failed. @ https://www.googleadservices.com/pagead/managed/js/activeview/current/reach_worklet.html:0
[    8992ms] [ERROR] Attestation check for Shared Storage on https://www.googleadservices.com failed. @ https://www.googleadservices.com/pagead/managed/js/activeview/current/reach_worklet.html:0
[   36920ms] [ERROR] Attestation check for Shared Storage on https://www.googleadservices.com failed. @ https://www.googleadservices.com/pagead/managed/js/activeview/current/reach_worklet.html:0
[   38079ms] [ERROR] Attestation check for Shared Storage on https://www.googleadservices.com failed. @ https://www.googleadservices.com/pagead/managed/js/activeview/current/reach_worklet.html:0
[   38528ms] [ERROR] Attestation check for Shared Storage on https://www.googleadservices.com failed. @ https://www.googleadservices.com/pagead/managed/js/activeview/current/reach_worklet.html:0
[   66925ms] [ERROR] Attestation check for Shared Storage on https://www.googleadservices.com failed. @ https://www.googleadservices.com/pagead/managed/js/activeview/current/reach_worklet.html:0
[   68078ms] [ERROR] Attestation check for Shared Storage on https://www.googleadservices.com failed. @ https://www.googleadservices.com/pagead/managed/js/activeview/current/reach_worklet.html:0
[   68334ms] [ERROR] Attestation check for Shared Storage on https://www.googleadservices.com failed. @ https://www.googleadservices.com/pagead/managed/js/activeview/current/reach_worklet.html:0
[   96939ms] [ERROR] Attestation check for Shared Storage on https://www.googleadservices.com failed. @ https://www.googleadservices.com/pagead/managed/js/activeview/current/reach_worklet.html:0
[   98085ms] [ERROR] Attestation check for Shared Storage on https://www.googleadservices.com failed. @ https://www.googleadservices.com/pagead/managed/js/activeview/current/reach_worklet.html:0
[   98326ms] [ERROR] Attestation check for Shared Storage on https://www.googleadservices.com failed. @ https://www.googleadservices.com/pagead/managed/js/activeview/current/reach_worklet.html:0
[  126923ms] [ERROR] Attestation check for Shared Storage on https://www.googleadservices.com failed. @ https://www.googleadservices.com/pagead/managed/js/activeview/current/reach_worklet.html:0
[  128086ms] [ERROR] Attestation check for Shared Storage on https://www.googleadservices.com failed. @ https://www.googleadservices.com/pagead/managed/js/activeview/current/reach_worklet.html:0
[  128194ms] [ERROR] Attestation check for Shared Storage on https://www.googleadservices.com failed. @ https://www.googleadservices.com/pagead/managed/js/activeview/current/reach_worklet.html:0
[  156922ms] [ERROR] Attestation check for Shared Storage on https://www.googleadservices.com failed. @ https://www.googleadservices.com/pagead/managed/js/activeview/current/reach_worklet.html:0
[  158109ms] [ERROR] Attestation check for Shared Storage on https://www.googleadservices.com failed. @ https://www.googleadservices.com/pagead/managed/js/activeview/current/reach_worklet.html:0
[  158293ms] [ERROR] Attestation check for Shared Storage on https://www.googleadservices.com failed. @ https://www.googleadservices.com/pagead/managed/js/activeview/current/reach_worklet.html:0
[  217722ms] not consented
[ 2111672ms] [ERROR] Failed to load resource: net::ERR_NETWORK_CHANGED @ https://core-api.nba.com/cp/api/v1.9/feeds/gamecardfeed?gamedate=05/05/2026&platform=web:0
[ 2629898ms] [ERROR] Failed to load resource: net::ERR_NETWORK_CHANGED @ https://cdn.nba.com/static/json/liveData/odds/odds_todaysGames.json:0
[ 4183744ms] [LOG] JQMIGRATE: Migrate is installed, version 3.4.1 @ https://mediatakeout.com/wp-includes/js/jquery/jquery-migrate.min.js?ver=3.4.1:1
[ 4183763ms] Unexpected token ';'
[ 4183888ms] [WARNING] adgb - not initialized. @ https://cdn.taboola.com/libtrc/mediatakeout-mediatakeout/loader.js:0
[ 4184231ms] [WARNING] [GPT] PubAdsService.getTargeting is deprecated, use googletag.getConfig('targeting') instead.
https://goo.gle/gpt-message#200 @ https://securepubads.g.doubleclick.net/pagead/managed/js/gpt/m202604290101/pubads_impl.js:18
[ 4184236ms] [WARNING] [GPT] Slot.setTargeting is deprecated, use Slot.setConfig({targeting: ...}) instead.
https://goo.gle/gpt-message#171 @ https://securepubads.g.doubleclick.net/pagead/managed/js/gpt/m202604290101/pubads_impl.js:18
[ 4184284ms] [ERROR] Failed to load resource: the server responded with a status of 400 () @ https://ups.analytics.yahoo.com/ups/58404/fed?v=1&1p=0&gdpr=0&gdpr_consent=&us_privacy=&url=https://mediatakeout.com/&pixelId=58404:0
[ 4184471ms] [ERROR] Failed to load resource: the server responded with a status of 400 () @ https://ups.analytics.yahoo.com/ups/58404/fed?v=1&1p=0&gdpr=0&gdpr_consent=&us_privacy=1YNY&url=https://mediatakeout.com/&pixelId=58404&he=ca68b7dbe4ebc49c5fd2d6864f71530fa1afa0d7f27261d3b21446b0f9081848:0
[ 4184803ms] [LOG] Called iframe: ads.pubmatic.com [] 
Number of topics:  0 @ https://ads.pubmatic.com/AdServer/js/topics/topics_frame.html?bidder=pubmatic:19
[ 4185907ms] [ERROR] Failed to load resource: the server responded with a status of 400 () @ https://ups.analytics.yahoo.com/ups/58404/fed?v=1&1p=0&gdpr=0&gdpr_consent=&us_privacy=1YNY&url=https://mediatakeout.com/&pixelId=58404&he=fc7a9264835a24dbf920202e0213126eed57da4b89e6c0752e8ae1a1b133571a:0
[ 4185965ms] [ERROR] Failed to load resource: net::ERR_NAME_NOT_RESOLVED @ https://cs.iqzone.com/1092f8787f1b733028860f25be048027.gif?puid=467e2ef2-ceb4-435a-ba74-2f9491d7c3ad&redir=https%3A%2F%2Fms-cookie-sync.presage.io%2Fuser-sync%3Fiqzone_id%3D%5BUID%5D%26gdpr%3D0%26gdpr_consent%3D&gdpr=0&gdpr_consent=:0
[ 4185965ms] [ERROR] Failed to load resource: net::ERR_NAME_NOT_RESOLVED @ https://cs.iqzone.com/1092f8787f1b733028860f25be048027.gif?puid=418cbdb8-5f04-4357-a01f-4fac96984bb3&redir=https%3A%2F%2Fms-cookie-sync.presage.io%2Fuser-sync%3Fiqzone_id%3D%5BUID%5D%26gdpr%3D0%26gdpr_consent%3D&gdpr=0&gdpr_consent=:0
[ 4185966ms] [ERROR] Failed to load resource: net::ERR_NAME_NOT_RESOLVED @ https://cm-x.mgid.com/5f771db5775920b3ea597ee1392355e9.gif?puid=[UID]&redir=https%3A%2F%2Fs.ad.smaato.net%2Fc%2F%3FdspId%3D1466%26dspCookie%3D%5BUID%5D%26gdpr%3D0%26gdpr_consent%3D&gdpr=0&gdpr_consent=&coppa=[COPPA]&gpp=[GPP]&gpp_sid=[GPP_SID]:0
[ 4186050ms] [ERROR] Failed to load resource: the server responded with a status of 400 () @ https://ups.analytics.yahoo.com/ups/58404/fed?v=1&1p=0&gdpr=0&gdpr_consent=&us_privacy=1YNY&url=https://mediatakeout.com/&pixelId=58404&he=ca68b7dbe4ebc49c5fd2d6864f71530fa1afa0d7f27261d3b21446b0f9081848:0
[ 4186268ms] [ERROR] Failed to load resource: the server responded with a status of 404 (Not Found) @ https://b1sync.zemanta.com/usersync/ogury/?gdpr=0&gdpr_consent=&cb=https%3A%2F%2Fms-cookie-sync.presage.io%2Fuser-sync%3Foutbrain_id%3D__ZUID__:0
[ 4186303ms] [ERROR] Failed to load resource: the server responded with a status of 404 (Not Found) @ https://b1sync.zemanta.com/usersync/ogury/?gdpr=0&gdpr_consent=&cb=https%3A%2F%2Fms-cookie-sync.presage.io%2Fuser-sync%3Foutbrain_id%3D__ZUID__:0
[ 4186558ms] [ERROR] Attestation check for Shared Storage on https://www.googleadservices.com failed. @ https://www.googleadservices.com/pagead/managed/js/activeview/current/reach_worklet.html:0
[ 4186558ms] [ERROR] Attestation check for Shared Storage on https://www.googleadservices.com failed. @ https://www.googleadservices.com/pagead/managed/js/activeview/current/reach_worklet.html:0
[ 4186558ms] [ERROR] Attestation check for Shared Storage on https://www.googleadservices.com failed. @ https://www.googleadservices.com/pagead/managed/js/activeview/current/reach_worklet.html:0
[ 4186726ms] [ERROR] Attestation check for Shared Storage on https://www.googleadservices.com failed. @ https://www.googleadservices.com/pagead/managed/js/activeview/current/reach_worklet.html:0
[ 4186729ms] [ERROR] Attestation check for Shared Storage on https://www.googleadservices.com failed. @ https://www.googleadservices.com/pagead/managed/js/activeview/current/reach_worklet.html:0
[ 4186558ms] [ERROR] Attestation check for Shared Storage on https://www.googleadservices.com failed. @ https://www.googleadservices.com/pagead/managed/js/activeview/current/reach_worklet.html:0
[ 4186726ms] [ERROR] Attestation check for Shared Storage on https://www.googleadservices.com failed. @ https://www.googleadservices.com/pagead/managed/js/activeview/current/reach_worklet.html:0
[ 4186729ms] [ERROR] Attestation check for Shared Storage on https://www.googleadservices.com failed. @ https://www.googleadservices.com/pagead/managed/js/activeview/current/reach_worklet.html:0
[ 4186744ms] [ERROR] Attestation check for Shared Storage on https://www.googleadservices.com failed. @ https://www.googleadservices.com/pagead/managed/js/activeview/current/reach_worklet.html:0
[ 4186805ms] [ERROR] Failed to load resource: net::ERR_NAME_NOT_RESOLVED @ https://cs.lkqd.net/cs?partnerId=59&redirect=https%3A%2F%2Fcm.g.doubleclick.net%2Fpixel%3Fgoogle_nid%3Dlkqd_dbm%26google_hm%3D%24%24rawlkqduserid%7Cbase64%24%24:0
[ 4186805ms] [ERROR] Failed to load resource: net::ERR_NAME_NOT_RESOLVED @ https://cs.lkqd.net/cs?partnerId=59&partnerUserId=CAESEAo3gqeeaOgpo_anrpx5Hyk&gpp=DBABzw~1YNY~BVQqAAAAAgA&gpp_sid=6,7&google_cver=1:0
[ 4187097ms] [ERROR] Attestation check for Attribution Reporting on https://ad.doubleclick.net failed. @ https://mediatakeout.com/:0
[ 4187179ms] [ERROR] Attestation check for Shared Storage on https://securepubads.g.doubleclick.net failed. @ https://imasdk.googleapis.com/js/core/bridge3.761.0_en.html#deid=%22%22&eventfe_experiment_ids=%5B%5D&fid=%22goog_665261627%22&genotype_experiment_data=%7B%22experimentStateProto%22%3A%22%5B%5B%5B45713128%2Cnull%2Cnull%2C%5B%5D%5D%2C%5Bnull%2C745150931%2Cnull%2C%5Bnull%2C1%5D%5D%2C%5Bnull%2C749060184%2Cnull%2C%5Bnull%2C128%5D%5D%2C%5B841585769%2Cnull%2Cnull%2C%5B1%5D%5D%2C%5B45761044%2Cnull%2Cnull%2C%5B%5D%5D%2C%5B45722344%2Cnull%2Cnull%2C%5B%5D%5D%2C%5B45706017%2Cnull%2Cnull%2C%5B1%5D%5D%2C%5B45774999%2Cnull%2Cnull%2C%5B%5D%5D%2C%5B45776042%2Cnull%2Cnull%2C%5B%5D%5D%2C%5B45668885%2Cnull%2Cnull%2C%5B%5D%5D%2C%5B45685340%2Cnull%2Cnull%2C%5B%5D%5D%2C%5B45765927%2Cnull%2Cnull%2C%5B%5D%5D%2C%5B45734716%2Cnull%2Cnull%2C%5B%5D%5D%2C%5B45735891%2Cnull%2Cnull%2C%5B%5D%5D%2C%5B45663239%2Cnull%2Cnull%2C%5B%5D%5D%2C%5B45715032%2Cnull%2Cnull%2C%5B1%5D%5D%2C%5B45661356%2Cnull%2Cnull%2C%5B%5D%5D%2C%5B839547366%2Cnull%2Cnull%2C%5B1%5D%5D%2C%5B45676441%2Cnull%2Cnull%2C%5B%5D%5D%2C%5Bnull%2C45645574%2Cnull%2C%5B%5D%5D%2C%5B45688859%2Cnull%2Cnull%2C%5B%5D%5D%2C%5B45656766%2Cnull%2Cnull%2C%5B%5D%5D%2C%5B45710689%2Cnull%2Cnull%2C%5B%5D%5D%2C%5B45710688%2Cnull%2Cnull%2C%5B1%5D%5D%2C%5B45685601%2Cnull%2Cnull%2C%5B%5D%5D%2C%5Bnull%2C45685602%2Cnull%2C%5Bnull%2C500%5D%5D%2C%5Bnull%2C45767902%2Cnull%2C%5Bnull%2C500%5D%5D%2C%5B45756824%2Cnull%2Cnull%2C%5B%5D%5D%2C%5B45747172%2Cnull%2Cnull%2C%5B%5D%5D%2C%5B775241416%2Cnull%2Cnull%2C%5B%5D%5D%2C%5B781107959%2Cnull%2Cnull%2C%5B%5D%5D%2C%5B781107958%2Cnull%2Cnull%2C%5B%5D%5D%2C%5B792614055%2Cnull%2Cnull%2C%5B%5D%5D%2C%5B781107957%2Cnull%2Cnull%2C%5B%5D%5D%2C%5B45729602%2Cnull%2Cnull%2C%5B%5D%5D%2C%5B45753603%2Cnull%2Cnull%2C%5B%5D%5D%2C%5B45753604%2Cnull%2Cnull%2C%5B%5D%5D%5D%2C%5B%5B16%2C%5B%5B1%2C%5B%5B31089630%5D%2C%5B31089631%2C%5B%5B45668885%2Cnull%2Cnull%2C%5B1%5D%5D%5D%5D%5D%5D%2C%5B10%2C%5B%5B31097690%5D%2C%5B31097691%2C%5B%5B846355750%2Cnull%2Cnull%2C%5B1%5D%5D%5D%5D%5D%5D%2C%5B1000%2C%5B%5B95332046%5D%5D%5D%2C%5Bnull%2C%5B%5B95332047%5D%5D%5D%2C%5B10%2C%5B%5B95338769%2C%5B%5Bnull%2C45645574%2Cnull%2C%5Bnull%2C1%5D%5D%5D%5D%2C%5B95338770%2C%5B%5Bnull%2C45645574%2Cnull%2C%5Bnull%2C2%5D%5D%5D%5D%5D%5D%2C%5B50%2C%5B%5B95345206%5D%2C%5B95345207%2C%5B%5B45661356%2Cnull%2Cnull%2C%5B1%5D%5D%5D%5D%5D%5D%2C%5B1%2C%5B%5B95351425%5D%2C%5B95351426%2C%5B%5B45676441%2Cnull%2Cnull%2C%5B1%5D%5D%5D%5D%5D%5D%2C%5B1%2C%5B%5B95373378%2C%5B%5B792614055%2Cnull%2Cnull%2C%5B1%5D%5D%5D%5D%2C%5B95373379%2C%5B%5B45747172%2Cnull%2Cnull%2C%5B1%5D%5D%2C%5B781107959%2Cnull%2Cnull%2C%5B1%5D%5D%2C%5B792614055%2Cnull%2Cnull%2C%5B1%5D%5D%2C%5B781107957%2Cnull%2Cnull%2C%5B1%5D%5D%5D%5D%5D%5D%2C%5B10%2C%5B%5B95378629%5D%2C%5B95378630%2C%5B%5B45729602%2Cnull%2Cnull%2C%5B1%5D%5D%5D%5D%2C%5B95381582%2C%5B%5B45729602%2Cnull%2Cnull%2C%5B1%5D%5D%2C%5B45753603%2Cnull%2Cnull%2C%5B1%5D%5D%5D%5D%2C%5B95381583%2C%5B%5B45729602%2Cnull%2Cnull%2C%5B1%5D%5D%2C%5B45753604%2Cnull%2Cnull%2C%5B1%5D%5D%5D%5D%5D%5D%2C%5B50%2C%5B%5B95382403%5D%2C%5B95386528%2C%5B%5Bnull%2C45767902%2Cnull%2C%5B%5D%5D%2C%5B45756824%2Cnull%2Cnull%2C%5B1%5D%5D%5D%5D%5D%5D%2C%5B10%2C%5B%5B95385193%5D%2C%5B95385194%2C%5B%5B45765927%2Cnull%2Cnull%2C%5B1%5D%5D%5D%5D%5D%5D%2C%5B100%2C%5B%5B95387816%5D%2C%5B95387817%2C%5B%5B45774999%2Cnull%2Cnull%2C%5B1%5D%5D%5D%5D%5D%5D%2C%5B10%2C%5B%5B95389581%5D%2C%5B95389582%2C%5B%5B635466687%2Cnull%2Cnull%2C%5B1%5D%5D%5D%5D%5D%5D%5D%5D%5D%2Cnull%2Cnull%2C%5Bnull%2C1000%2C1%2C1000%5D%5D%22%7D&imalib_experiments=%5B95388062%2C44809193%2C95322027%2C95331589%2C95332046%5D&is_eap_loader=false&managed_js_experiment_id=0&page_correlator=1480900458284027&pvsid=4236462215390634&top_accessible_page_url=%22https%3A%2F%2Fmediatakeout.com%2F%22:0
[ 4186558ms] [ERROR] Attestation check for Shared Storage on https://www.googleadservices.com failed. @ https://www.googleadservices.com/pagead/managed/js/activeview/current/reach_worklet.html:0
[ 4186726ms] [ERROR] Attestation check for Shared Storage on https://www.googleadservices.com failed. @ https://www.googleadservices.com/pagead/managed/js/activeview/current/reach_worklet.html:0
[ 4186729ms] [ERROR] Attestation check for Shared Storage on https://www.googleadservices.com failed. @ https://www.googleadservices.com/pagead/managed/js/activeview/current/reach_worklet.html:0
[ 4186744ms] [ERROR] Attestation check for Shared Storage on https://www.googleadservices.com failed. @ https://www.googleadservices.com/pagead/managed/js/activeview/current/reach_worklet.html:0
[ 4187222ms] [ERROR] Attestation check for Shared Storage on https://www.googleadservices.com failed. @ https://www.googleadservices.com/pagead/managed/js/activeview/current/reach_worklet.html:0
[ 4187269ms] [ERROR] Attestation check for Attribution Reporting on https://ad.doubleclick.net failed. @ https://mediatakeout.com/:0
[ 4187331ms] [LOG] 2026-05-06T00:16:58.191Z [LOG] {"duration":30,"skippableState":false,"vuInstr":"https://aax-events-cell01-cf.us-east.aps.axp.amazon-adsystem.com/x/px/RFYncpW3Z_6ETz7MuvM0PuwAAAGd-qUcmgEAAAJYBEFhcHNfdHhuX2JpZDEgICBhcHNfdHhuX2ltcDEgICDYlHkm/","adCfid":"584699793363288188","vuParams":{"bidRequestId":"cGVjXZsdFfZNHWrFDbUgRQ","srcName":"CS","creativeId":"593571664104106985","clickDestnUrl":"https://www.disneyplus.com/","evet":"1","tungstenCSMLoggingFrameworkUrl":"tungsten-service.prod.na.adsqtungsten.a9.amazon.dev/csm/","expname":"UNITAG_VIDEO_ROLLOUT_5486","zone":"USEast","sourcetype":"dtb","sourceid":"600","su":"https://aax-events-cell01-cf.us-east.aps.axp.amazon-adsystem.com/x/px/RFYncpW3Z_6ETz7MuvM0PuwAAAGd-qUcmgEAAAJYBEFhcHNfdHhuX2JpZDEgICBhcHNfdHhuX2ltcDEgICDYlHkm/?t=%24%7BAAX_TYPE%7D&p=%24%7BAAX_PAYLOAD%7D&bx=v1_CGrnR1kemOqa0ROndOkf5QLvWl5XWIc6jq59nmLSr5PmA8sTo6wiTcwX5R9FkCCwjaQ9mpNno0fTpn3xczw7WGEb3UfjNqiJThFROBAgFAr6R9gn528mw6s_DxS-YL77H9bSZkul7ZRORRx2ywyDFhodbBtTXJ8sVAg_AvltBkzVn7bo0AhkCQTuYMaxaOaUanMAbcSOz9dRRnJsPJpJZPsDi8yvj5wnCl_QNqJu3QoWpIJu27ukQw0zm0qkyVxJHmb1NOzDuE51gXJDB9JaYDmkUVqKgQjrMfigxZ7DZqIFb0-HxK_cpwipeAfOH6Gx68sd9cVuVo3FuZ7wDsKZIMJQ6dxYcwRr_oQl2YVOL6cF0FFGKHKK8QOMw74qRnvkcSBXsRujrTgylQjZJpS3AmNjZpbZv-RedcQAaBxQpl11Lcx_vh0DQGtm4px4bVImJqfMJOzeoc74dxgODxGev8YRW1CSrgbCOnExJck6-YL1SCgOkczbqmWqNBMRU9LtyYE1k2AfROlJwlrYzgzS6vexdF48WV48Chq9cRTYHubFXwrybl0P6nU8GHPkWUfDStQfs98nSx2ns4txlvk2TXbsGjhJhTJois44gpGCo3gTlaeJ7oMdTxWQjG3tAOzSUwsxVdhugXNjIyGD-yOgaiaXKAaKoGzJ","campaignId":"593905599302185559","expbucket":"T","ep":["ara","vue","forensics","forensics-ntd"],"bidId":"Vidylbdn.oRPPsy68zQ-7A","advertiserId":"1768199101","adId":"584699793363288188","au":"https://aes.us-east.3px.axp.amazon-adsystem.com/x/px?t=${AAX_TYPE}&bi=v1_CGrnR1kemOqa0ROndOkf5QLvWl5XWIc6jq59nmLSr5PmA8sTo6wiTcwX5R9FkCCwjaQ9mpNno0fTpn3xczw7WGEb3UfjNqiJThFROBAgFAr6R9gn528mw6s_DxS-YL77H9bSZkul7ZRORRx2ywyDFhodbBtTXJ8sVAg_AvltBkzVn7bo0AhkCQTuYMaxaOaUanMAbcSOz9dRRnJsPJpJZPsDi8yvj5wnCl_QNqJu3QoWpIJu27ukQw0zm0qkyVxJHmb1NOzDuE51gXJDB9JaYDmkUVqKgQjrMfigxZ7DZqIFb0-HxK_cpwipeAfOH6Gx68sd9cVuVo3FuZ7wDsKZIMJQ6dxYcwRr_oQl2YVOL6cF0FFGKHKK8QOMw74qRnvkcSBXsRujrTgylQjZJpS3AmNjZpbZv-RedcQAaBxQpl11Lcx_vh0DQGtm4px4bVImJqfMJOzeoc74dxgODxGev8YRW1CSrgbCOnExJck6-YL1SCgOkczbqmWqNBMRU9LtyYE1k2AfROlJwlrYzgzS6vexdF48WV48Chq9cRTYHubFXwrybl0P6nU8GHPkWUfDStQfs98nSx2ns4txlvk2TXbsGjhJhTJois44gpGCo3gTlaeJ7oMdTxWQjG3tAOzSUwsxVdhugXNjIyGD-yOgaiaXKAaKoGzJ&c=${AAX_PAYLOAD}","th":8000,"is3p":true,"ntdUrl":"www.btd-cmh.tq-tungsten.com/","traffictype":"site","msrTechnique":"vpaid","pm":{"ev":["au"],"bt":["au"],"ac":["su"],"at":["su"],"av":["su"],"v":["su"],"vp":["su"]},"mediatype":"video","instrUrl":"https://aax-events-cell01-cf.us-east.aps.axp.amazon-adsystem.com/x/px/RFYncpW3Z_6ETz7MuvM0PuwAAAGd-qUcmgEAAAJYBEFhcHNfdHhuX2JpZDEgICBhcHNfdHhuX2ltcDEgICDYlHkm/"},"creativeCfid":"593571664104106985","vastUrl":"https://ad.doubleclick.net/ddm/pfadx/N6344.3360166AAPAMAZON/B31968875.422185972;sz=0x0;dsp_id_0_=33;dsp_campaignid_0_=593905599302185559;dsp_chanid_0_=584699793363288188;dsp_placementid_0_=593571664104106985;dsp_xappb_0_=;dsp_xsId_0_=8,402,961,100,466,691,722;ord=${u.getRandomNumber()};dc_lat=;dc_rdid=;tag_for_child_directed_treatment=;tfua=;dc_tdv=1;dcmt=text/xml;dc_sdk_apis=[APIFRAMEWORKS];dc_omid_p=[OMIDPARTNER];gdpr=0;gdpr_consent=;dc_mpos=[BREAKPOSITION];ltd=","iconsElem":"<Icons> <Icon program=\"adchoices\" width=\"15\" height=\"15\" xPosition=\"left\" yPosition=\"top\"> <StaticResource creativeType=\"image/png\"> https://images-na.ssl-images-amazon.com/images/G/01/da/adchoices.png </StaticResource> <IconClicks> <IconClickThrough> https://www.amazon.com/adprefs/ref=third_party_video_{%creative_cfid} </IconClickThrough> </IconClicks> </Icon> </Icons>","vpaidVersion":"2.0","vu":"https://ts.amazon-adsystem.com/?s=%7B%22sourceid%22%3A%22600%22%2C%22expname%22%3A%22UNITAG_VIDEO_ROLLOUT_5486%22%2C%22expbucket%22%3A%22T%22%2C%22sourcetype%22%3A%22dtb%22%2C%22traffictype%22%3A%22site%22%2C%22msrTechnique%22%3A%22vpaid%22%2C%22mediatype%22%3A%22video%22%7D&p=%7B%22bidRequestId%22%3A%22cGVjXZsdFfZNHWrFDbUgRQ%22%2C%22srcName%22%3A%22CS%22%2C%22su%22%3A%22https%3A%2F%2Faax-events-cell01-cf.us-east.aps.axp.amazon-adsystem.com%2Fx%2Fpx%2FRFYncpW3Z_6ETz7MuvM0PuwAAAGd-qUcmgEAAAJYBEFhcHNfdHhuX2JpZDEgICBhcHNfdHhuX2ltcDEgICDYlHkm%2F%3Ft%3D%2524%257BAAX_TYPE%257D%26p%3D%2524%257BAAX_PAYLOAD%257D%26bx%3Dv1_CGrnR1kemOqa0ROndOkf5QLvWl5XWIc6jq59nmLSr5PmA8sTo6wiTcwX5R9FkCCwjaQ9mpNno0fTpn3xczw7WGEb3UfjNqiJThFROBAgFAr6R9gn528mw6s_DxS-YL77H9bSZkul7ZRORRx2ywyDFhodbBtTXJ8sVAg_AvltBkzVn7bo0AhkCQTuYMaxaOaUanMAbcSOz9dRRnJsPJpJZPsDi8yvj5wnCl_QNqJu3QoWpIJu27ukQw0zm0qkyVxJHmb1NOzDuE51gXJDB9JaYDmkUVqKgQjrMfigxZ7DZqIFb0-HxK_cpwipeAfOH6Gx68sd9cVuVo3FuZ7wDsKZIMJQ6dxYcwRr_oQl2YVOL6cF0FFGKHKK8QOMw74qRnvkcSBXsRujrTgylQjZJpS3AmNjZpbZv-RedcQAaBxQpl11Lcx_vh0DQGtm4px4bVImJqfMJOzeoc74dxgODxGev8YRW1CSrgbCOnExJck6-YL1SCgOkczbqmWqNBMRU9LtyYE1k2AfROlJwlrYzgzS6vexdF48WV48Chq9cRTYHubFXwrybl0P6nU8GHPkWUfDStQfs98nSx2ns4txlvk2TXbsGjhJhTJois44gpGCo3gTlaeJ7oMdTxWQjG3tAOzSUwsxVdhugXNjIyGD-yOgaiaXKAaKoGzJ%22%2C%22campaignId%22%3A%22593905599302185559%22%2C%22ep%22%3A%5B%22ara%22%2C%22vue%22%2C%22forensics%22%2C%22forensics-ntd%22%5D%2C%22creativeId%22%3A%22593571664104106985%22%2C%22bidId%22%3A%22Vidylbdn.oRPPsy68zQ-7A%22%2C%22advertiserId%22%3A%221768199101%22%2C%22clickDestnUrl%22%3A%22https%3A%2F%2Fwww.disneyplus.com%2F%22%2C%22evet%22%3A%221%22%2C%22tungstenCSMLoggingFrameworkUrl%22%3A%22tungsten-service.prod.na.adsqtungsten.a9.amazon.dev%2Fcsm%2F%22%2C%22adId%22%3A%22584699793363288188%22%2C%22au%22%3A%22https%3A%2F%2Faes.us-east.3px.axp.amazon-adsystem.com%2Fx%2Fpx%3Ft%3D%24%7BAAX_TYPE%7D%26bi%3Dv1_CGrnR1kemOqa0ROndOkf5QLvWl5XWIc6jq59nmLSr5PmA8sTo6wiTcwX5R9FkCCwjaQ9mpNno0fTpn3xczw7WGEb3UfjNqiJThFROBAgFAr6R9gn528mw6s_DxS-YL77H9bSZkul7ZRORRx2ywyDFhodbBtTXJ8sVAg_AvltBkzVn7bo0AhkCQTuYMaxaOaUanMAbcSOz9dRRnJsPJpJZPsDi8yvj5wnCl_QNqJu3QoWpIJu27ukQw0zm0qkyVxJHmb1NOzDuE51gXJDB9JaYDmkUVqKgQjrMfigxZ7DZqIFb0-HxK_cpwipeAfOH6Gx68sd9cVuVo3FuZ7wDsKZIMJQ6dxYcwRr_oQl2YVOL6cF0FFGKHKK8QOMw74qRnvkcSBXsRujrTgylQjZJpS3AmNjZpbZv-RedcQAaBxQpl11Lcx_vh0DQGtm4px4bVImJqfMJOzeoc74dxgODxGev8YRW1CSrgbCOnExJck6-YL1SCgOkczbqmWqNBMRU9LtyYE1k2AfROlJwlrYzgzS6vexdF48WV48Chq9cRTYHubFXwrybl0P6nU8GHPkWUfDStQfs98nSx2ns4txlvk2TXbsGjhJhTJois44gpGCo3gTlaeJ7oMdTxWQjG3tAOzSUwsxVdhugXNjIyGD-yOgaiaXKAaKoGzJ%26c%3D%24%7BAAX_PAYLOAD%7D%22%2C%22th%22%3A8000%2C%22zone%22%3A%22USEast%22%2C%22is3p%22%3Atrue%2C%22ntdUrl%22%3A%22www.btd-cmh.tq-tungsten.com%2F%22%2C%22pm%22%3A%7B%22ev%22%3A%5B%22au%22%5D%2C%22bt%22%3A%5B%22au%22%5D%2C%22ac%22%3A%5B%22su%22%5D%2C%22at%22%3A%5B%22su%22%5D%2C%22av%22%3A%5B%22su%22%5D%2C%22v%22%3A%5B%22su%22%5D%2C%22vp%22%3A%5B%22su%22%5D%7D%2C%22instrUrl%22%3A%22https%3A%2F%2Faax-events-cell01-cf.us-east.aps.axp.amazon-adsystem.com%2Fx%2Fpx%2FRFYncpW3Z_6ETz7MuvM0PuwAAAGd-qUcmgEAAAJYBEFhcHNfdHhuX2JpZDEgICBhcHNfdHhuX2ltcDEgICDYlHkm%2F%22%7D"} @ https://c.amazon-adsystem.com/bao-csm/webvideo/3p/amzn_vpaid_wrapper.js:0
[ 4187458ms] [LOG] 2026-05-06T00:16:58.318Z [LOG] [startAd] invoked @ https://c.amazon-adsystem.com/bao-csm/webvideo/3p/amzn_vpaid_wrapper.js:0
[ 4187953ms] [DIR] SyntaxError @ https://js.ad-score.com/score.min.js?pid=1000925&tt=g:1
[ 4188311ms] Failed to read a named property 'addEventListener' from 'Window': Blocked a frame with origin "https://a1339a2be4e764bf812d39d18a652874.safeframe.googlesyndication.com" from accessing a cross-origin frame.
[ 4188443ms] [LOG] 2026-05-06T00:16:59.303Z [LOG] AdVideoStart @ https://c.amazon-adsystem.com/bao-csm/webvideo/3p/amzn_vpaid_wrapper.js:0
[ 4188563ms] Failed to read a named property 'document' from 'Window': Blocked a frame with origin "https://a1339a2be4e764bf812d39d18a652874.safeframe.googlesyndication.com" from accessing a frame with origin "https://mediatakeout.com". Protocols, domains, and ports must match.
[ 4185965ms] [ERROR] Failed to load resource: net::ERR_NAME_NOT_RESOLVED @ https://cs.iqzone.com/1092f8787f1b733028860f25be048027.gif?puid=467e2ef2-ceb4-435a-ba74-2f9491d7c3ad&redir=https%3A%2F%2Fms-cookie-sync.presage.io%2Fuser-sync%3Fiqzone_id%3D%5BUID%5D%26gdpr%3D0%26gdpr_consent%3D&gdpr=0&gdpr_consent=:0
[ 4185965ms] [ERROR] Failed to load resource: net::ERR_NAME_NOT_RESOLVED @ https://cs.iqzone.com/1092f8787f1b733028860f25be048027.gif?puid=418cbdb8-5f04-4357-a01f-4fac96984bb3&redir=https%3A%2F%2Fms-cookie-sync.presage.io%2Fuser-sync%3Fiqzone_id%3D%5BUID%5D%26gdpr%3D0%26gdpr_consent%3D&gdpr=0&gdpr_consent=:0
[ 4186268ms] [ERROR] Failed to load resource: the server responded with a status of 404 (Not Found) @ https://b1sync.zemanta.com/usersync/ogury/?gdpr=0&gdpr_consent=&cb=https%3A%2F%2Fms-cookie-sync.presage.io%2Fuser-sync%3Foutbrain_id%3D__ZUID__:0
[ 4186303ms] [ERROR] Failed to load resource: the server responded with a status of 404 (Not Found) @ https://b1sync.zemanta.com/usersync/ogury/?gdpr=0&gdpr_consent=&cb=https%3A%2F%2Fms-cookie-sync.presage.io%2Fuser-sync%3Foutbrain_id%3D__ZUID__:0
[ 4185965ms] [ERROR] Failed to load resource: net::ERR_NAME_NOT_RESOLVED @ https://cs.iqzone.com/1092f8787f1b733028860f25be048027.gif?puid=467e2ef2-ceb4-435a-ba74-2f9491d7c3ad&redir=https%3A%2F%2Fms-cookie-sync.presage.io%2Fuser-sync%3Fiqzone_id%3D%5BUID%5D%26gdpr%3D0%26gdpr_consent%3D&gdpr=0&gdpr_consent=:0
[ 4185965ms] [ERROR] Failed to load resource: net::ERR_NAME_NOT_RESOLVED @ https://cs.iqzone.com/1092f8787f1b733028860f25be048027.gif?puid=418cbdb8-5f04-4357-a01f-4fac96984bb3&redir=https%3A%2F%2Fms-cookie-sync.presage.io%2Fuser-sync%3Fiqzone_id%3D%5BUID%5D%26gdpr%3D0%26gdpr_consent%3D&gdpr=0&gdpr_consent=:0
[ 4186268ms] [ERROR] Failed to load resource: the server responded with a status of 404 (Not Found) @ https://b1sync.zemanta.com/usersync/ogury/?gdpr=0&gdpr_consent=&cb=https%3A%2F%2Fms-cookie-sync.presage.io%2Fuser-sync%3Foutbrain_id%3D__ZUID__:0
[ 4186303ms] [ERROR] Failed to load resource: the server responded with a status of 404 (Not Found) @ https://b1sync.zemanta.com/usersync/ogury/?gdpr=0&gdpr_consent=&cb=https%3A%2F%2Fms-cookie-sync.presage.io%2Fuser-sync%3Foutbrain_id%3D__ZUID__:0
[ 4189896ms] [ERROR] Attestation check for Shared Storage on https://ara.paa-reporting-advertising.amazon failed. @ https://mediatakeout.com/:0
[ 4190789ms] [ERROR] Access to fetch at 'https://ara.paa-reporting-advertising.amazon/register-source?eventType=view&lineId=579910962181063366&advertiserId=589349795257385204&bidId=1VxezXgby5lSUWq.k4DxDA&campaignId=584248624047881930&destination=https%3A%2F%2Fwww.amazon.com&creativeId=585158326185462059&is3p=true&sourceName=CS' from origin 'null' has been blocked by CORS policy: The value of the 'Access-Control-Allow-Origin' header in the response must not be the wildcard '*' when the request's credentials mode is 'include'. @ about:srcdoc:0
[ 4190789ms] [ERROR] Failed to load resource: net::ERR_FAILED @ https://ara.paa-reporting-advertising.amazon/register-source?eventType=view&lineId=579910962181063366&advertiserId=589349795257385204&bidId=1VxezXgby5lSUWq.k4DxDA&campaignId=584248624047881930&destination=https%3A%2F%2Fwww.amazon.com&creativeId=585158326185462059&is3p=true&sourceName=CS:0
[ 4191264ms] [ERROR] Failed to load resource: the server responded with a status of 403 () @ https://c1.adform.net/serving/cookie/match?party=1276:0
[ 4191340ms] [ERROR] Failed to load resource: the server responded with a status of 417 (Expectation Failed) @ https://t.adx.opera.com/pub/sync?pubid=pub11511909236288:0
[ 4186558ms] [ERROR] Attestation check for Shared Storage on https://www.googleadservices.com failed. @ https://www.googleadservices.com/pagead/managed/js/activeview/current/reach_worklet.html:0
[ 4186726ms] [ERROR] Attestation check for Shared Storage on https://www.googleadservices.com failed. @ https://www.googleadservices.com/pagead/managed/js/activeview/current/reach_worklet.html:0
[ 4186729ms] [ERROR] Attestation check for Shared Storage on https://www.googleadservices.com failed. @ https://www.googleadservices.com/pagead/managed/js/activeview/current/reach_worklet.html:0
[ 4186744ms] [ERROR] Attestation check for Shared Storage on https://www.googleadservices.com failed. @ https://www.googleadservices.com/pagead/managed/js/activeview/current/reach_worklet.html:0
[ 4187222ms] [ERROR] Attestation check for Shared Storage on https://www.googleadservices.com failed. @ https://www.googleadservices.com/pagead/managed/js/activeview/current/reach_worklet.html:0
[ 4186558ms] [ERROR] Attestation check for Shared Storage on https://www.googleadservices.com failed. @ https://www.googleadservices.com/pagead/managed/js/activeview/current/reach_worklet.html:0
[ 4186726ms] [ERROR] Attestation check for Shared Storage on https://www.googleadservices.com failed. @ https://www.googleadservices.com/pagead/managed/js/activeview/current/reach_worklet.html:0
[ 4186729ms] [ERROR] Attestation check for Shared Storage on https://www.googleadservices.com failed. @ https://www.googleadservices.com/pagead/managed/js/activeview/current/reach_worklet.html:0
[ 4186744ms] [ERROR] Attestation check for Shared Storage on https://www.googleadservices.com failed. @ https://www.googleadservices.com/pagead/managed/js/activeview/current/reach_worklet.html:0
[ 4187222ms] [ERROR] Attestation check for Shared Storage on https://www.googleadservices.com failed. @ https://www.googleadservices.com/pagead/managed/js/activeview/current/reach_worklet.html:0
[ 4186805ms] [ERROR] Failed to load resource: net::ERR_NAME_NOT_RESOLVED @ https://cs.lkqd.net/cs?partnerId=59&redirect=https%3A%2F%2Fcm.g.doubleclick.net%2Fpixel%3Fgoogle_nid%3Dlkqd_dbm%26google_hm%3D%24%24rawlkqduserid%7Cbase64%24%24:0
[ 4186805ms] [ERROR] Failed to load resource: net::ERR_NAME_NOT_RESOLVED @ https://cs.lkqd.net/cs?partnerId=59&partnerUserId=CAESEAo3gqeeaOgpo_anrpx5Hyk&gpp=DBABzw~1YNY~BVQqAAAAAgA&gpp_sid=6,7&google_cver=1:0
[ 4195706ms] [ERROR] Attestation check for Shared Storage on https://www.googleadservices.com failed. @ https://www.googleadservices.com/pagead/managed/js/activeview/current/reach_worklet.html:0
[ 4195707ms] [ERROR] Attestation check for Shared Storage on https://www.googleadservices.com failed. @ https://www.googleadservices.com/pagead/managed/js/activeview/current/reach_worklet.html:0
[ 4195879ms] [LOG] 2026-05-06T00:17:06.740Z [LOG] AdVideoFirstQuartile @ https://c.amazon-adsystem.com/bao-csm/webvideo/3p/amzn_vpaid_wrapper.js:0
[ 4195898ms] [DIR] SyntaxError @ https://js.ad-score.com/score.min.js?pid=1000925&tt=g:1
[ 4196847ms] Failed to read a named property 'document' from 'Window': Blocked a frame with origin "https://a1339a2be4e764bf812d39d18a652874.safeframe.googlesyndication.com" from accessing a frame with origin "https://mediatakeout.com". Protocols, domains, and ports must match.
[ 4198955ms] Failed to read a named property 'addEventListener' from 'Window': Blocked a frame with origin "https://a1339a2be4e764bf812d39d18a652874.safeframe.googlesyndication.com" from accessing a cross-origin frame.
[ 4203318ms] [LOG] 2026-05-06T00:17:14.179Z [LOG] AdVideoMidpoint @ https://c.amazon-adsystem.com/bao-csm/webvideo/3p/amzn_vpaid_wrapper.js:0
[ 4210174ms] [ERROR] TypeError: Failed to fetch
    at fe.fetchRequest (https://ads.adthrive.com/builds/core/b39b659/es2018/js/adthrive.min.js?deployment=2026-05-05-09:rpsc-822:b39b659:4&bucket=flex-14&deliveryFeatures=additiveRaptiveFloors,altsdm,altv2,amazonBetaApstag,cfbd,consentManagerCMP,cv2,ddbd,dlc,es2021,hb_crid,hbd,i262,ld,nvc,ok,pbis,raptiveFloors,raptiveManualCookieSync,recencyFrequency,reissuingSticky,removeAdHost,rpbsecs,rpr,rrassf,stickyBucketsLocalStorage,stickyV2,switzerlandGdpr,trafficShaping,usdk,prebidLoad,gptLoad,amazonLoad,ttdSync&siteid=673bb9af6038737af8850b11:3:63012)
    at fe.fetchRequest (https://ads.adthrive.com/builds/core/b39b659/es2018/js/adthrive.min.js?deployment=2026-05-05-09:rpsc-822:b39b659:4&bucket=flex-14&deliveryFeatures=additiveRaptiveFloors,altsdm,altv2,amazonBetaApstag,cfbd,consentManagerCMP,cv2,ddbd,dlc,es2021,hb_crid,hbd,i262,ld,nvc,ok,pbis,raptiveFloors,raptiveManualCookieSync,recencyFrequency,reissuingSticky,removeAdHost,rpbsecs,rpr,rrassf,stickyBucketsLocalStorage,stickyV2,switzerlandGdpr,trafficShaping,usdk,prebidLoad,gptLoad,amazonLoad,ttdSync&siteid=673bb9af6038737af8850b11:3:62952)
    at fe.makeRequest (https://ads.adthrive.com/builds/core/b39b659/es2018/js/adthrive.min.js?deployment=2026-05-05-09:rpsc-822:b39b659:4&bucket=flex-14&deliveryFeatures=additiveRaptiveFloors,altsdm,altv2,amazonBetaApstag,cfbd,consentManagerCMP,cv2,ddbd,dlc,es2021,hb_crid,hbd,i262,ld,nvc,ok,pbis,raptiveFloors,raptiveManualCookieSync,recencyFrequency,reissuingSticky,removeAdHost,rpbsecs,rpr,rrassf,stickyBucketsLocalStorage,stickyV2,switzerlandGdpr,trafficShaping,usdk,prebidLoad,gptLoad,amazonLoad,ttdSync&siteid=673bb9af6038737af8850b11:3:61547)
    at fe.fetchEvent (https://ads.adthrive.com/builds/core/b39b659/es2018/js/adthrive.min.js?deployment=2026-05-05-09:rpsc-822:b39b659:4&bucket=flex-14&deliveryFeatures=additiveRaptiveFloors,altsdm,altv2,amazonBetaApstag,cfbd,consentManagerCMP,cv2,ddbd,dlc,es2021,hb_crid,hbd,i262,ld,nvc,ok,pbis,raptiveFloors,raptiveManualCookieSync,recencyFrequency,reissuingSticky,removeAdHost,rpbsecs,rpr,rrassf,stickyBucketsLocalStorage,stickyV2,switzerlandGdpr,trafficShaping,usdk,prebidLoad,gptLoad,amazonLoad,ttdSync&siteid=673bb9af6038737af8850b11:3:59017)
    at z.logWebVitals (https://ads.adthrive.com/builds/core/b39b659/es2018/js/adthrive.min.js?deployment=2026-05-05-09:rpsc-822:b39b659:4&bucket=flex-14&deliveryFeatures=additiveRaptiveFloors,altsdm,altv2,amazonBetaApstag,cfbd,consentManagerCMP,cv2,ddbd,dlc,es2021,hb_crid,hbd,i262,ld,nvc,ok,pbis,raptiveFloors,raptiveManualCookieSync,recencyFrequency,reissuingSticky,removeAdHost,rpbsecs,rpr,rrassf,stickyBucketsLocalStorage,stickyV2,switzerlandGdpr,trafficShaping,usdk,prebidLoad,gptLoad,amazonLoad,ttdSync&siteid=673bb9af6038737af8850b11:437:134371)
    at z.<anonymous> (https://ads.adthrive.com/builds/core/b39b659/es2018/js/adthrive.min.js?deployment=2026-05-05-09:rpsc-822:b39b659:4&bucket=flex-14&deliveryFeatures=additiveRaptiveFloors,altsdm,altv2,amazonBetaApstag,cfbd,consentManagerCMP,cv2,ddbd,dlc,es2021,hb_crid,hbd,i262,ld,nvc,ok,pbis,raptiveFloors,raptiveManualCookieSync,recencyFrequency,reissuingSticky,removeAdHost,rpbsecs,rpr,rrassf,stickyBucketsLocalStorage,stickyV2,switzerlandGdpr,trafficShaping,usdk,prebidLoad,gptLoad,amazonLoad,ttdSync&siteid=673bb9af6038737af8850b11:3:49348)
    at document.addEventListener.once (https://ads.adthrive.com/builds/core/b39b659/es2018/js/adthrive.min.js?deployment=2026-05-05-09:rpsc-822:b39b659:4&bucket=flex-14&deliveryFeatures=additiveRaptiveFloors,altsdm,altv2,amazonBetaApstag,cfbd,consentManagerCMP,cv2,ddbd,dlc,es2021,hb_crid,hbd,i262,ld,nvc,ok,pbis,raptiveFloors,raptiveManualCookieSync,recencyFrequency,reissuingSticky,removeAdHost,rpbsecs,rpr,rrassf,stickyBucketsLocalStorage,stickyV2,switzerlandGdpr,trafficShaping,usdk,prebidLoad,gptLoad,amazonLoad,ttdSync&siteid=673bb9af6038737af8850b11:437:133612) @ https://ads.adthrive.com/builds/core/b39b659/es2018/js/adthrive.min.js?deployment=2026-05-05-09:rpsc-822:b39b659:4&bucket=flex-14&deliveryFeatures=additiveRaptiveFloors,altsdm,altv2,amazonBetaApstag,cfbd,consentManagerCMP,cv2,ddbd,dlc,es2021,hb_crid,hbd,i262,ld,nvc,ok,pbis,raptiveFloors,raptiveManualCookieSync,recencyFrequency,reissuingSticky,removeAdHost,rpbsecs,rpr,rrassf,stickyBucketsLocalStorage,stickyV2,switzerlandGdpr,trafficShaping,usdk,prebidLoad,gptLoad,amazonLoad,ttdSync&siteid=673bb9af6038737af8850b11:2
[ 4210205ms] [LOG] JQMIGRATE: Migrate is installed, version 3.4.1 @ https://mediatakeout.com/wp-includes/js/jquery/jquery-migrate.min.js?ver=3.4.1:1
[ 4210301ms] [WARNING] adgb - not initialized. @ https://cdn.taboola.com/libtrc/mediatakeout-mediatakeout/loader.js:0
[ 4210369ms] Unexpected token ';'
[ 4210796ms] [WARNING] [GPT] PubAdsService.getTargeting is deprecated, use googletag.getConfig('targeting') instead.
https://goo.gle/gpt-message#200 @ https://securepubads.g.doubleclick.net/pagead/managed/js/gpt/m202604290101/pubads_impl.js:18
[ 4210800ms] [WARNING] [GPT] Slot.setTargeting is deprecated, use Slot.setConfig({targeting: ...}) instead.
https://goo.gle/gpt-message#171 @ https://securepubads.g.doubleclick.net/pagead/managed/js/gpt/m202604290101/pubads_impl.js:18
[ 4210903ms] [ERROR] Failed to load resource: the server responded with a status of 400 () @ https://ups.analytics.yahoo.com/ups/58404/fed?v=1&1p=0&gdpr=0&gdpr_consent=&us_privacy=&url=https://mediatakeout.com/beyonce-previews-rock-look-in-tina-turner-thunderdome-outfit/&pixelId=58404&puid=cad246a8-153e-421d-80e2-40e38fa09335:0
[ 4211070ms] [ERROR] Failed to load resource: the server responded with a status of 400 () @ https://ups.analytics.yahoo.com/ups/58404/fed?v=1&1p=0&gdpr=0&gdpr_consent=&us_privacy=&url=https://mediatakeout.com/beyonce-previews-rock-look-in-tina-turner-thunderdome-outfit/&pixelId=58404&he=ca68b7dbe4ebc49c5fd2d6864f71530fa1afa0d7f27261d3b21446b0f9081848&puid=cad246a8-153e-421d-80e2-40e38fa09335:0
[ 4211410ms] [WARNING] Placements With no Content: Below Article Thumbnails | Card 5 @ https://cdn.taboola.com/libtrc/mediatakeout-mediatakeout/loader.js:0
[ 4211411ms] [WARNING] Placements With no Content: Below Article Thumbnails | Card 5 @ https://cdn.taboola.com/libtrc/mediatakeout-mediatakeout/loader.js:0
[ 4211587ms] [LOG] Called iframe: ads.pubmatic.com [] 
Number of topics:  0 @ https://ads.pubmatic.com/AdServer/js/topics/topics_frame.html?bidder=pubmatic:19
[ 4211590ms] [WARNING] Placements With no Content: Below Article Thumbnails | Lazy Injected 1 @ https://cdn.taboola.com/libtrc/mediatakeout-mediatakeout/loader.js:0
[ 4211590ms] [WARNING] Placements With no Content: Below Article Thumbnails | Lazy Injected 1 @ https://cdn.taboola.com/libtrc/mediatakeout-mediatakeout/loader.js:0
[ 4211605ms] [INFO] Loading the script 'https://www.gstatic.com/_/mss/boq-identity/_/js/k=boq-identity.IdpIFrameHttp.en_US.cX2zh7FsMoc.2018.O/am=BBA4/d=1/rs=AOaEmlFQaRfhLodXlaDbhpCmOw5twMK1hg/m=base' violates the following Content Security Policy directive: "script-src 'unsafe-inline' 'unsafe-eval' blob: data:". Note that 'script-src-elem' was not explicitly set, so 'script-src' is used as a fallback. The policy is report-only, so the violation has been logged but no further action has been taken. @ https://accounts.google.com/o/oauth2/iframe#origin=https%3A%2F%2Fdisqus.com&rpcToken=649422860.3532721&clearCache=1&supportBlocked3PCookies=1:0
[ 4211644ms] [ERROR] Failed to load resource: the server responded with a status of 400 () @ https://accounts.google.com/_/IdpIFrameHttp/cspreport/fine-allowlist:0
[ 4211695ms] [WARNING] Your client application uses libraries for user authentication or authorization that are deprecated. See the [Migration Guide](https://developers.google.com/identity/gsi/web/guides/gis-migration) for more information. @ https://c.disquscdn.com/next/embed/common.bundle.b55d27c570b9a1d7c55230a121a02945.js:6
[ 4211800ms] [ERROR] Access to XMLHttpRequest at 'https://links.services.disqus.com/api/ping' from origin 'https://mediatakeout.com' has been blocked by CORS policy: No 'Access-Control-Allow-Origin' header is present on the requested resource. @ https://mediatakeout.com/beyonce-previews-rock-look-in-tina-turner-thunderdome-outfit/:0
[ 4211800ms] [ERROR] Failed to load resource: net::ERR_FAILED @ https://links.services.disqus.com/api/ping:0
[ 4211801ms] [ERROR] Access to XMLHttpRequest at 'https://hbopenbid.pubmatic.com/translator?source=prebid-client' from origin 'https://mediatakeout.com' has been blocked by CORS policy: No 'Access-Control-Allow-Origin' header is present on the requested resource. @ https://mediatakeout.com/beyonce-previews-rock-look-in-tina-turner-thunderdome-outfit/:0
[ 4211801ms] [ERROR] Failed to load resource: net::ERR_FAILED @ https://hbopenbid.pubmatic.com/translator?source=prebid-client:0
[ 4212688ms] [ERROR] Attestation check for Shared Storage on https://www.googleadservices.com failed. @ https://www.googleadservices.com/pagead/managed/js/activeview/current/reach_worklet.html:0
[ 4213116ms] [ERROR] Attestation check for Attribution Reporting on https://ad.doubleclick.net failed. @ https://mediatakeout.com/beyonce-previews-rock-look-in-tina-turner-thunderdome-outfit/:0
[ 4212688ms] [ERROR] Attestation check for Shared Storage on https://www.googleadservices.com failed. @ https://www.googleadservices.com/pagead/managed/js/activeview/current/reach_worklet.html:0
[ 4213135ms] [ERROR] Attestation check for Shared Storage on https://www.googleadservices.com failed. @ https://www.googleadservices.com/pagead/managed/js/activeview/current/reach_worklet.html:0
[ 4213149ms] [ERROR] Attestation check for Shared Storage on https://securepubads.g.doubleclick.net failed. @ https://imasdk.googleapis.com/js/core/bridge3.761.0_en.html#deid=%22%22&eventfe_experiment_ids=%5B%5D&fid=%22goog_1197953047%22&genotype_experiment_data=%7B%22experimentStateProto%22%3A%22%5B%5B%5B45713128%2Cnull%2Cnull%2C%5B%5D%5D%2C%5Bnull%2C745150931%2Cnull%2C%5Bnull%2C1%5D%5D%2C%5Bnull%2C749060184%2Cnull%2C%5Bnull%2C128%5D%5D%2C%5B841585769%2Cnull%2Cnull%2C%5B1%5D%5D%2C%5B45761044%2Cnull%2Cnull%2C%5B%5D%5D%2C%5B45722344%2Cnull%2Cnull%2C%5B%5D%5D%2C%5B45706017%2Cnull%2Cnull%2C%5B1%5D%5D%2C%5B45774999%2Cnull%2Cnull%2C%5B%5D%5D%2C%5B45776042%2Cnull%2Cnull%2C%5B%5D%5D%2C%5B45668885%2Cnull%2Cnull%2C%5B%5D%5D%2C%5B45685340%2Cnull%2Cnull%2C%5B%5D%5D%2C%5B45765927%2Cnull%2Cnull%2C%5B%5D%5D%2C%5B45734716%2Cnull%2Cnull%2C%5B%5D%5D%2C%5B45735891%2Cnull%2Cnull%2C%5B%5D%5D%2C%5B45663239%2Cnull%2Cnull%2C%5B%5D%5D%2C%5B45715032%2Cnull%2Cnull%2C%5B1%5D%5D%2C%5B45661356%2Cnull%2Cnull%2C%5B%5D%5D%2C%5B839547366%2Cnull%2Cnull%2C%5B1%5D%5D%2C%5B45676441%2Cnull%2Cnull%2C%5B%5D%5D%2C%5Bnull%2C45645574%2Cnull%2C%5B%5D%5D%2C%5B45688859%2Cnull%2Cnull%2C%5B%5D%5D%2C%5B45656766%2Cnull%2Cnull%2C%5B%5D%5D%2C%5B45710689%2Cnull%2Cnull%2C%5B%5D%5D%2C%5B45710688%2Cnull%2Cnull%2C%5B1%5D%5D%2C%5B45685601%2Cnull%2Cnull%2C%5B%5D%5D%2C%5Bnull%2C45685602%2Cnull%2C%5Bnull%2C500%5D%5D%2C%5Bnull%2C45767902%2Cnull%2C%5Bnull%2C500%5D%5D%2C%5B45756824%2Cnull%2Cnull%2C%5B%5D%5D%2C%5B45747172%2Cnull%2Cnull%2C%5B%5D%5D%2C%5B775241416%2Cnull%2Cnull%2C%5B%5D%5D%2C%5B781107959%2Cnull%2Cnull%2C%5B%5D%5D%2C%5B781107958%2Cnull%2Cnull%2C%5B%5D%5D%2C%5B792614055%2Cnull%2Cnull%2C%5B%5D%5D%2C%5B781107957%2Cnull%2Cnull%2C%5B%5D%5D%2C%5B45729602%2Cnull%2Cnull%2C%5B%5D%5D%2C%5B45753603%2Cnull%2Cnull%2C%5B%5D%5D%2C%5B45753604%2Cnull%2Cnull%2C%5B%5D%5D%5D%2C%5B%5B16%2C%5B%5B1%2C%5B%5B31089630%5D%2C%5B31089631%2C%5B%5B45668885%2Cnull%2Cnull%2C%5B1%5D%5D%5D%5D%5D%5D%2C%5B10%2C%5B%5B31097690%5D%2C%5B31097691%2C%5B%5B846355750%2Cnull%2Cnull%2C%5B1%5D%5D%5D%5D%5D%5D%2C%5B1000%2C%5B%5B95332046%5D%5D%5D%2C%5Bnull%2C%5B%5B95332047%5D%5D%5D%2C%5B10%2C%5B%5B95338769%2C%5B%5Bnull%2C45645574%2Cnull%2C%5Bnull%2C1%5D%5D%5D%5D%2C%5B95338770%2C%5B%5Bnull%2C45645574%2Cnull%2C%5Bnull%2C2%5D%5D%5D%5D%5D%5D%2C%5B50%2C%5B%5B95345206%5D%2C%5B95345207%2C%5B%5B45661356%2Cnull%2Cnull%2C%5B1%5D%5D%5D%5D%5D%5D%2C%5B1%2C%5B%5B95351425%5D%2C%5B95351426%2C%5B%5B45676441%2Cnull%2Cnull%2C%5B1%5D%5D%5D%5D%5D%5D%2C%5B1%2C%5B%5B95373378%2C%5B%5B792614055%2Cnull%2Cnull%2C%5B1%5D%5D%5D%5D%2C%5B95373379%2C%5B%5B45747172%2Cnull%2Cnull%2C%5B1%5D%5D%2C%5B781107959%2Cnull%2Cnull%2C%5B1%5D%5D%2C%5B792614055%2Cnull%2Cnull%2C%5B1%5D%5D%2C%5B781107957%2Cnull%2Cnull%2C%5B1%5D%5D%5D%5D%5D%5D%2C%5B10%2C%5B%5B95378629%5D%2C%5B95378630%2C%5B%5B45729602%2Cnull%2Cnull%2C%5B1%5D%5D%5D%5D%2C%5B95381582%2C%5B%5B45729602%2Cnull%2Cnull%2C%5B1%5D%5D%2C%5B45753603%2Cnull%2Cnull%2C%5B1%5D%5D%5D%5D%2C%5B95381583%2C%5B%5B45729602%2Cnull%2Cnull%2C%5B1%5D%5D%2C%5B45753604%2Cnull%2Cnull%2C%5B1%5D%5D%5D%5D%5D%5D%2C%5B50%2C%5B%5B95382403%5D%2C%5B95386528%2C%5B%5Bnull%2C45767902%2Cnull%2C%5B%5D%5D%2C%5B45756824%2Cnull%2Cnull%2C%5B1%5D%5D%5D%5D%5D%5D%2C%5B10%2C%5B%5B95385193%5D%2C%5B95385194%2C%5B%5B45765927%2Cnull%2Cnull%2C%5B1%5D%5D%5D%5D%5D%5D%2C%5B100%2C%5B%5B95387816%5D%2C%5B95387817%2C%5B%5B45774999%2Cnull%2Cnull%2C%5B1%5D%5D%5D%5D%5D%5D%2C%5B10%2C%5B%5B95389581%5D%2C%5B95389582%2C%5B%5B635466687%2Cnull%2Cnull%2C%5B1%5D%5D%5D%5D%5D%5D%5D%5D%5D%2Cnull%2Cnull%2C%5Bnull%2C1000%2C1%2C1000%5D%5D%22%7D&imalib_experiments=%5B95322027%2C95331589%2C95332046%5D&is_eap_loader=false&managed_js_experiment_id=0&page_correlator=437512398211409&pvsid=5240618953945956&top_accessible_page_url=%22https%3A%2F%2Fmediatakeout.com%2Fbeyonce-previews-rock-look-in-tina-turner-thunderdome-outfit%2F%22:0
[ 4213222ms] [LOG] 2026-05-06T00:17:24.082Z [LOG] {"duration":30,"skippableState":false,"vuInstr":"https://aax-events-cell01-cf.us-east.aps.axp.amazon-adsystem.com/x/px/RBMCy-uKW5awBaYpTCssDCcAAAGd-qWCCwEAAAJYBEFhcHNfdHhuX2JpZDEgICBhcHNfdHhuX2ltcDEgICDaHOuZ/","adCfid":"590892856984824403","vuParams":{"bidRequestId":"2NBFOKvadjRGyApRe70.GQ","srcName":"CS","creativeId":"581008288435045247","clickDestnUrl":"https://www.disneyplus.com/","evet":"1","tungstenCSMLoggingFrameworkUrl":"tungsten-service.prod.na.adsqtungsten.a9.amazon.dev/csm/","expname":"UNITAG_VIDEO_ROLLOUT_5486","zone":"USEast","sourcetype":"dtb","sourceid":"600","su":"https://aax-events-cell01-cf.us-east.aps.axp.amazon-adsystem.com/x/px/RBMCy-uKW5awBaYpTCssDCcAAAGd-qWCCwEAAAJYBEFhcHNfdHhuX2JpZDEgICBhcHNfdHhuX2ltcDEgICDaHOuZ/?t=%24%7BAAX_TYPE%7D&p=%24%7BAAX_PAYLOAD%7D&bx=v1_CGrnRwgXjMaNwBaiVuUX7DP5WEp2DeJzm659nmLSr5OnVMoTo6wiQswX5QxbuBXq27Ax2I50tWfJswaCcBpbJVcb3UfjNqiJThBVNhArGwb_TdYg7WUqxqM0DxS-Ybz-GN_WaEeg7pVPQR99xw6DFhocaxRQXp4kWA0-CPptBkrQlbbo0AhkCQTuYMaxaOaUanMAbcSOz9dRRnJsPJpJZPsDi8yvj5wnCl_QNqJu3QoWpIJu27ukQw0zm0qkyVxJHmb1NOzDuE51gXJDB9JaYDmkUVyCqRLXA8-MquvfZqIFAxmG-oObpk2pfzHOH6Gx660I9cJvFs3_y5vGDsKZIMJQ6dxYcwRr_oQl2YVOL6cF0FFGKHKK8QOMw74qRnvkcSBXsRujrTgylQjZJpS3AmNjZpbZv-RAXNAcMklAoQB1OMx_vjJaA3hmuK8jXlUAJqfEPIzapvGsfTBKDxGev8YRW1CSrgbDOnExJck6-oPwTCQOns3YqWWtMRUcUdHj55A0kFgZQfVT2EbE0B6-BlP8LVxvfWgkAgmucxLVbofeXHbySV9UzlsMLEbYVEzoZ9k9sIJBWgmnsZNrkvJNeCXqGTtxiDsn4tkvpa2WpFgjlaeJ7qU7JDuehGnsLcbgYmwhQ4KeSLEXEtt3icLaBmNeYrhERh4","campaignId":"584637415618285303","expbucket":"T","ep":["ara","vue","forensics","forensics-ntd"],"bidId":"EwLL64pblrAFpilMKywMJw","advertiserId":"1768199101","adId":"590892856984824403","au":"https://aes.us-east.3px.axp.amazon-adsystem.com/x/px?t=${AAX_TYPE}&bi=v1_CGrnRwgXjMaNwBaiVuUX7DP5WEp2DeJzm659nmLSr5OnVMoTo6wiQswX5QxbuBXq27Ax2I50tWfJswaCcBpbJVcb3UfjNqiJThBVNhArGwb_TdYg7WUqxqM0DxS-Ybz-GN_WaEeg7pVPQR99xw6DFhocaxRQXp4kWA0-CPptBkrQlbbo0AhkCQTuYMaxaOaUanMAbcSOz9dRRnJsPJpJZPsDi8yvj5wnCl_QNqJu3QoWpIJu27ukQw0zm0qkyVxJHmb1NOzDuE51gXJDB9JaYDmkUVyCqRLXA8-MquvfZqIFAxmG-oObpk2pfzHOH6Gx660I9cJvFs3_y5vGDsKZIMJQ6dxYcwRr_oQl2YVOL6cF0FFGKHKK8QOMw74qRnvkcSBXsRujrTgylQjZJpS3AmNjZpbZv-RAXNAcMklAoQB1OMx_vjJaA3hmuK8jXlUAJqfEPIzapvGsfTBKDxGev8YRW1CSrgbDOnExJck6-oPwTCQOns3YqWWtMRUcUdHj55A0kFgZQfVT2EbE0B6-BlP8LVxvfWgkAgmucxLVbofeXHbySV9UzlsMLEbYVEzoZ9k9sIJBWgmnsZNrkvJNeCXqGTtxiDsn4tkvpa2WpFgjlaeJ7qU7JDuehGnsLcbgYmwhQ4KeSLEXEtt3icLaBmNeYrhERh4&c=${AAX_PAYLOAD}","th":8000,"is3p":true,"ntdUrl":"www.btd-cmh.tq-tungsten.com/","traffictype":"site","msrTechnique":"vpaid","pm":{"ev":["au"],"bt":["au"],"ac":["su"],"at":["su"],"av":["su"],"v":["su"],"vp":["su"]},"mediatype":"video","instrUrl":"https://aax-events-cell01-cf.us-east.aps.axp.amazon-adsystem.com/x/px/RBMCy-uKW5awBaYpTCssDCcAAAGd-qWCCwEAAAJYBEFhcHNfdHhuX2JpZDEgICBhcHNfdHhuX2ltcDEgICDaHOuZ/"},"creativeCfid":"581008288435045247","vastUrl":"https://ad.doubleclick.net/ddm/pfadx/N6344.3360166AAPAMAZON/B32055456.439944614;sz=0x0;dsp_campaignid_0_=584637415618285303;dsp_chanid_0_=590892856984824403;dsp_id_0_=33;dsp_xappb_0_=;dsp_placementid_0_=581008288435045247;dsp_xsId_0_=4,833,426,891,370,454,856;ord=${u.getRandomNumber()};dc_lat=;dc_rdid=;tag_for_child_directed_treatment=;tfua=;dc_tdv=1;dcmt=text/xml;dc_sdk_apis=[APIFRAMEWORKS];dc_omid_p=[OMIDPARTNER];gdpr=0;gdpr_consent=;dc_mpos=[BREAKPOSITION];ltd=","iconsElem":"<Icons> <Icon program=\"adchoices\" width=\"15\" height=\"15\" xPosition=\"left\" yPosition=\"top\"> <StaticResource creativeType=\"image/png\"> https://images-na.ssl-images-amazon.com/images/G/01/da/adchoices.png </StaticResource> <IconClicks> <IconClickThrough> https://www.amazon.com/adprefs/ref=third_party_video_{%creative_cfid} </IconClickThrough> </IconClicks> </Icon> </Icons>","vpaidVersion":"2.0","vu":"https://ts.amazon-adsystem.com/?s=%7B%22sourceid%22%3A%22600%22%2C%22expname%22%3A%22UNITAG_VIDEO_ROLLOUT_5486%22%2C%22expbucket%22%3A%22T%22%2C%22sourcetype%22%3A%22dtb%22%2C%22traffictype%22%3A%22site%22%2C%22msrTechnique%22%3A%22vpaid%22%2C%22mediatype%22%3A%22video%22%7D&p=%7B%22bidRequestId%22%3A%222NBFOKvadjRGyApRe70.GQ%22%2C%22srcName%22%3A%22CS%22%2C%22su%22%3A%22https%3A%2F%2Faax-events-cell01-cf.us-east.aps.axp.amazon-adsystem.com%2Fx%2Fpx%2FRBMCy-uKW5awBaYpTCssDCcAAAGd-qWCCwEAAAJYBEFhcHNfdHhuX2JpZDEgICBhcHNfdHhuX2ltcDEgICDaHOuZ%2F%3Ft%3D%2524%257BAAX_TYPE%257D%26p%3D%2524%257BAAX_PAYLOAD%257D%26bx%3Dv1_CGrnRwgXjMaNwBaiVuUX7DP5WEp2DeJzm659nmLSr5OnVMoTo6wiQswX5QxbuBXq27Ax2I50tWfJswaCcBpbJVcb3UfjNqiJThBVNhArGwb_TdYg7WUqxqM0DxS-Ybz-GN_WaEeg7pVPQR99xw6DFhocaxRQXp4kWA0-CPptBkrQlbbo0AhkCQTuYMaxaOaUanMAbcSOz9dRRnJsPJpJZPsDi8yvj5wnCl_QNqJu3QoWpIJu27ukQw0zm0qkyVxJHmb1NOzDuE51gXJDB9JaYDmkUVyCqRLXA8-MquvfZqIFAxmG-oObpk2pfzHOH6Gx660I9cJvFs3_y5vGDsKZIMJQ6dxYcwRr_oQl2YVOL6cF0FFGKHKK8QOMw74qRnvkcSBXsRujrTgylQjZJpS3AmNjZpbZv-RAXNAcMklAoQB1OMx_vjJaA3hmuK8jXlUAJqfEPIzapvGsfTBKDxGev8YRW1CSrgbDOnExJck6-oPwTCQOns3YqWWtMRUcUdHj55A0kFgZQfVT2EbE0B6-BlP8LVxvfWgkAgmucxLVbofeXHbySV9UzlsMLEbYVEzoZ9k9sIJBWgmnsZNrkvJNeCXqGTtxiDsn4tkvpa2WpFgjlaeJ7qU7JDuehGnsLcbgYmwhQ4KeSLEXEtt3icLaBmNeYrhERh4%22%2C%22campaignId%22%3A%22584637415618285303%22%2C%22ep%22%3A%5B%22ara%22%2C%22vue%22%2C%22forensics%22%2C%22forensics-ntd%22%5D%2C%22creativeId%22%3A%22581008288435045247%22%2C%22bidId%22%3A%22EwLL64pblrAFpilMKywMJw%22%2C%22advertiserId%22%3A%221768199101%22%2C%22clickDestnUrl%22%3A%22https%3A%2F%2Fwww.disneyplus.com%2F%22%2C%22evet%22%3A%221%22%2C%22tungstenCSMLoggingFrameworkUrl%22%3A%22tungsten-service.prod.na.adsqtungsten.a9.amazon.dev%2Fcsm%2F%22%2C%22adId%22%3A%22590892856984824403%22%2C%22au%22%3A%22https%3A%2F%2Faes.us-east.3px.axp.amazon-adsystem.com%2Fx%2Fpx%3Ft%3D%24%7BAAX_TYPE%7D%26bi%3Dv1_CGrnRwgXjMaNwBaiVuUX7DP5WEp2DeJzm659nmLSr5OnVMoTo6wiQswX5QxbuBXq27Ax2I50tWfJswaCcBpbJVcb3UfjNqiJThBVNhArGwb_TdYg7WUqxqM0DxS-Ybz-GN_WaEeg7pVPQR99xw6DFhocaxRQXp4kWA0-CPptBkrQlbbo0AhkCQTuYMaxaOaUanMAbcSOz9dRRnJsPJpJZPsDi8yvj5wnCl_QNqJu3QoWpIJu27ukQw0zm0qkyVxJHmb1NOzDuE51gXJDB9JaYDmkUVyCqRLXA8-MquvfZqIFAxmG-oObpk2pfzHOH6Gx660I9cJvFs3_y5vGDsKZIMJQ6dxYcwRr_oQl2YVOL6cF0FFGKHKK8QOMw74qRnvkcSBXsRujrTgylQjZJpS3AmNjZpbZv-RAXNAcMklAoQB1OMx_vjJaA3hmuK8jXlUAJqfEPIzapvGsfTBKDxGev8YRW1CSrgbDOnExJck6-oPwTCQOns3YqWWtMRUcUdHj55A0kFgZQfVT2EbE0B6-BlP8LVxvfWgkAgmucxLVbofeXHbySV9UzlsMLEbYVEzoZ9k9sIJBWgmnsZNrkvJNeCXqGTtxiDsn4tkvpa2WpFgjlaeJ7qU7JDuehGnsLcbgYmwhQ4KeSLEXEtt3icLaBmNeYrhERh4%26c%3D%24%7BAAX_PAYLOAD%7D%22%2C%22th%22%3A8000%2C%22zone%22%3A%22USEast%22%2C%22is3p%22%3Atrue%2C%22ntdUrl%22%3A%22www.btd-cmh.tq-tungsten.com%2F%22%2C%22pm%22%3A%7B%22ev%22%3A%5B%22au%22%5D%2C%22bt%22%3A%5B%22au%22%5D%2C%22ac%22%3A%5B%22su%22%5D%2C%22at%22%3A%5B%22su%22%5D%2C%22av%22%3A%5B%22su%22%5D%2C%22v%22%3A%5B%22su%22%5D%2C%22vp%22%3A%5B%22su%22%5D%7D%2C%22instrUrl%22%3A%22https%3A%2F%2Faax-events-cell01-cf.us-east.aps.axp.amazon-adsystem.com%2Fx%2Fpx%2FRBMCy-uKW5awBaYpTCssDCcAAAGd-qWCCwEAAAJYBEFhcHNfdHhuX2JpZDEgICBhcHNfdHhuX2ltcDEgICDaHOuZ%2F%22%7D"} @ https://c.amazon-adsystem.com/bao-csm/webvideo/3p/amzn_vpaid_wrapper.js:0
[ 4213222ms] [ERROR] Attestation check for Attribution Reporting on https://ad.doubleclick.net failed. @ https://mediatakeout.com/beyonce-previews-rock-look-in-tina-turner-thunderdome-outfit/:0
[ 4212688ms] [ERROR] Attestation check for Shared Storage on https://www.googleadservices.com failed. @ https://www.googleadservices.com/pagead/managed/js/activeview/current/reach_worklet.html:0
[ 4213135ms] [ERROR] Attestation check for Shared Storage on https://www.googleadservices.com failed. @ https://www.googleadservices.com/pagead/managed/js/activeview/current/reach_worklet.html:0
[ 4213241ms] [ERROR] Failed to load resource: net::ERR_NAME_NOT_RESOLVED @ https://sync.search.spotxchange.com/partner?adv_id=7025&gpp=DBABzw~1YNY~BVQqAAAAAgA&gpp_sid=6,7&uid=CAESED6RlijfpeJoT0rWF00cAVk&google_cver=1:0
[ 4213241ms] [ERROR] Failed to load resource: net::ERR_NAME_NOT_RESOLVED @ https://sync.search.spotxchange.com/partner?adv_id=7025&gpp=DBABzw~1YNY~BVQqAAAAAgA&gpp_sid=6,7&redir=https%3A%2F%2Fcm.g.doubleclick.net%2Fpixel%3Fgoogle_nid%3Dspotxchange_dbm%26google_hm%3D%24SPOTX_BASE64_USER_ID:0
[ 4212688ms] [ERROR] Attestation check for Shared Storage on https://www.googleadservices.com failed. @ https://www.googleadservices.com/pagead/managed/js/activeview/current/reach_worklet.html:0
[ 4213135ms] [ERROR] Attestation check for Shared Storage on https://www.googleadservices.com failed. @ https://www.googleadservices.com/pagead/managed/js/activeview/current/reach_worklet.html:0
[ 4213261ms] [ERROR] Attestation check for Shared Storage on https://www.googleadservices.com failed. @ https://www.googleadservices.com/pagead/managed/js/activeview/current/reach_worklet.html:0
[ 4213276ms] [LOG] 2026-05-06T00:17:24.137Z [LOG] [startAd] invoked @ https://c.amazon-adsystem.com/bao-csm/webvideo/3p/amzn_vpaid_wrapper.js:0
[ 4213241ms] [ERROR] Failed to load resource: net::ERR_NAME_NOT_RESOLVED @ https://sync.search.spotxchange.com/partner?adv_id=7025&gpp=DBABzw~1YNY~BVQqAAAAAgA&gpp_sid=6,7&uid=CAESED6RlijfpeJoT0rWF00cAVk&google_cver=1:0
[ 4213241ms] [ERROR] Failed to load resource: net::ERR_NAME_NOT_RESOLVED @ https://sync.search.spotxchange.com/partner?adv_id=7025&gpp=DBABzw~1YNY~BVQqAAAAAgA&gpp_sid=6,7&redir=https%3A%2F%2Fcm.g.doubleclick.net%2Fpixel%3Fgoogle_nid%3Dspotxchange_dbm%26google_hm%3D%24SPOTX_BASE64_USER_ID:0
[ 4213298ms] [ERROR] Attestation check for Attribution Reporting on https://ad.doubleclick.net failed. @ https://mediatakeout.com/beyonce-previews-rock-look-in-tina-turner-thunderdome-outfit/:0
[ 4212688ms] [ERROR] Attestation check for Shared Storage on https://www.googleadservices.com failed. @ https://www.googleadservices.com/pagead/managed/js/activeview/current/reach_worklet.html:0
[ 4213135ms] [ERROR] Attestation check for Shared Storage on https://www.googleadservices.com failed. @ https://www.googleadservices.com/pagead/managed/js/activeview/current/reach_worklet.html:0
[ 4213261ms] [ERROR] Attestation check for Shared Storage on https://www.googleadservices.com failed. @ https://www.googleadservices.com/pagead/managed/js/activeview/current/reach_worklet.html:0
[ 4213353ms] [ERROR] Attestation check for Shared Storage on https://www.googleadservices.com failed. @ https://www.googleadservices.com/pagead/managed/js/activeview/current/reach_worklet.html:0
[ 4213360ms] [ERROR] Attestation check for Shared Storage on https://www.googleadservices.com failed. @ https://www.googleadservices.com/pagead/managed/js/activeview/current/reach_worklet.html:0
[ 4212688ms] [ERROR] Attestation check for Shared Storage on https://www.googleadservices.com failed. @ https://www.googleadservices.com/pagead/managed/js/activeview/current/reach_worklet.html:0
[ 4213135ms] [ERROR] Attestation check for Shared Storage on https://www.googleadservices.com failed. @ https://www.googleadservices.com/pagead/managed/js/activeview/current/reach_worklet.html:0
[ 4213261ms] [ERROR] Attestation check for Shared Storage on https://www.googleadservices.com failed. @ https://www.googleadservices.com/pagead/managed/js/activeview/current/reach_worklet.html:0
[ 4213353ms] [ERROR] Attestation check for Shared Storage on https://www.googleadservices.com failed. @ https://www.googleadservices.com/pagead/managed/js/activeview/current/reach_worklet.html:0
[ 4213360ms] [ERROR] Attestation check for Shared Storage on https://www.googleadservices.com failed. @ https://www.googleadservices.com/pagead/managed/js/activeview/current/reach_worklet.html:0
[ 4213436ms] [ERROR] Attestation check for Shared Storage on https://www.googleadservices.com failed. @ https://www.googleadservices.com/pagead/managed/js/activeview/current/reach_worklet.html:0
[ 4213482ms] [ERROR] Attestation check for Attribution Reporting on https://ad.doubleclick.net failed. @ https://mediatakeout.com/beyonce-previews-rock-look-in-tina-turner-thunderdome-outfit/:0
[ 4213771ms] [LOG] 2026-05-06T00:17:24.631Z [LOG] AdVideoStart @ https://c.amazon-adsystem.com/bao-csm/webvideo/3p/amzn_vpaid_wrapper.js:0
[ 4213856ms] [ERROR] Attestation check for Shared Storage on https://securepubads.g.doubleclick.net failed. @ https://imasdk.googleapis.com/js/core/bridge3.761.0_en.html#deid=%22%22&eventfe_experiment_ids=%5B%5D&fid=%22goog_1197953046%22&genotype_experiment_data=%7B%22experimentStateProto%22%3A%22%5B%5B%5B45713128%2Cnull%2Cnull%2C%5B%5D%5D%2C%5Bnull%2C745150931%2Cnull%2C%5Bnull%2C1%5D%5D%2C%5Bnull%2C749060184%2Cnull%2C%5Bnull%2C128%5D%5D%2C%5B841585769%2Cnull%2Cnull%2C%5B1%5D%5D%2C%5B45761044%2Cnull%2Cnull%2C%5B%5D%5D%2C%5B45722344%2Cnull%2Cnull%2C%5B%5D%5D%2C%5B45706017%2Cnull%2Cnull%2C%5B1%5D%5D%2C%5B45774999%2Cnull%2Cnull%2C%5B%5D%5D%2C%5B45776042%2Cnull%2Cnull%2C%5B%5D%5D%2C%5B45668885%2Cnull%2Cnull%2C%5B%5D%5D%2C%5B45685340%2Cnull%2Cnull%2C%5B%5D%5D%2C%5B45765927%2Cnull%2Cnull%2C%5B%5D%5D%2C%5B45734716%2Cnull%2Cnull%2C%5B%5D%5D%2C%5B45735891%2Cnull%2Cnull%2C%5B%5D%5D%2C%5B45663239%2Cnull%2Cnull%2C%5B%5D%5D%2C%5B45715032%2Cnull%2Cnull%2C%5B1%5D%5D%2C%5B45661356%2Cnull%2Cnull%2C%5B%5D%5D%2C%5B839547366%2Cnull%2Cnull%2C%5B1%5D%5D%2C%5B45676441%2Cnull%2Cnull%2C%5B%5D%5D%2C%5Bnull%2C45645574%2Cnull%2C%5B%5D%5D%2C%5B45688859%2Cnull%2Cnull%2C%5B%5D%5D%2C%5B45656766%2Cnull%2Cnull%2C%5B%5D%5D%2C%5B45710689%2Cnull%2Cnull%2C%5B%5D%5D%2C%5B45710688%2Cnull%2Cnull%2C%5B1%5D%5D%2C%5B45685601%2Cnull%2Cnull%2C%5B%5D%5D%2C%5Bnull%2C45685602%2Cnull%2C%5Bnull%2C500%5D%5D%2C%5Bnull%2C45767902%2Cnull%2C%5Bnull%2C500%5D%5D%2C%5B45756824%2Cnull%2Cnull%2C%5B%5D%5D%2C%5B45747172%2Cnull%2Cnull%2C%5B%5D%5D%2C%5B775241416%2Cnull%2Cnull%2C%5B%5D%5D%2C%5B781107959%2Cnull%2Cnull%2C%5B%5D%5D%2C%5B781107958%2Cnull%2Cnull%2C%5B%5D%5D%2C%5B792614055%2Cnull%2Cnull%2C%5B%5D%5D%2C%5B781107957%2Cnull%2Cnull%2C%5B%5D%5D%2C%5B45729602%2Cnull%2Cnull%2C%5B%5D%5D%2C%5B45753603%2Cnull%2Cnull%2C%5B%5D%5D%2C%5B45753604%2Cnull%2Cnull%2C%5B%5D%5D%5D%2C%5B%5B16%2C%5B%5B1%2C%5B%5B31089630%5D%2C%5B31089631%2C%5B%5B45668885%2Cnull%2Cnull%2C%5B1%5D%5D%5D%5D%5D%5D%2C%5B10%2C%5B%5B31097690%5D%2C%5B31097691%2C%5B%5B846355750%2Cnull%2Cnull%2C%5B1%5D%5D%5D%5D%5D%5D%2C%5B1000%2C%5B%5B95332046%5D%5D%5D%2C%5Bnull%2C%5B%5B95332047%5D%5D%5D%2C%5B10%2C%5B%5B95338769%2C%5B%5Bnull%2C45645574%2Cnull%2C%5Bnull%2C1%5D%5D%5D%5D%2C%5B95338770%2C%5B%5Bnull%2C45645574%2Cnull%2C%5Bnull%2C2%5D%5D%5D%5D%5D%5D%2C%5B50%2C%5B%5B95345206%5D%2C%5B95345207%2C%5B%5B45661356%2Cnull%2Cnull%2C%5B1%5D%5D%5D%5D%5D%5D%2C%5B1%2C%5B%5B95351425%5D%2C%5B95351426%2C%5B%5B45676441%2Cnull%2Cnull%2C%5B1%5D%5D%5D%5D%5D%5D%2C%5B1%2C%5B%5B95373378%2C%5B%5B792614055%2Cnull%2Cnull%2C%5B1%5D%5D%5D%5D%2C%5B95373379%2C%5B%5B45747172%2Cnull%2Cnull%2C%5B1%5D%5D%2C%5B781107959%2Cnull%2Cnull%2C%5B1%5D%5D%2C%5B792614055%2Cnull%2Cnull%2C%5B1%5D%5D%2C%5B781107957%2Cnull%2Cnull%2C%5B1%5D%5D%5D%5D%5D%5D%2C%5B10%2C%5B%5B95378629%5D%2C%5B95378630%2C%5B%5B45729602%2Cnull%2Cnull%2C%5B1%5D%5D%5D%5D%2C%5B95381582%2C%5B%5B45729602%2Cnull%2Cnull%2C%5B1%5D%5D%2C%5B45753603%2Cnull%2Cnull%2C%5B1%5D%5D%5D%5D%2C%5B95381583%2C%5B%5B45729602%2Cnull%2Cnull%2C%5B1%5D%5D%2C%5B45753604%2Cnull%2Cnull%2C%5B1%5D%5D%5D%5D%5D%5D%2C%5B50%2C%5B%5B95382403%5D%2C%5B95386528%2C%5B%5Bnull%2C45767902%2Cnull%2C%5B%5D%5D%2C%5B45756824%2Cnull%2Cnull%2C%5B1%5D%5D%5D%5D%5D%5D%2C%5B10%2C%5B%5B95385193%5D%2C%5B95385194%2C%5B%5B45765927%2Cnull%2Cnull%2C%5B1%5D%5D%5D%5D%5D%5D%2C%5B100%2C%5B%5B95387816%5D%2C%5B95387817%2C%5B%5B45774999%2Cnull%2Cnull%2C%5B1%5D%5D%5D%5D%5D%5D%2C%5B10%2C%5B%5B95389581%5D%2C%5B95389582%2C%5B%5B635466687%2Cnull%2Cnull%2C%5B1%5D%5D%5D%5D%5D%5D%5D%5D%5D%2Cnull%2Cnull%2C%5Bnull%2C1000%2C1%2C1000%5D%5D%22%7D&imalib_experiments=%5B95322027%2C95331589%2C95332046%5D&is_eap_loader=false&managed_js_experiment_id=0&page_correlator=2369530046139932&pvsid=5240618953945956&top_accessible_page_url=%22https%3A%2F%2Fmediatakeout.com%2Fbeyonce-previews-rock-look-in-tina-turner-thunderdome-outfit%2F%22:0
[ 4212688ms] [ERROR] Attestation check for Shared Storage on https://www.googleadservices.com failed. @ https://www.googleadservices.com/pagead/managed/js/activeview/current/reach_worklet.html:0
[ 4213135ms] [ERROR] Attestation check for Shared Storage on https://www.googleadservices.com failed. @ https://www.googleadservices.com/pagead/managed/js/activeview/current/reach_worklet.html:0
[ 4213261ms] [ERROR] Attestation check for Shared Storage on https://www.googleadservices.com failed. @ https://www.googleadservices.com/pagead/managed/js/activeview/current/reach_worklet.html:0
[ 4213353ms] [ERROR] Attestation check for Shared Storage on https://www.googleadservices.com failed. @ https://www.googleadservices.com/pagead/managed/js/activeview/current/reach_worklet.html:0
[ 4213360ms] [ERROR] Attestation check for Shared Storage on https://www.googleadservices.com failed. @ https://www.googleadservices.com/pagead/managed/js/activeview/current/reach_worklet.html:0
[ 4213436ms] [ERROR] Attestation check for Shared Storage on https://www.googleadservices.com failed. @ https://www.googleadservices.com/pagead/managed/js/activeview/current/reach_worklet.html:0
[ 4214031ms] [ERROR] Attestation check for Shared Storage on https://www.googleadservices.com failed. @ https://www.googleadservices.com/pagead/managed/js/activeview/current/reach_worklet.html:0
[ 4214061ms] Failed to read a named property 'addEventListener' from 'Window': Blocked a frame with origin "https://635419003230146688ad2f5e6f95cfcf.safeframe.googlesyndication.com" from accessing a cross-origin frame.
[ 4214079ms] [ERROR] Failed to load resource: net::ERR_CONNECTION_CLOSED @ https://x.vindicosuite.com/dserve/t=d;l=560572;c=1100827;b=5066131;ad=CLybIhD38g0Y6DIgASgEMM6bATjE6AFAjtcUSJTgG1CbmENYk5u1AmDIsRVo1KUtcAJ4AYgBAJABAZgBAaIBEzYzMTE1MDEzMzM4NzMyNDM0NTOyAQVWSURFT7gBAcABAMgBANABANgBAOgB_Jiz4KUt;a=350408;ts=TIMESTAMP;userid=;;partnerid=4410383;;dcreativeid=251430682;;dcampaignid=35327588;;dplacementid=442386171;:0
[ 4220872ms] [ERROR] TypeError: Failed to fetch
    at fe.fetchRequest (https://ads.adthrive.com/builds/core/b39b659/es2018/js/adthrive.min.js?deployment=2026-05-05-09:rpsc-822:b39b659:4&bucket=flex-14&deliveryFeatures=additiveRaptiveFloors,altsdm,altv2,amazonBetaApstag,cfbd,consentManagerCMP,cv2,ddbd,dlc,es2021,hb_crid,hbd,i262,ld,nvc,ok,pbis,raptiveFloors,raptiveManualCookieSync,recencyFrequency,reissuingSticky,removeAdHost,rpbsecs,rpr,rrassf,stickyBucketsLocalStorage,stickyV2,switzerlandGdpr,trafficShaping,usdk,prebidLoad,gptLoad,amazonLoad,ttdSync&siteid=673bb9af6038737af8850b11:3:63012)
    at fe.fetchRequest (https://ads.adthrive.com/builds/core/b39b659/es2018/js/adthrive.min.js?deployment=2026-05-05-09:rpsc-822:b39b659:4&bucket=flex-14&deliveryFeatures=additiveRaptiveFloors,altsdm,altv2,amazonBetaApstag,cfbd,consentManagerCMP,cv2,ddbd,dlc,es2021,hb_crid,hbd,i262,ld,nvc,ok,pbis,raptiveFloors,raptiveManualCookieSync,recencyFrequency,reissuingSticky,removeAdHost,rpbsecs,rpr,rrassf,stickyBucketsLocalStorage,stickyV2,switzerlandGdpr,trafficShaping,usdk,prebidLoad,gptLoad,amazonLoad,ttdSync&siteid=673bb9af6038737af8850b11:3:62952)
    at fe.makeRequest (https://ads.adthrive.com/builds/core/b39b659/es2018/js/adthrive.min.js?deployment=2026-05-05-09:rpsc-822:b39b659:4&bucket=flex-14&deliveryFeatures=additiveRaptiveFloors,altsdm,altv2,amazonBetaApstag,cfbd,consentManagerCMP,cv2,ddbd,dlc,es2021,hb_crid,hbd,i262,ld,nvc,ok,pbis,raptiveFloors,raptiveManualCookieSync,recencyFrequency,reissuingSticky,removeAdHost,rpbsecs,rpr,rrassf,stickyBucketsLocalStorage,stickyV2,switzerlandGdpr,trafficShaping,usdk,prebidLoad,gptLoad,amazonLoad,ttdSync&siteid=673bb9af6038737af8850b11:3:61547)
    at fe.fetchEvent (https://ads.adthrive.com/builds/core/b39b659/es2018/js/adthrive.min.js?deployment=2026-05-05-09:rpsc-822:b39b659:4&bucket=flex-14&deliveryFeatures=additiveRaptiveFloors,altsdm,altv2,amazonBetaApstag,cfbd,consentManagerCMP,cv2,ddbd,dlc,es2021,hb_crid,hbd,i262,ld,nvc,ok,pbis,raptiveFloors,raptiveManualCookieSync,recencyFrequency,reissuingSticky,removeAdHost,rpbsecs,rpr,rrassf,stickyBucketsLocalStorage,stickyV2,switzerlandGdpr,trafficShaping,usdk,prebidLoad,gptLoad,amazonLoad,ttdSync&siteid=673bb9af6038737af8850b11:3:59017)
    at z.logWebVitals (https://ads.adthrive.com/builds/core/b39b659/es2018/js/adthrive.min.js?deployment=2026-05-05-09:rpsc-822:b39b659:4&bucket=flex-14&deliveryFeatures=additiveRaptiveFloors,altsdm,altv2,amazonBetaApstag,cfbd,consentManagerCMP,cv2,ddbd,dlc,es2021,hb_crid,hbd,i262,ld,nvc,ok,pbis,raptiveFloors,raptiveManualCookieSync,recencyFrequency,reissuingSticky,removeAdHost,rpbsecs,rpr,rrassf,stickyBucketsLocalStorage,stickyV2,switzerlandGdpr,trafficShaping,usdk,prebidLoad,gptLoad,amazonLoad,ttdSync&siteid=673bb9af6038737af8850b11:437:134371)
    at z.<anonymous> (https://ads.adthrive.com/builds/core/b39b659/es2018/js/adthrive.min.js?deployment=2026-05-05-09:rpsc-822:b39b659:4&bucket=flex-14&deliveryFeatures=additiveRaptiveFloors,altsdm,altv2,amazonBetaApstag,cfbd,consentManagerCMP,cv2,ddbd,dlc,es2021,hb_crid,hbd,i262,ld,nvc,ok,pbis,raptiveFloors,raptiveManualCookieSync,recencyFrequency,reissuingSticky,removeAdHost,rpbsecs,rpr,rrassf,stickyBucketsLocalStorage,stickyV2,switzerlandGdpr,trafficShaping,usdk,prebidLoad,gptLoad,amazonLoad,ttdSync&siteid=673bb9af6038737af8850b11:3:49348)
    at document.addEventListener.once (https://ads.adthrive.com/builds/core/b39b659/es2018/js/adthrive.min.js?deployment=2026-05-05-09:rpsc-822:b39b659:4&bucket=flex-14&deliveryFeatures=additiveRaptiveFloors,altsdm,altv2,amazonBetaApstag,cfbd,consentManagerCMP,cv2,ddbd,dlc,es2021,hb_crid,hbd,i262,ld,nvc,ok,pbis,raptiveFloors,raptiveManualCookieSync,recencyFrequency,reissuingSticky,removeAdHost,rpbsecs,rpr,rrassf,stickyBucketsLocalStorage,stickyV2,switzerlandGdpr,trafficShaping,usdk,prebidLoad,gptLoad,amazonLoad,ttdSync&siteid=673bb9af6038737af8850b11:437:133612) @ https://ads.adthrive.com/builds/core/b39b659/es2018/js/adthrive.min.js?deployment=2026-05-05-09:rpsc-822:b39b659:4&bucket=flex-14&deliveryFeatures=additiveRaptiveFloors,altsdm,altv2,amazonBetaApstag,cfbd,consentManagerCMP,cv2,ddbd,dlc,es2021,hb_crid,hbd,i262,ld,nvc,ok,pbis,raptiveFloors,raptiveManualCookieSync,recencyFrequency,reissuingSticky,removeAdHost,rpbsecs,rpr,rrassf,stickyBucketsLocalStorage,stickyV2,switzerlandGdpr,trafficShaping,usdk,prebidLoad,gptLoad,amazonLoad,ttdSync&siteid=673bb9af6038737af8850b11:2
[ 4220892ms] [LOG] JQMIGRATE: Migrate is installed, version 3.4.1 @ https://mediatakeout.com/wp-includes/js/jquery/jquery-migrate.min.js?ver=3.4.1:1
[ 4220944ms] Unexpected token ';'
[ 4220945ms] [WARNING] adgb - not initialized. @ https://cdn.taboola.com/libtrc/mediatakeout-mediatakeout/loader.js:0
[ 4221673ms] [WARNING] [GPT] PubAdsService.getTargeting is deprecated, use googletag.getConfig('targeting') instead.
https://goo.gle/gpt-message#200 @ https://securepubads.g.doubleclick.net/pagead/managed/js/gpt/m202604290101/pubads_impl.js:18
[ 4221676ms] [WARNING] [GPT] Slot.setTargeting is deprecated, use Slot.setConfig({targeting: ...}) instead.
https://goo.gle/gpt-message#171 @ https://securepubads.g.doubleclick.net/pagead/managed/js/gpt/m202604290101/pubads_impl.js:18
[ 4221707ms] [ERROR] Failed to load resource: the server responded with a status of 400 () @ https://ups.analytics.yahoo.com/ups/58404/fed?v=1&1p=0&gdpr=0&gdpr_consent=&us_privacy=&url=https://mediatakeout.com/&pixelId=58404&puid=cad246a8-153e-421d-80e2-40e38fa09335:0
[ 4221911ms] [ERROR] Failed to load resource: the server responded with a status of 400 () @ https://ups.analytics.yahoo.com/ups/58404/fed?v=1&1p=0&gdpr=0&gdpr_consent=&us_privacy=1YNY&url=https://mediatakeout.com/&pixelId=58404&he=ca68b7dbe4ebc49c5fd2d6864f71530fa1afa0d7f27261d3b21446b0f9081848&puid=cad246a8-153e-421d-80e2-40e38fa09335:0
[ 4222191ms] [LOG] Called iframe: ads.pubmatic.com [] 
Number of topics:  0 @ https://ads.pubmatic.com/AdServer/js/topics/topics_frame.html?bidder=pubmatic:19
[ 4223295ms] [ERROR] Failed to load resource: net::ERR_NAME_NOT_RESOLVED @ https://cs.iqzone.com/570908b7e92df631fee32098aa272f7b.gif?puid=T05vgGn6iJ3KI1ajDxJpLA%3D%3D&gdpr=&gdpr_consent=&ccpa=1YNY&coppa=&redir=https%3A%2F%2Fssc-cms.33across.com%2Fps%2F%3Fxi%3D145%26ts%3D1778026654062.6%26us_privacy%3D1YNY%26xu%3D%5BUID%5D%26gpp_sid%3D%26gpp%3D:0
[ 4223562ms] [WARNING] [GPT] Slot AdThrive_Sidebar_9_desktop rendered inside of the viewport.
https://goo.gle/gpt-message#169 @ https://securepubads.g.doubleclick.net/pagead/managed/js/gpt/m202604290101/pubads_impl.js:18
[ 4223768ms] [ERROR] Attestation check for Shared Storage on https://www.googleadservices.com failed. @ https://www.googleadservices.com/pagead/managed/js/activeview/current/reach_worklet.html:0
[ 4223768ms] [ERROR] Attestation check for Shared Storage on https://www.googleadservices.com failed. @ https://www.googleadservices.com/pagead/managed/js/activeview/current/reach_worklet.html:0
[ 4223870ms] [ERROR] Attestation check for Shared Storage on https://www.googleadservices.com failed. @ https://www.googleadservices.com/pagead/managed/js/activeview/current/reach_worklet.html:0
[ 4223768ms] [ERROR] Attestation check for Shared Storage on https://www.googleadservices.com failed. @ https://www.googleadservices.com/pagead/managed/js/activeview/current/reach_worklet.html:0
[ 4223870ms] [ERROR] Attestation check for Shared Storage on https://www.googleadservices.com failed. @ https://www.googleadservices.com/pagead/managed/js/activeview/current/reach_worklet.html:0
[ 4223952ms] [ERROR] Attestation check for Shared Storage on https://www.googleadservices.com failed. @ https://www.googleadservices.com/pagead/managed/js/activeview/current/reach_worklet.html:0
[ 4224455ms] [ERROR] Failed to load resource: the server responded with a status of 404 (Not Found) @ https://bidserver.pacvue.com/tracking/user/sync/pubmatic-adx&gdpr=0&gdpr_consent=&us_privacy=1YNY&gpp=&gpp_sid=&ccpa=[CCPA]:0
[ 4224461ms] [ERROR] Failed to load resource: the server responded with a status of 400 (Bad Request) @ https://cpm.vistarsagency.com/user-sync?zone=354281%20&t=image&r=https://image2.pubmatic.com/AdServer/Pug?vcode=bz0yJnR5cGU9MSZjb2RlPTQxNTcmdGw9MTI5NjAw&piggybackCookie={UID}&gdpr=0&gdpr_consent=&us_privacy=1YNY&gpp=&gpp_sid=&ccpa=[CCPA]:0
[ 4223768ms] [ERROR] Attestation check for Shared Storage on https://www.googleadservices.com failed. @ https://www.googleadservices.com/pagead/managed/js/activeview/current/reach_worklet.html:0
[ 4223870ms] [ERROR] Attestation check for Shared Storage on https://www.googleadservices.com failed. @ https://www.googleadservices.com/pagead/managed/js/activeview/current/reach_worklet.html:0
[ 4223952ms] [ERROR] Attestation check for Shared Storage on https://www.googleadservices.com failed. @ https://www.googleadservices.com/pagead/managed/js/activeview/current/reach_worklet.html:0
[ 4224505ms] [ERROR] Attestation check for Shared Storage on https://www.googleadservices.com failed. @ https://www.googleadservices.com/pagead/managed/js/activeview/current/reach_worklet.html:0
[ 4225230ms] [ERROR] Attestation check for Shared Storage on https://securepubads.g.doubleclick.net failed. @ https://imasdk.googleapis.com/js/core/bridge3.761.0_en.html#deid=%22%22&eventfe_experiment_ids=%5B%5D&fid=%22goog_1771546814%22&genotype_experiment_data=%7B%22experimentStateProto%22%3A%22%5B%5B%5B45713128%2Cnull%2Cnull%2C%5B%5D%5D%2C%5Bnull%2C745150931%2Cnull%2C%5Bnull%2C1%5D%5D%2C%5Bnull%2C749060184%2Cnull%2C%5Bnull%2C128%5D%5D%2C%5B841585769%2Cnull%2Cnull%2C%5B1%5D%5D%2C%5B45761044%2Cnull%2Cnull%2C%5B%5D%5D%2C%5B45722344%2Cnull%2Cnull%2C%5B%5D%5D%2C%5B45706017%2Cnull%2Cnull%2C%5B1%5D%5D%2C%5B45774999%2Cnull%2Cnull%2C%5B%5D%5D%2C%5B45776042%2Cnull%2Cnull%2C%5B%5D%5D%2C%5B45668885%2Cnull%2Cnull%2C%5B%5D%5D%2C%5B45685340%2Cnull%2Cnull%2C%5B%5D%5D%2C%5B45765927%2Cnull%2Cnull%2C%5B%5D%5D%2C%5B45734716%2Cnull%2Cnull%2C%5B%5D%5D%2C%5B45735891%2Cnull%2Cnull%2C%5B%5D%5D%2C%5B45663239%2Cnull%2Cnull%2C%5B%5D%5D%2C%5B45715032%2Cnull%2Cnull%2C%5B1%5D%5D%2C%5B45661356%2Cnull%2Cnull%2C%5B%5D%5D%2C%5B839547366%2Cnull%2Cnull%2C%5B1%5D%5D%2C%5B45676441%2Cnull%2Cnull%2C%5B%5D%5D%2C%5Bnull%2C45645574%2Cnull%2C%5B%5D%5D%2C%5B45688859%2Cnull%2Cnull%2C%5B%5D%5D%2C%5B45656766%2Cnull%2Cnull%2C%5B%5D%5D%2C%5B45710689%2Cnull%2Cnull%2C%5B%5D%5D%2C%5B45710688%2Cnull%2Cnull%2C%5B1%5D%5D%2C%5B45685601%2Cnull%2Cnull%2C%5B%5D%5D%2C%5Bnull%2C45685602%2Cnull%2C%5Bnull%2C500%5D%5D%2C%5Bnull%2C45767902%2Cnull%2C%5Bnull%2C500%5D%5D%2C%5B45756824%2Cnull%2Cnull%2C%5B%5D%5D%2C%5B45747172%2Cnull%2Cnull%2C%5B%5D%5D%2C%5B775241416%2Cnull%2Cnull%2C%5B%5D%5D%2C%5B781107959%2Cnull%2Cnull%2C%5B%5D%5D%2C%5B781107958%2Cnull%2Cnull%2C%5B%5D%5D%2C%5B792614055%2Cnull%2Cnull%2C%5B%5D%5D%2C%5B781107957%2Cnull%2Cnull%2C%5B%5D%5D%2C%5B45729602%2Cnull%2Cnull%2C%5B%5D%5D%2C%5B45753603%2Cnull%2Cnull%2C%5B%5D%5D%2C%5B45753604%2Cnull%2Cnull%2C%5B%5D%5D%5D%2C%5B%5B16%2C%5B%5B1%2C%5B%5B31089630%5D%2C%5B31089631%2C%5B%5B45668885%2Cnull%2Cnull%2C%5B1%5D%5D%5D%5D%5D%5D%2C%5B10%2C%5B%5B31097690%5D%2C%5B31097691%2C%5B%5B846355750%2Cnull%2Cnull%2C%5B1%5D%5D%5D%5D%5D%5D%2C%5B1000%2C%5B%5B95332046%5D%5D%5D%2C%5Bnull%2C%5B%5B95332047%5D%5D%5D%2C%5B10%2C%5B%5B95338769%2C%5B%5Bnull%2C45645574%2Cnull%2C%5Bnull%2C1%5D%5D%5D%5D%2C%5B95338770%2C%5B%5Bnull%2C45645574%2Cnull%2C%5Bnull%2C2%5D%5D%5D%5D%5D%5D%2C%5B50%2C%5B%5B95345206%5D%2C%5B95345207%2C%5B%5B45661356%2Cnull%2Cnull%2C%5B1%5D%5D%5D%5D%5D%5D%2C%5B1%2C%5B%5B95351425%5D%2C%5B95351426%2C%5B%5B45676441%2Cnull%2Cnull%2C%5B1%5D%5D%5D%5D%5D%5D%2C%5B1%2C%5B%5B95373378%2C%5B%5B792614055%2Cnull%2Cnull%2C%5B1%5D%5D%5D%5D%2C%5B95373379%2C%5B%5B45747172%2Cnull%2Cnull%2C%5B1%5D%5D%2C%5B781107959%2Cnull%2Cnull%2C%5B1%5D%5D%2C%5B792614055%2Cnull%2Cnull%2C%5B1%5D%5D%2C%5B781107957%2Cnull%2Cnull%2C%5B1%5D%5D%5D%5D%5D%5D%2C%5B10%2C%5B%5B95378629%5D%2C%5B95378630%2C%5B%5B45729602%2Cnull%2Cnull%2C%5B1%5D%5D%5D%5D%2C%5B95381582%2C%5B%5B45729602%2Cnull%2Cnull%2C%5B1%5D%5D%2C%5B45753603%2Cnull%2Cnull%2C%5B1%5D%5D%5D%5D%2C%5B95381583%2C%5B%5B45729602%2Cnull%2Cnull%2C%5B1%5D%5D%2C%5B45753604%2Cnull%2Cnull%2C%5B1%5D%5D%5D%5D%5D%5D%2C%5B50%2C%5B%5B95382403%5D%2C%5B95386528%2C%5B%5Bnull%2C45767902%2Cnull%2C%5B%5D%5D%2C%5B45756824%2Cnull%2Cnull%2C%5B1%5D%5D%5D%5D%5D%5D%2C%5B10%2C%5B%5B95385193%5D%2C%5B95385194%2C%5B%5B45765927%2Cnull%2Cnull%2C%5B1%5D%5D%5D%5D%5D%5D%2C%5B100%2C%5B%5B95387816%5D%2C%5B95387817%2C%5B%5B45774999%2Cnull%2Cnull%2C%5B1%5D%5D%5D%5D%5D%5D%2C%5B10%2C%5B%5B95389581%5D%2C%5B95389582%2C%5B%5B635466687%2Cnull%2Cnull%2C%5B1%5D%5D%5D%5D%5D%5D%5D%5D%5D%2Cnull%2Cnull%2C%5Bnull%2C1000%2C1%2C1000%5D%5D%22%7D&imalib_experiments=%5B95322027%2C95331589%2C95332046%5D&is_eap_loader=false&managed_js_experiment_id=0&page_correlator=2741654655927329&pvsid=4246089678810528&top_accessible_page_url=%22https%3A%2F%2Fmediatakeout.com%2F%22:0
[ 4225242ms] [WARNING] [GPT] Slot AdThrive_Content_2_desktop rendered inside of the viewport.
https://goo.gle/gpt-message#169 @ https://securepubads.g.doubleclick.net/pagead/managed/js/gpt/m202604290101/pubads_impl.js:18
[ 4223768ms] [ERROR] Attestation check for Shared Storage on https://www.googleadservices.com failed. @ https://www.googleadservices.com/pagead/managed/js/activeview/current/reach_worklet.html:0
[ 4223870ms] [ERROR] Attestation check for Shared Storage on https://www.googleadservices.com failed. @ https://www.googleadservices.com/pagead/managed/js/activeview/current/reach_worklet.html:0
[ 4223952ms] [ERROR] Attestation check for Shared Storage on https://www.googleadservices.com failed. @ https://www.googleadservices.com/pagead/managed/js/activeview/current/reach_worklet.html:0
[ 4224505ms] [ERROR] Attestation check for Shared Storage on https://www.googleadservices.com failed. @ https://www.googleadservices.com/pagead/managed/js/activeview/current/reach_worklet.html:0
[ 4225349ms] [ERROR] Attestation check for Shared Storage on https://www.googleadservices.com failed. @ https://www.googleadservices.com/pagead/managed/js/activeview/current/reach_worklet.html:0
[ 4226254ms] [ERROR] Attestation check for Attribution Reporting on https://ara.paa-reporting-advertising.amazon failed. @ https://mediatakeout.com/:0
[ 4226256ms] [ERROR] Attestation check for Shared Storage on https://ara.paa-reporting-advertising.amazon failed. @ https://aax-events-cell02-cf.us-east.3px.axp.amazon-adsystem.com/e/is/bb8e6d0b6c85b2b1fc673047a9802fc9/creative?b=JOB34GDCBh2O7oh_JG2DFg8AAAGd-qWqNQEAAAakAUIzcHhfdHhuX2JpZDMgICAzcHhfdHhuX2ltcDEgICAX__HV&ct=https%3A%2F%2Fbeacon-nf.rubiconproject.com%2Fbeacon%2Fv3%2Frs%2Fiad6%2F0%2Ffaa6a820-2a63-4423-b69d-f2f8807b8bdc%2F0%2F8lPPaSUQjJ_zWsYRm75S3lAIzd4%2F&bi=cfv1_CFjbJ1A-uMn14CqxZrcNwhP3TiB9aIU6zFtihVXCFliLdYD1Vo9d8Kp0kj1NnzyzmrR915NYwRDVsSCnZhp4V8gMFRpbeOmJa2oCX2BYcXKKMaYsjBVfz64dBUXsEPSDUKOtEhbQlMsXQHkNpW_NSHl2BgB0LehUL0F4TvkMfSCe5MKzkH4TcHSWPrarXc5DbRzeH7a84aoXIBlSC6U8QPQH-KWNmtIZKFO_FK4y0woS9OtDnaqkQ0caeSraugRkC3LcEN3hnCgxyU06b8d9XjGLUmbKa2a8Uak6MJq1b-mPh5RBJV19DXbr1vsxiARDUB94jH2B2UwDOXI0brFc9xzweSiHu1moxtk14ew7N5RS825kAxKc3ii95pAYelmSSxpzt02ZnHgQjkStUOvSHCIBCsiox4k-P71DZxY27lAKW7wPJmw5RABS2bBBUX8VC5SfD4i76fnsGC0fKUKSg9lOAA7S3AHtJnk5O4J0-ZqpFWlS1ZWO9Uy9Y0NRFYepi_5MtFpeC_YEkxiG0A_d1CfYW2FZaRQIIiibHWa_SJ_dRRiqITFy2z07IGnPMlvSZvElrJhATB3eta1SpFluaAXNPhh-kzERFNZudT2FvucQHJqRGeuC:0
[ 4226315ms] [ERROR] Access to fetch at 'https://ara.paa-reporting-advertising.amazon/register-source?eventType=view&lineId=577648097572831065&advertiserId=588144671063388427&bidId=CgUHUujpLkrh1mZFeJ6Qwg&campaignId=579139499257385125&destination=https%3A%2F%2Fwww.meowmix.com&creativeId=578097830356066327&is3p=true&sourceName=CS' from origin 'null' has been blocked by CORS policy: The value of the 'Access-Control-Allow-Origin' header in the response must not be the wildcard '*' when the request's credentials mode is 'include'. @ about:srcdoc:0
[ 4226315ms] [ERROR] Failed to load resource: net::ERR_FAILED @ https://ara.paa-reporting-advertising.amazon/register-source?eventType=view&lineId=577648097572831065&advertiserId=588144671063388427&bidId=CgUHUujpLkrh1mZFeJ6Qwg&campaignId=579139499257385125&destination=https%3A%2F%2Fwww.meowmix.com&creativeId=578097830356066327&is3p=true&sourceName=CS:0
[ 4228146ms] [TIMEEND] a: 0.0029296875 ms @ https://static.adsafeprotected.com/sca.17.6.4.js:31
[ 4230271ms] [LOG] PixelYourSite Free version 9.4.7.1 @ https://www.cheatsheet.com/news/dame-dash-finally-clears-up-beyonce-rumors-reveals-star-hit-on.html/:93
[ 4230361ms] [LOG] JQMIGRATE: Migrate is installed, version 3.4.1 @ https://www.cheatsheet.com/wp-includes/js/jquery/jquery-migrate.min.js?ver=3.4.1:1
[ 4231359ms] [WARNING] [GPT] PubAdsService.getTargeting is deprecated, use googletag.getConfig('targeting') instead.
https://goo.gle/gpt-message#200 @ https://securepubads.g.doubleclick.net/pagead/managed/js/gpt/m202604220103/pubads_impl.js?cb=31098171:18
[ 4231365ms] [WARNING] [GPT] Slot.setTargeting is deprecated, use Slot.setConfig({targeting: ...}) instead.
https://goo.gle/gpt-message#171 @ https://securepubads.g.doubleclick.net/pagead/managed/js/gpt/m202604220103/pubads_impl.js?cb=31098171:18
[ 4231500ms] [ERROR] Failed to load resource: net::ERR_CONNECTION_CLOSED @ https://gum.criteo.com/sid/json?origin=prebid&topUrl=https%3A%2F%2Fwww.cheatsheet.com%2F&domain=www.cheatsheet.com&cw=1&lsw=1:0
[ 4231508ms] [ERROR] Failed to load resource: the server responded with a status of 400 () @ https://ups.analytics.yahoo.com/ups/58404/fed?v=1&1p=0&gdpr=0&gdpr_consent=&us_privacy=&url=https://www.cheatsheet.com/news/dame-dash-finally-clears-up-beyonce-rumors-reveals-star-hit-on.html/&pixelId=58404:0
[ 4231703ms] [WARNING] adgb - not initialized. @ https://cdn.taboola.com/libtrc/endgame360-showbizcheatsheet/loader.js:0
[ 4231871ms] [ERROR] Failed to load resource: the server responded with a status of 400 () @ https://ups.analytics.yahoo.com/ups/58404/fed?v=1&1p=0&gdpr=0&gdpr_consent=&us_privacy=1YNY&url=https://www.cheatsheet.com/news/dame-dash-finally-clears-up-beyonce-rumors-reveals-star-hit-on.html/&pixelId=58404&he=ca68b7dbe4ebc49c5fd2d6864f71530fa1afa0d7f27261d3b21446b0f9081848:0
[ 4231917ms] [WARNING] Taboola Push Option modes "alternating-thumbnails-a" for placement-Below Article Thumbnails, not present in Publisher Config modes. @ https://cdn.taboola.com/libtrc/endgame360-showbizcheatsheet/loader.js:0
[ 4232127ms] [LOG] Called iframe: ads.pubmatic.com [] 
Number of topics:  0 @ https://ads.pubmatic.com/AdServer/js/topics/topics_frame.html?bidder=pubmatic:19
[ 4232958ms] [ERROR] Failed to load resource: net::ERR_NAME_NOT_RESOLVED @ https://pxl.connexity.net/c/cse?a=R&A=22c&D=569a&V=9&I0k=ptnrid&I0v=5852599e-db90-4e59-837e-ece128545d19-tuct10f40e11:0
[ 4233647ms] [ERROR] Failed to load resource: the server responded with a status of 400 () @ https://ups.analytics.yahoo.com/ups/58404/fed?v=1&1p=0&gdpr=0&gdpr_consent=&us_privacy=1YNY&url=https://www.cheatsheet.com/news/dame-dash-finally-clears-up-beyonce-rumors-reveals-star-hit-on.html/&pixelId=58404&he=ca68b7dbe4ebc49c5fd2d6864f71530fa1afa0d7f27261d3b21446b0f9081848:0
[ 4233700ms] [ERROR] Attestation check for Shared Storage on https://www.googleadservices.com failed. @ https://www.googleadservices.com/pagead/managed/js/activeview/current/reach_worklet.html:0
[ 4233703ms] [ERROR] Attestation check for Shared Storage on https://www.googleadservices.com failed. @ https://www.googleadservices.com/pagead/managed/js/activeview/current/reach_worklet.html:0
[ 4233704ms] [ERROR] Attestation check for Shared Storage on https://www.googleadservices.com failed. @ https://www.googleadservices.com/pagead/managed/js/activeview/current/reach_worklet.html:0
[ 4233705ms] [ERROR] Attestation check for Shared Storage on https://www.googleadservices.com failed. @ https://www.googleadservices.com/pagead/managed/js/activeview/current/reach_worklet.html:0
[ 4233752ms] [ERROR] Failed to load resource: net::ERR_NAME_NOT_RESOLVED @ https://cs.iqzone.com/1092f8787f1b733028860f25be048027.gif?puid=418cbdb8-5f04-4357-a01f-4fac96984bb3&redir=https%3A%2F%2Fms-cookie-sync.presage.io%2Fuser-sync%3Fiqzone_id%3D%5BUID%5D%26gdpr%3D0%26gdpr_consent%3D&gdpr=0&gdpr_consent=:0
[ 4233938ms] [ERROR] Attestation check for Shared Storage on https://securepubads.g.doubleclick.net failed. @ https://imasdk.googleapis.com/js/core/bridge3.761.0_en.html#deid=%22%22&eventfe_experiment_ids=%5B%5D&fid=%22goog_1470159800%22&genotype_experiment_data=%7B%22experimentStateProto%22%3A%22%5B%5B%5B45713128%2Cnull%2Cnull%2C%5B%5D%5D%2C%5Bnull%2C745150931%2Cnull%2C%5Bnull%2C1%5D%5D%2C%5Bnull%2C749060184%2Cnull%2C%5Bnull%2C128%5D%5D%2C%5B841585769%2Cnull%2Cnull%2C%5B1%5D%5D%2C%5B45761044%2Cnull%2Cnull%2C%5B%5D%5D%2C%5B45722344%2Cnull%2Cnull%2C%5B%5D%5D%2C%5B45706017%2Cnull%2Cnull%2C%5B1%5D%5D%2C%5B45774999%2Cnull%2Cnull%2C%5B%5D%5D%2C%5B45776042%2Cnull%2Cnull%2C%5B%5D%5D%2C%5B45668885%2Cnull%2Cnull%2C%5B%5D%5D%2C%5B45685340%2Cnull%2Cnull%2C%5B%5D%5D%2C%5B45765927%2Cnull%2Cnull%2C%5B%5D%5D%2C%5B45734716%2Cnull%2Cnull%2C%5B%5D%5D%2C%5B45735891%2Cnull%2Cnull%2C%5B%5D%5D%2C%5B45663239%2Cnull%2Cnull%2C%5B%5D%5D%2C%5B45715032%2Cnull%2Cnull%2C%5B1%5D%5D%2C%5B45661356%2Cnull%2Cnull%2C%5B%5D%5D%2C%5B839547366%2Cnull%2Cnull%2C%5B1%5D%5D%2C%5B45676441%2Cnull%2Cnull%2C%5B%5D%5D%2C%5Bnull%2C45645574%2Cnull%2C%5B%5D%5D%2C%5B45688859%2Cnull%2Cnull%2C%5B%5D%5D%2C%5B45656766%2Cnull%2Cnull%2C%5B%5D%5D%2C%5B45710689%2Cnull%2Cnull%2C%5B%5D%5D%2C%5B45710688%2Cnull%2Cnull%2C%5B1%5D%5D%2C%5B45685601%2Cnull%2Cnull%2C%5B%5D%5D%2C%5Bnull%2C45685602%2Cnull%2C%5Bnull%2C500%5D%5D%2C%5Bnull%2C45767902%2Cnull%2C%5Bnull%2C500%5D%5D%2C%5B45756824%2Cnull%2Cnull%2C%5B%5D%5D%2C%5B45747172%2Cnull%2Cnull%2C%5B%5D%5D%2C%5B775241416%2Cnull%2Cnull%2C%5B%5D%5D%2C%5B781107959%2Cnull%2Cnull%2C%5B%5D%5D%2C%5B781107958%2Cnull%2Cnull%2C%5B%5D%5D%2C%5B792614055%2Cnull%2Cnull%2C%5B%5D%5D%2C%5B781107957%2Cnull%2Cnull%2C%5B%5D%5D%2C%5B45729602%2Cnull%2Cnull%2C%5B%5D%5D%2C%5B45753603%2Cnull%2Cnull%2C%5B%5D%5D%2C%5B45753604%2Cnull%2Cnull%2C%5B%5D%5D%5D%2C%5B%5B16%2C%5B%5B1%2C%5B%5B31089630%5D%2C%5B31089631%2C%5B%5B45668885%2Cnull%2Cnull%2C%5B1%5D%5D%5D%5D%5D%5D%2C%5B10%2C%5B%5B31097690%5D%2C%5B31097691%2C%5B%5B846355750%2Cnull%2Cnull%2C%5B1%5D%5D%5D%5D%5D%5D%2C%5B1000%2C%5B%5B95332046%5D%5D%5D%2C%5Bnull%2C%5B%5B95332047%5D%5D%5D%2C%5B10%2C%5B%5B95338769%2C%5B%5Bnull%2C45645574%2Cnull%2C%5Bnull%2C1%5D%5D%5D%5D%2C%5B95338770%2C%5B%5Bnull%2C45645574%2Cnull%2C%5Bnull%2C2%5D%5D%5D%5D%5D%5D%2C%5B50%2C%5B%5B95345206%5D%2C%5B95345207%2C%5B%5B45661356%2Cnull%2Cnull%2C%5B1%5D%5D%5D%5D%5D%5D%2C%5B1%2C%5B%5B95351425%5D%2C%5B95351426%2C%5B%5B45676441%2Cnull%2Cnull%2C%5B1%5D%5D%5D%5D%5D%5D%2C%5B1%2C%5B%5B95373378%2C%5B%5B792614055%2Cnull%2Cnull%2C%5B1%5D%5D%5D%5D%2C%5B95373379%2C%5B%5B45747172%2Cnull%2Cnull%2C%5B1%5D%5D%2C%5B781107959%2Cnull%2Cnull%2C%5B1%5D%5D%2C%5B792614055%2Cnull%2Cnull%2C%5B1%5D%5D%2C%5B781107957%2Cnull%2Cnull%2C%5B1%5D%5D%5D%5D%5D%5D%2C%5B10%2C%5B%5B95378629%5D%2C%5B95378630%2C%5B%5B45729602%2Cnull%2Cnull%2C%5B1%5D%5D%5D%5D%2C%5B95381582%2C%5B%5B45729602%2Cnull%2Cnull%2C%5B1%5D%5D%2C%5B45753603%2Cnull%2Cnull%2C%5B1%5D%5D%5D%5D%2C%5B95381583%2C%5B%5B45729602%2Cnull%2Cnull%2C%5B1%5D%5D%2C%5B45753604%2Cnull%2Cnull%2C%5B1%5D%5D%5D%5D%5D%5D%2C%5B50%2C%5B%5B95382403%5D%2C%5B95386528%2C%5B%5Bnull%2C45767902%2Cnull%2C%5B%5D%5D%2C%5B45756824%2Cnull%2Cnull%2C%5B1%5D%5D%5D%5D%5D%5D%2C%5B10%2C%5B%5B95385193%5D%2C%5B95385194%2C%5B%5B45765927%2Cnull%2Cnull%2C%5B1%5D%5D%5D%5D%5D%5D%2C%5B100%2C%5B%5B95387816%5D%2C%5B95387817%2C%5B%5B45774999%2Cnull%2Cnull%2C%5B1%5D%5D%5D%5D%5D%5D%2C%5B10%2C%5B%5B95389581%5D%2C%5B95389582%2C%5B%5B635466687%2Cnull%2Cnull%2C%5B1%5D%5D%5D%5D%5D%5D%5D%5D%5D%2Cnull%2Cnull%2C%5Bnull%2C1000%2C1%2C1000%5D%5D%22%7D&imalib_experiments=%5B95342169%2C95322027%2C95331589%2C31097691%2C95332046%2C95387817%5D&is_eap_loader=false&managed_js_experiment_id=0&page_correlator=69638288509456&pvsid=1790650326898320&top_accessible_page_url=%22https%3A%2F%2Fwww.cheatsheet.com%2Fnews%2Fdame-dash-finally-clears-up-beyonce-rumors-reveals-star-hit-on.html%2F%22:0
[ 4234173ms] [ERROR] Failed to load resource: the server responded with a status of 404 (Not Found) @ https://b1sync.zemanta.com/usersync/ogury/?gdpr=0&gdpr_consent=&cb=https%3A%2F%2Fms-cookie-sync.presage.io%2Fuser-sync%3Foutbrain_id%3D__ZUID__:0
[ 4234177ms] [ERROR] Failed to load resource: net::ERR_NAME_NOT_RESOLVED @ https://gixel.gnetwork.me/?giaudi_id=5852599e-db90-4e59-837e-ece128545d19-tuct10f40e11:0
[ 4233700ms] [ERROR] Attestation check for Shared Storage on https://www.googleadservices.com failed. @ https://www.googleadservices.com/pagead/managed/js/activeview/current/reach_worklet.html:0
[ 4233703ms] [ERROR] Attestation check for Shared Storage on https://www.googleadservices.com failed. @ https://www.googleadservices.com/pagead/managed/js/activeview/current/reach_worklet.html:0
[ 4233704ms] [ERROR] Attestation check for Shared Storage on https://www.googleadservices.com failed. @ https://www.googleadservices.com/pagead/managed/js/activeview/current/reach_worklet.html:0
[ 4233705ms] [ERROR] Attestation check for Shared Storage on https://www.googleadservices.com failed. @ https://www.googleadservices.com/pagead/managed/js/activeview/current/reach_worklet.html:0
[ 4233700ms] [ERROR] Attestation check for Shared Storage on https://www.googleadservices.com failed. @ https://www.googleadservices.com/pagead/managed/js/activeview/current/reach_worklet.html:0
[ 4233703ms] [ERROR] Attestation check for Shared Storage on https://www.googleadservices.com failed. @ https://www.googleadservices.com/pagead/managed/js/activeview/current/reach_worklet.html:0
[ 4233704ms] [ERROR] Attestation check for Shared Storage on https://www.googleadservices.com failed. @ https://www.googleadservices.com/pagead/managed/js/activeview/current/reach_worklet.html:0
[ 4233705ms] [ERROR] Attestation check for Shared Storage on https://www.googleadservices.com failed. @ https://www.googleadservices.com/pagead/managed/js/activeview/current/reach_worklet.html:0
[ 4233700ms] [ERROR] Attestation check for Shared Storage on https://www.googleadservices.com failed. @ https://www.googleadservices.com/pagead/managed/js/activeview/current/reach_worklet.html:0
[ 4233703ms] [ERROR] Attestation check for Shared Storage on https://www.googleadservices.com failed. @ https://www.googleadservices.com/pagead/managed/js/activeview/current/reach_worklet.html:0
[ 4233704ms] [ERROR] Attestation check for Shared Storage on https://www.googleadservices.com failed. @ https://www.googleadservices.com/pagead/managed/js/activeview/current/reach_worklet.html:0
[ 4233705ms] [ERROR] Attestation check for Shared Storage on https://www.googleadservices.com failed. @ https://www.googleadservices.com/pagead/managed/js/activeview/current/reach_worklet.html:0
[ 4234288ms] [ERROR] Attestation check for Shared Storage on https://www.googleadservices.com failed. @ https://www.googleadservices.com/pagead/managed/js/activeview/current/reach_worklet.html:0
[ 4234361ms] [ERROR] Attestation check for Shared Storage on https://www.googleadservices.com failed. @ https://www.googleadservices.com/pagead/managed/js/activeview/current/reach_worklet.html:0
[ 4234362ms] [ERROR] Attestation check for Shared Storage on https://www.googleadservices.com failed. @ https://www.googleadservices.com/pagead/managed/js/activeview/current/reach_worklet.html:0
[ 4234451ms] [WARNING] Mixed Content: The page at 'https://ssum-sec.casalemedia.com/usermatch?s=182496&gdpr=&gdpr_consent=&us_privacy=1YNY&gpp=&gpp_sid=&cb=https%3A%2F%2Fprebid.production.adthrive.com%2Fsetuid%3Fversion%3Dexperiment-14%26bidder%3Dix%26gdpr%3D%26gdpr_consent%3D%26us_privacy%3D1YNY%26gpp%3D%26gpp_sid%3D%26f%3Db%26uid%3D' was loaded over HTTPS, but requested an insecure element 'http://rtb2-useast.delivrdsp.ai/sync?exchange=1378&r=https%3A%2F%2Fdsum-sec.casalemedia.com%2Fcrum%3Fcm_dsp_id%3D282%26external_user_id%3D%7BUID%7D&us_privacy=1YNY'. This request was automatically upgraded to HTTPS, For more information see https://blog.chromium.org/2019/10/no-more-mixed-messages-about-https.html @ https://ssum-sec.casalemedia.com/usermatch?s=182496&gdpr=&gdpr_consent=&us_privacy=1YNY&gpp=&gpp_sid=&cb=https%3A%2F%2Fprebid.production.adthrive.com%2Fsetuid%3Fversion%3Dexperiment-14%26bidder%3Dix%26gdpr%3D%26gdpr_consent%3D%26us_privacy%3D1YNY%26gpp%3D%26gpp_sid%3D%26f%3Db%26uid%3D:0
[ 4234453ms] [WARNING] Mixed Content: The page at 'https://ssum-sec.casalemedia.com/usermatch?s=182496&gdpr=&gdpr_consent=&us_privacy=1YNY&gpp=&gpp_sid=&cb=https%3A%2F%2Fprebid.production.adthrive.com%2Fsetuid%3Fversion%3Dexperiment-14%26bidder%3Dix%26gdpr%3D%26gdpr_consent%3D%26us_privacy%3D1YNY%26gpp%3D%26gpp_sid%3D%26f%3Db%26uid%3D' was loaded over HTTPS, but requested an insecure element 'http://rtb2-useast.delivrdsp.ai/sync?exchange=1378&r=https%3A%2F%2Fdsum-sec.casalemedia.com%2Fcrum%3Fcm_dsp_id%3D282%26external_user_id%3D%7BUID%7D&us_privacy=1YNY'. This request was automatically upgraded to HTTPS, For more information see https://blog.chromium.org/2019/10/no-more-mixed-messages-about-https.html @ https://ssum-sec.casalemedia.com/usermatch?s=182496&gdpr=&gdpr_consent=&us_privacy=1YNY&gpp=&gpp_sid=&cb=https%3A%2F%2Fprebid.production.adthrive.com%2Fsetuid%3Fversion%3Dexperiment-14%26bidder%3Dix%26gdpr%3D%26gdpr_consent%3D%26us_privacy%3D1YNY%26gpp%3D%26gpp_sid%3D%26f%3Db%26uid%3D:0
[ 4233700ms] [ERROR] Attestation check for Shared Storage on https://www.googleadservices.com failed. @ https://www.googleadservices.com/pagead/managed/js/activeview/current/reach_worklet.html:0
[ 4233703ms] [ERROR] Attestation check for Shared Storage on https://www.googleadservices.com failed. @ https://www.googleadservices.com/pagead/managed/js/activeview/current/reach_worklet.html:0
[ 4233704ms] [ERROR] Attestation check for Shared Storage on https://www.googleadservices.com failed. @ https://www.googleadservices.com/pagead/managed/js/activeview/current/reach_worklet.html:0
[ 4233705ms] [ERROR] Attestation check for Shared Storage on https://www.googleadservices.com failed. @ https://www.googleadservices.com/pagead/managed/js/activeview/current/reach_worklet.html:0
[ 4234288ms] [ERROR] Attestation check for Shared Storage on https://www.googleadservices.com failed. @ https://www.googleadservices.com/pagead/managed/js/activeview/current/reach_worklet.html:0
[ 4234361ms] [ERROR] Attestation check for Shared Storage on https://www.googleadservices.com failed. @ https://www.googleadservices.com/pagead/managed/js/activeview/current/reach_worklet.html:0
[ 4234362ms] [ERROR] Attestation check for Shared Storage on https://www.googleadservices.com failed. @ https://www.googleadservices.com/pagead/managed/js/activeview/current/reach_worklet.html:0
[ 4234504ms] [ERROR] Attestation check for Shared Storage on https://www.googleadservices.com failed. @ https://www.googleadservices.com/pagead/managed/js/activeview/current/reach_worklet.html:0
[ 4234640ms] [ERROR] Failed to load resource: net::ERR_NAME_NOT_RESOLVED @ https://tags.bluekai.com/site/2981?redir=https%3A%2F%2Fcm.g.doubleclick.net%2Fpixel%3Fgoogle_nid%3Dbluekai%26google_hm%3D%24_BK_UUID_B64&gdpr=0&gpp=DBABzw~1YNY~BVQqAAAAAgA&gpp_sid=6,7:0
[ 4234667ms] [ERROR] Failed to load resource: net::ERR_NAME_NOT_RESOLVED @ https://x.dlx.addthis.com/e/googlegdn_sync?na_exid=CAESELYuBmpmZPhBlcbYRb4BhOA&gdpr=0&gpp=DBABzw~1YNY~BVQqAAAAAgA&gpp_sid=6,7&google_cver=1:0
[ 4234988ms] [ERROR] Attestation check for Shared Storage on https://securepubads.g.doubleclick.net failed. @ https://imasdk.googleapis.com/js/core/bridge3.761.0_en.html#deid=%22%22&eventfe_experiment_ids=%5B%5D&fid=%22goog_994371560%22&genotype_experiment_data=%7B%22experimentStateProto%22%3A%22%5B%5B%5B45713128%2Cnull%2Cnull%2C%5B%5D%5D%2C%5Bnull%2C745150931%2Cnull%2C%5Bnull%2C1%5D%5D%2C%5Bnull%2C749060184%2Cnull%2C%5Bnull%2C128%5D%5D%2C%5B841585769%2Cnull%2Cnull%2C%5B1%5D%5D%2C%5B45761044%2Cnull%2Cnull%2C%5B%5D%5D%2C%5B45722344%2Cnull%2Cnull%2C%5B%5D%5D%2C%5B45706017%2Cnull%2Cnull%2C%5B1%5D%5D%2C%5B45774999%2Cnull%2Cnull%2C%5B%5D%5D%2C%5B45776042%2Cnull%2Cnull%2C%5B%5D%5D%2C%5B45668885%2Cnull%2Cnull%2C%5B%5D%5D%2C%5B45685340%2Cnull%2Cnull%2C%5B%5D%5D%2C%5B45765927%2Cnull%2Cnull%2C%5B%5D%5D%2C%5B45734716%2Cnull%2Cnull%2C%5B%5D%5D%2C%5B45735891%2Cnull%2Cnull%2C%5B%5D%5D%2C%5B45663239%2Cnull%2Cnull%2C%5B%5D%5D%2C%5B45715032%2Cnull%2Cnull%2C%5B1%5D%5D%2C%5B45661356%2Cnull%2Cnull%2C%5B%5D%5D%2C%5B839547366%2Cnull%2Cnull%2C%5B1%5D%5D%2C%5B45676441%2Cnull%2Cnull%2C%5B%5D%5D%2C%5Bnull%2C45645574%2Cnull%2C%5B%5D%5D%2C%5B45688859%2Cnull%2Cnull%2C%5B%5D%5D%2C%5B45656766%2Cnull%2Cnull%2C%5B%5D%5D%2C%5B45710689%2Cnull%2Cnull%2C%5B%5D%5D%2C%5B45710688%2Cnull%2Cnull%2C%5B1%5D%5D%2C%5B45685601%2Cnull%2Cnull%2C%5B%5D%5D%2C%5Bnull%2C45685602%2Cnull%2C%5Bnull%2C500%5D%5D%2C%5Bnull%2C45767902%2Cnull%2C%5Bnull%2C500%5D%5D%2C%5B45756824%2Cnull%2Cnull%2C%5B%5D%5D%2C%5B45747172%2Cnull%2Cnull%2C%5B%5D%5D%2C%5B775241416%2Cnull%2Cnull%2C%5B%5D%5D%2C%5B781107959%2Cnull%2Cnull%2C%5B%5D%5D%2C%5B781107958%2Cnull%2Cnull%2C%5B%5D%5D%2C%5B792614055%2Cnull%2Cnull%2C%5B%5D%5D%2C%5B781107957%2Cnull%2Cnull%2C%5B%5D%5D%2C%5B45729602%2Cnull%2Cnull%2C%5B%5D%5D%2C%5B45753603%2Cnull%2Cnull%2C%5B%5D%5D%2C%5B45753604%2Cnull%2Cnull%2C%5B%5D%5D%5D%2C%5B%5B16%2C%5B%5B1%2C%5B%5B31089630%5D%2C%5B31089631%2C%5B%5B45668885%2Cnull%2Cnull%2C%5B1%5D%5D%5D%5D%5D%5D%2C%5B10%2C%5B%5B31097690%5D%2C%5B31097691%2C%5B%5B846355750%2Cnull%2Cnull%2C%5B1%5D%5D%5D%5D%5D%5D%2C%5B1000%2C%5B%5B95332046%5D%5D%5D%2C%5Bnull%2C%5B%5B95332047%5D%5D%5D%2C%5B10%2C%5B%5B95338769%2C%5B%5Bnull%2C45645574%2Cnull%2C%5Bnull%2C1%5D%5D%5D%5D%2C%5B95338770%2C%5B%5Bnull%2C45645574%2Cnull%2C%5Bnull%2C2%5D%5D%5D%5D%5D%5D%2C%5B50%2C%5B%5B95345206%5D%2C%5B95345207%2C%5B%5B45661356%2Cnull%2Cnull%2C%5B1%5D%5D%5D%5D%5D%5D%2C%5B1%2C%5B%5B95351425%5D%2C%5B95351426%2C%5B%5B45676441%2Cnull%2Cnull%2C%5B1%5D%5D%5D%5D%5D%5D%2C%5B1%2C%5B%5B95373378%2C%5B%5B792614055%2Cnull%2Cnull%2C%5B1%5D%5D%5D%5D%2C%5B95373379%2C%5B%5B45747172%2Cnull%2Cnull%2C%5B1%5D%5D%2C%5B781107959%2Cnull%2Cnull%2C%5B1%5D%5D%2C%5B792614055%2Cnull%2Cnull%2C%5B1%5D%5D%2C%5B781107957%2Cnull%2Cnull%2C%5B1%5D%5D%5D%5D%5D%5D%2C%5B10%2C%5B%5B95378629%5D%2C%5B95378630%2C%5B%5B45729602%2Cnull%2Cnull%2C%5B1%5D%5D%5D%5D%2C%5B95381582%2C%5B%5B45729602%2Cnull%2Cnull%2C%5B1%5D%5D%2C%5B45753603%2Cnull%2Cnull%2C%5B1%5D%5D%5D%5D%2C%5B95381583%2C%5B%5B45729602%2Cnull%2Cnull%2C%5B1%5D%5D%2C%5B45753604%2Cnull%2Cnull%2C%5B1%5D%5D%5D%5D%5D%5D%2C%5B50%2C%5B%5B95382403%5D%2C%5B95386528%2C%5B%5Bnull%2C45767902%2Cnull%2C%5B%5D%5D%2C%5B45756824%2Cnull%2Cnull%2C%5B1%5D%5D%5D%5D%5D%5D%2C%5B10%2C%5B%5B95385193%5D%2C%5B95385194%2C%5B%5B45765927%2Cnull%2Cnull%2C%5B1%5D%5D%5D%5D%5D%5D%2C%5B100%2C%5B%5B95387816%5D%2C%5B95387817%2C%5B%5B45774999%2Cnull%2Cnull%2C%5B1%5D%5D%5D%5D%5D%5D%2C%5B10%2C%5B%5B95389581%5D%2C%5B95389582%2C%5B%5B635466687%2Cnull%2Cnull%2C%5B1%5D%5D%5D%5D%5D%5D%5D%5D%5D%2Cnull%2Cnull%2C%5Bnull%2C1000%2C1%2C1000%5D%5D%22%7D&imalib_experiments=%5B95322027%2C95331589%2C31097691%2C95332046%2C95387817%5D&is_eap_loader=false&managed_js_experiment_id=0&page_correlator=4167502593703399&pvsid=1790650326898320&top_accessible_page_url=%22https%3A%2F%2Fwww.cheatsheet.com%2Fnews%2Fdame-dash-finally-clears-up-beyonce-rumors-reveals-star-hit-on.html%2F%22:0
[ 4234451ms] [WARNING] Mixed Content: The page at 'https://ssum-sec.casalemedia.com/usermatch?s=182496&gdpr=&gdpr_consent=&us_privacy=1YNY&gpp=&gpp_sid=&cb=https%3A%2F%2Fprebid.production.adthrive.com%2Fsetuid%3Fversion%3Dexperiment-14%26bidder%3Dix%26gdpr%3D%26gdpr_consent%3D%26us_privacy%3D1YNY%26gpp%3D%26gpp_sid%3D%26f%3Db%26uid%3D' was loaded over HTTPS, but requested an insecure element 'http://rtb2-useast.delivrdsp.ai/sync?exchange=1378&r=https%3A%2F%2Fdsum-sec.casalemedia.com%2Fcrum%3Fcm_dsp_id%3D282%26external_user_id%3D%7BUID%7D&us_privacy=1YNY'. This request was automatically upgraded to HTTPS, For more information see https://blog.chromium.org/2019/10/no-more-mixed-messages-about-https.html @ https://ssum-sec.casalemedia.com/usermatch?s=182496&gdpr=&gdpr_consent=&us_privacy=1YNY&gpp=&gpp_sid=&cb=https%3A%2F%2Fprebid.production.adthrive.com%2Fsetuid%3Fversion%3Dexperiment-14%26bidder%3Dix%26gdpr%3D%26gdpr_consent%3D%26us_privacy%3D1YNY%26gpp%3D%26gpp_sid%3D%26f%3Db%26uid%3D:0
[ 4234453ms] [WARNING] Mixed Content: The page at 'https://ssum-sec.casalemedia.com/usermatch?s=182496&gdpr=&gdpr_consent=&us_privacy=1YNY&gpp=&gpp_sid=&cb=https%3A%2F%2Fprebid.production.adthrive.com%2Fsetuid%3Fversion%3Dexperiment-14%26bidder%3Dix%26gdpr%3D%26gdpr_consent%3D%26us_privacy%3D1YNY%26gpp%3D%26gpp_sid%3D%26f%3Db%26uid%3D' was loaded over HTTPS, but requested an insecure element 'http://rtb2-useast.delivrdsp.ai/sync?exchange=1378&r=https%3A%2F%2Fdsum-sec.casalemedia.com%2Fcrum%3Fcm_dsp_id%3D282%26external_user_id%3D%7BUID%7D&us_privacy=1YNY'. This request was automatically upgraded to HTTPS, For more information see https://blog.chromium.org/2019/10/no-more-mixed-messages-about-https.html @ https://ssum-sec.casalemedia.com/usermatch?s=182496&gdpr=&gdpr_consent=&us_privacy=1YNY&gpp=&gpp_sid=&cb=https%3A%2F%2Fprebid.production.adthrive.com%2Fsetuid%3Fversion%3Dexperiment-14%26bidder%3Dix%26gdpr%3D%26gdpr_consent%3D%26us_privacy%3D1YNY%26gpp%3D%26gpp_sid%3D%26f%3Db%26uid%3D:0
[ 4234451ms] [WARNING] Mixed Content: The page at 'https://ssum-sec.casalemedia.com/usermatch?s=182496&gdpr=&gdpr_consent=&us_privacy=1YNY&gpp=&gpp_sid=&cb=https%3A%2F%2Fprebid.production.adthrive.com%2Fsetuid%3Fversion%3Dexperiment-14%26bidder%3Dix%26gdpr%3D%26gdpr_consent%3D%26us_privacy%3D1YNY%26gpp%3D%26gpp_sid%3D%26f%3Db%26uid%3D' was loaded over HTTPS, but requested an insecure element 'http://rtb2-useast.delivrdsp.ai/sync?exchange=1378&r=https%3A%2F%2Fdsum-sec.casalemedia.com%2Fcrum%3Fcm_dsp_id%3D282%26external_user_id%3D%7BUID%7D&us_privacy=1YNY'. This request was automatically upgraded to HTTPS, For more information see https://blog.chromium.org/2019/10/no-more-mixed-messages-about-https.html @ https://ssum-sec.casalemedia.com/usermatch?s=182496&gdpr=&gdpr_consent=&us_privacy=1YNY&gpp=&gpp_sid=&cb=https%3A%2F%2Fprebid.production.adthrive.com%2Fsetuid%3Fversion%3Dexperiment-14%26bidder%3Dix%26gdpr%3D%26gdpr_consent%3D%26us_privacy%3D1YNY%26gpp%3D%26gpp_sid%3D%26f%3Db%26uid%3D:0
[ 4234453ms] [WARNING] Mixed Content: The page at 'https://ssum-sec.casalemedia.com/usermatch?s=182496&gdpr=&gdpr_consent=&us_privacy=1YNY&gpp=&gpp_sid=&cb=https%3A%2F%2Fprebid.production.adthrive.com%2Fsetuid%3Fversion%3Dexperiment-14%26bidder%3Dix%26gdpr%3D%26gdpr_consent%3D%26us_privacy%3D1YNY%26gpp%3D%26gpp_sid%3D%26f%3Db%26uid%3D' was loaded over HTTPS, but requested an insecure element 'http://rtb2-useast.delivrdsp.ai/sync?exchange=1378&r=https%3A%2F%2Fdsum-sec.casalemedia.com%2Fcrum%3Fcm_dsp_id%3D282%26external_user_id%3D%7BUID%7D&us_privacy=1YNY'. This request was automatically upgraded to HTTPS, For more information see https://blog.chromium.org/2019/10/no-more-mixed-messages-about-https.html @ https://ssum-sec.casalemedia.com/usermatch?s=182496&gdpr=&gdpr_consent=&us_privacy=1YNY&gpp=&gpp_sid=&cb=https%3A%2F%2Fprebid.production.adthrive.com%2Fsetuid%3Fversion%3Dexperiment-14%26bidder%3Dix%26gdpr%3D%26gdpr_consent%3D%26us_privacy%3D1YNY%26gpp%3D%26gpp_sid%3D%26f%3Db%26uid%3D:0
[ 4234451ms] [WARNING] Mixed Content: The page at 'https://ssum-sec.casalemedia.com/usermatch?s=182496&gdpr=&gdpr_consent=&us_privacy=1YNY&gpp=&gpp_sid=&cb=https%3A%2F%2Fprebid.production.adthrive.com%2Fsetuid%3Fversion%3Dexperiment-14%26bidder%3Dix%26gdpr%3D%26gdpr_consent%3D%26us_privacy%3D1YNY%26gpp%3D%26gpp_sid%3D%26f%3Db%26uid%3D' was loaded over HTTPS, but requested an insecure element 'http://rtb2-useast.delivrdsp.ai/sync?exchange=1378&r=https%3A%2F%2Fdsum-sec.casalemedia.com%2Fcrum%3Fcm_dsp_id%3D282%26external_user_id%3D%7BUID%7D&us_privacy=1YNY'. This request was automatically upgraded to HTTPS, For more information see https://blog.chromium.org/2019/10/no-more-mixed-messages-about-https.html @ https://ssum-sec.casalemedia.com/usermatch?s=182496&gdpr=&gdpr_consent=&us_privacy=1YNY&gpp=&gpp_sid=&cb=https%3A%2F%2Fprebid.production.adthrive.com%2Fsetuid%3Fversion%3Dexperiment-14%26bidder%3Dix%26gdpr%3D%26gdpr_consent%3D%26us_privacy%3D1YNY%26gpp%3D%26gpp_sid%3D%26f%3Db%26uid%3D:0
[ 4234453ms] [WARNING] Mixed Content: The page at 'https://ssum-sec.casalemedia.com/usermatch?s=182496&gdpr=&gdpr_consent=&us_privacy=1YNY&gpp=&gpp_sid=&cb=https%3A%2F%2Fprebid.production.adthrive.com%2Fsetuid%3Fversion%3Dexperiment-14%26bidder%3Dix%26gdpr%3D%26gdpr_consent%3D%26us_privacy%3D1YNY%26gpp%3D%26gpp_sid%3D%26f%3Db%26uid%3D' was loaded over HTTPS, but requested an insecure element 'http://rtb2-useast.delivrdsp.ai/sync?exchange=1378&r=https%3A%2F%2Fdsum-sec.casalemedia.com%2Fcrum%3Fcm_dsp_id%3D282%26external_user_id%3D%7BUID%7D&us_privacy=1YNY'. This request was automatically upgraded to HTTPS, For more information see https://blog.chromium.org/2019/10/no-more-mixed-messages-about-https.html @ https://ssum-sec.casalemedia.com/usermatch?s=182496&gdpr=&gdpr_consent=&us_privacy=1YNY&gpp=&gpp_sid=&cb=https%3A%2F%2Fprebid.production.adthrive.com%2Fsetuid%3Fversion%3Dexperiment-14%26bidder%3Dix%26gdpr%3D%26gdpr_consent%3D%26us_privacy%3D1YNY%26gpp%3D%26gpp_sid%3D%26f%3Db%26uid%3D:0
[ 4233700ms] [ERROR] Attestation check for Shared Storage on https://www.googleadservices.com failed. @ https://www.googleadservices.com/pagead/managed/js/activeview/current/reach_worklet.html:0
[ 4233703ms] [ERROR] Attestation check for Shared Storage on https://www.googleadservices.com failed. @ https://www.googleadservices.com/pagead/managed/js/activeview/current/reach_worklet.html:0
[ 4233704ms] [ERROR] Attestation check for Shared Storage on https://www.googleadservices.com failed. @ https://www.googleadservices.com/pagead/managed/js/activeview/current/reach_worklet.html:0
[ 4233705ms] [ERROR] Attestation check for Shared Storage on https://www.googleadservices.com failed. @ https://www.googleadservices.com/pagead/managed/js/activeview/current/reach_worklet.html:0
[ 4234288ms] [ERROR] Attestation check for Shared Storage on https://www.googleadservices.com failed. @ https://www.googleadservices.com/pagead/managed/js/activeview/current/reach_worklet.html:0
[ 4234361ms] [ERROR] Attestation check for Shared Storage on https://www.googleadservices.com failed. @ https://www.googleadservices.com/pagead/managed/js/activeview/current/reach_worklet.html:0
[ 4234362ms] [ERROR] Attestation check for Shared Storage on https://www.googleadservices.com failed. @ https://www.googleadservices.com/pagead/managed/js/activeview/current/reach_worklet.html:0
[ 4234504ms] [ERROR] Attestation check for Shared Storage on https://www.googleadservices.com failed. @ https://www.googleadservices.com/pagead/managed/js/activeview/current/reach_worklet.html:0
[ 4248504ms] [ERROR] Attestation check for Shared Storage on https://www.googleadservices.com failed. @ https://www.googleadservices.com/pagead/managed/js/activeview/current/reach_worklet.html:0
[ 4233700ms] [ERROR] Attestation check for Shared Storage on https://www.googleadservices.com failed. @ https://www.googleadservices.com/pagead/managed/js/activeview/current/reach_worklet.html:0
[ 4233703ms] [ERROR] Attestation check for Shared Storage on https://www.googleadservices.com failed. @ https://www.googleadservices.com/pagead/managed/js/activeview/current/reach_worklet.html:0
[ 4233704ms] [ERROR] Attestation check for Shared Storage on https://www.googleadservices.com failed. @ https://www.googleadservices.com/pagead/managed/js/activeview/current/reach_worklet.html:0
[ 4233705ms] [ERROR] Attestation check for Shared Storage on https://www.googleadservices.com failed. @ https://www.googleadservices.com/pagead/managed/js/activeview/current/reach_worklet.html:0
[ 4234288ms] [ERROR] Attestation check for Shared Storage on https://www.googleadservices.com failed. @ https://www.googleadservices.com/pagead/managed/js/activeview/current/reach_worklet.html:0
[ 4234361ms] [ERROR] Attestation check for Shared Storage on https://www.googleadservices.com failed. @ https://www.googleadservices.com/pagead/managed/js/activeview/current/reach_worklet.html:0
[ 4234362ms] [ERROR] Attestation check for Shared Storage on https://www.googleadservices.com failed. @ https://www.googleadservices.com/pagead/managed/js/activeview/current/reach_worklet.html:0
[ 4234504ms] [ERROR] Attestation check for Shared Storage on https://www.googleadservices.com failed. @ https://www.googleadservices.com/pagead/managed/js/activeview/current/reach_worklet.html:0
[ 4248504ms] [ERROR] Attestation check for Shared Storage on https://www.googleadservices.com failed. @ https://www.googleadservices.com/pagead/managed/js/activeview/current/reach_worklet.html:0
[ 4248691ms] [ERROR] Attestation check for Shared Storage on https://www.googleadservices.com failed. @ https://www.googleadservices.com/pagead/managed/js/activeview/current/reach_worklet.html:0
[ 4252430ms] [ERROR] Failed to load resource: net::ERR_TIMED_OUT @ https://polarcdn-terrax.com/nativeads/v1.4.0/json/hostname/__RND__.safeframe.googlesyndication.com/creative/d039b1aa472942119ca6b2ed7a44d6b7:0
[ 4256676ms] [ERROR] Failed to load resource: net::ERR_TIMED_OUT @ https://c.evidon.com/durly.js?;coid=391;nid=167611;ad_wxh=320x50;:0
[ 4261000ms] [WARNING] Taboola Push Option modes "alternating-thumbnails-a" for placement-Below Article Thumbnails, not present in Publisher Config modes. @ https://cdn.taboola.com/libtrc/endgame360-showbizcheatsheet/loader.js:0
[ 4261339ms] [ERROR] Failed to load resource: net::ERR_TIMED_OUT @ https://odr.mookie1.com/t/v2?tagid=V2_2087&src.visitorId=131ca776-4d8c-4fdf-bbe9-d8da42b4865a&gdpr=0&gdpr_consent=:0
[ 4252430ms] [ERROR] Failed to load resource: net::ERR_TIMED_OUT @ https://polarcdn-terrax.com/nativeads/v1.4.0/json/hostname/__RND__.safeframe.googlesyndication.com/creative/d039b1aa472942119ca6b2ed7a44d6b7:0
[ 4256676ms] [ERROR] Failed to load resource: net::ERR_TIMED_OUT @ https://c.evidon.com/durly.js?;coid=391;nid=167611;ad_wxh=320x50;:0
[ 4261339ms] [ERROR] Failed to load resource: net::ERR_TIMED_OUT @ https://odr.mookie1.com/t/v2?tagid=V2_2087&src.visitorId=131ca776-4d8c-4fdf-bbe9-d8da42b4865a&gdpr=0&gdpr_consent=:0
[ 4263363ms] [LOG] Failed to read a named property 'document' from 'Window': Blocked a frame with origin "https://4892f6147232ea9a80c1214a2cc6556a.safeframe.googlesyndication.com" from accessing a cross-origin frame. @ https://choices.trustarc.com/get?name=pmw2.js:0
[ 4233700ms] [ERROR] Attestation check for Shared Storage on https://www.googleadservices.com failed. @ https://www.googleadservices.com/pagead/managed/js/activeview/current/reach_worklet.html:0
[ 4233703ms] [ERROR] Attestation check for Shared Storage on https://www.googleadservices.com failed. @ https://www.googleadservices.com/pagead/managed/js/activeview/current/reach_worklet.html:0
[ 4233704ms] [ERROR] Attestation check for Shared Storage on https://www.googleadservices.com failed. @ https://www.googleadservices.com/pagead/managed/js/activeview/current/reach_worklet.html:0
[ 4233705ms] [ERROR] Attestation check for Shared Storage on https://www.googleadservices.com failed. @ https://www.googleadservices.com/pagead/managed/js/activeview/current/reach_worklet.html:0
[ 4234288ms] [ERROR] Attestation check for Shared Storage on https://www.googleadservices.com failed. @ https://www.googleadservices.com/pagead/managed/js/activeview/current/reach_worklet.html:0
[ 4234361ms] [ERROR] Attestation check for Shared Storage on https://www.googleadservices.com failed. @ https://www.googleadservices.com/pagead/managed/js/activeview/current/reach_worklet.html:0
[ 4234362ms] [ERROR] Attestation check for Shared Storage on https://www.googleadservices.com failed. @ https://www.googleadservices.com/pagead/managed/js/activeview/current/reach_worklet.html:0
[ 4234504ms] [ERROR] Attestation check for Shared Storage on https://www.googleadservices.com failed. @ https://www.googleadservices.com/pagead/managed/js/activeview/current/reach_worklet.html:0
[ 4248504ms] [ERROR] Attestation check for Shared Storage on https://www.googleadservices.com failed. @ https://www.googleadservices.com/pagead/managed/js/activeview/current/reach_worklet.html:0
[ 4248691ms] [ERROR] Attestation check for Shared Storage on https://www.googleadservices.com failed. @ https://www.googleadservices.com/pagead/managed/js/activeview/current/reach_worklet.html:0
[ 4263378ms] [ERROR] Attestation check for Shared Storage on https://www.googleadservices.com failed. @ https://www.googleadservices.com/pagead/managed/js/activeview/current/reach_worklet.html:0
[ 4234640ms] [ERROR] Failed to load resource: net::ERR_NAME_NOT_RESOLVED @ https://tags.bluekai.com/site/2981?redir=https%3A%2F%2Fcm.g.doubleclick.net%2Fpixel%3Fgoogle_nid%3Dbluekai%26google_hm%3D%24_BK_UUID_B64&gdpr=0&gpp=DBABzw~1YNY~BVQqAAAAAgA&gpp_sid=6,7:0
[ 4234667ms] [ERROR] Failed to load resource: net::ERR_NAME_NOT_RESOLVED @ https://x.dlx.addthis.com/e/googlegdn_sync?na_exid=CAESELYuBmpmZPhBlcbYRb4BhOA&gdpr=0&gpp=DBABzw~1YNY~BVQqAAAAAgA&gpp_sid=6,7&google_cver=1:0
[ 4252430ms] [ERROR] Failed to load resource: net::ERR_TIMED_OUT @ https://polarcdn-terrax.com/nativeads/v1.4.0/json/hostname/__RND__.safeframe.googlesyndication.com/creative/d039b1aa472942119ca6b2ed7a44d6b7:0
[ 4256676ms] [ERROR] Failed to load resource: net::ERR_TIMED_OUT @ https://c.evidon.com/durly.js?;coid=391;nid=167611;ad_wxh=320x50;:0
[ 4261339ms] [ERROR] Failed to load resource: net::ERR_TIMED_OUT @ https://odr.mookie1.com/t/v2?tagid=V2_2087&src.visitorId=131ca776-4d8c-4fdf-bbe9-d8da42b4865a&gdpr=0&gdpr_consent=:0
[ 4252430ms] [ERROR] Failed to load resource: net::ERR_TIMED_OUT @ https://polarcdn-terrax.com/nativeads/v1.4.0/json/hostname/__RND__.safeframe.googlesyndication.com/creative/d039b1aa472942119ca6b2ed7a44d6b7:0
[ 4256676ms] [ERROR] Failed to load resource: net::ERR_TIMED_OUT @ https://c.evidon.com/durly.js?;coid=391;nid=167611;ad_wxh=320x50;:0
[ 4261339ms] [ERROR] Failed to load resource: net::ERR_TIMED_OUT @ https://odr.mookie1.com/t/v2?tagid=V2_2087&src.visitorId=131ca776-4d8c-4fdf-bbe9-d8da42b4865a&gdpr=0&gdpr_consent=:0
[ 4233700ms] [ERROR] Attestation check for Shared Storage on https://www.googleadservices.com failed. @ https://www.googleadservices.com/pagead/managed/js/activeview/current/reach_worklet.html:0
[ 4233703ms] [ERROR] Attestation check for Shared Storage on https://www.googleadservices.com failed. @ https://www.googleadservices.com/pagead/managed/js/activeview/current/reach_worklet.html:0
[ 4233704ms] [ERROR] Attestation check for Shared Storage on https://www.googleadservices.com failed. @ https://www.googleadservices.com/pagead/managed/js/activeview/current/reach_worklet.html:0
[ 4233705ms] [ERROR] Attestation check for Shared Storage on https://www.googleadservices.com failed. @ https://www.googleadservices.com/pagead/managed/js/activeview/current/reach_worklet.html:0
[ 4234288ms] [ERROR] Attestation check for Shared Storage on https://www.googleadservices.com failed. @ https://www.googleadservices.com/pagead/managed/js/activeview/current/reach_worklet.html:0
[ 4234361ms] [ERROR] Attestation check for Shared Storage on https://www.googleadservices.com failed. @ https://www.googleadservices.com/pagead/managed/js/activeview/current/reach_worklet.html:0
[ 4234362ms] [ERROR] Attestation check for Shared Storage on https://www.googleadservices.com failed. @ https://www.googleadservices.com/pagead/managed/js/activeview/current/reach_worklet.html:0
[ 4234504ms] [ERROR] Attestation check for Shared Storage on https://www.googleadservices.com failed. @ https://www.googleadservices.com/pagead/managed/js/activeview/current/reach_worklet.html:0
[ 4248504ms] [ERROR] Attestation check for Shared Storage on https://www.googleadservices.com failed. @ https://www.googleadservices.com/pagead/managed/js/activeview/current/reach_worklet.html:0
[ 4248691ms] [ERROR] Attestation check for Shared Storage on https://www.googleadservices.com failed. @ https://www.googleadservices.com/pagead/managed/js/activeview/current/reach_worklet.html:0
[ 4263378ms] [ERROR] Attestation check for Shared Storage on https://www.googleadservices.com failed. @ https://www.googleadservices.com/pagead/managed/js/activeview/current/reach_worklet.html:0
[ 4263574ms] [ERROR] Attestation check for Shared Storage on https://www.googleadservices.com failed. @ https://www.googleadservices.com/pagead/managed/js/activeview/current/reach_worklet.html:0
[ 4233700ms] [ERROR] Attestation check for Shared Storage on https://www.googleadservices.com failed. @ https://www.googleadservices.com/pagead/managed/js/activeview/current/reach_worklet.html:0
[ 4233703ms] [ERROR] Attestation check for Shared Storage on https://www.googleadservices.com failed. @ https://www.googleadservices.com/pagead/managed/js/activeview/current/reach_worklet.html:0
[ 4233704ms] [ERROR] Attestation check for Shared Storage on https://www.googleadservices.com failed. @ https://www.googleadservices.com/pagead/managed/js/activeview/current/reach_worklet.html:0
[ 4233705ms] [ERROR] Attestation check for Shared Storage on https://www.googleadservices.com failed. @ https://www.googleadservices.com/pagead/managed/js/activeview/current/reach_worklet.html:0
[ 4234288ms] [ERROR] Attestation check for Shared Storage on https://www.googleadservices.com failed. @ https://www.googleadservices.com/pagead/managed/js/activeview/current/reach_worklet.html:0
[ 4234361ms] [ERROR] Attestation check for Shared Storage on https://www.googleadservices.com failed. @ https://www.googleadservices.com/pagead/managed/js/activeview/current/reach_worklet.html:0
[ 4234362ms] [ERROR] Attestation check for Shared Storage on https://www.googleadservices.com failed. @ https://www.googleadservices.com/pagead/managed/js/activeview/current/reach_worklet.html:0
[ 4234504ms] [ERROR] Attestation check for Shared Storage on https://www.googleadservices.com failed. @ https://www.googleadservices.com/pagead/managed/js/activeview/current/reach_worklet.html:0
[ 4248504ms] [ERROR] Attestation check for Shared Storage on https://www.googleadservices.com failed. @ https://www.googleadservices.com/pagead/managed/js/activeview/current/reach_worklet.html:0
[ 4248691ms] [ERROR] Attestation check for Shared Storage on https://www.googleadservices.com failed. @ https://www.googleadservices.com/pagead/managed/js/activeview/current/reach_worklet.html:0
[ 4263378ms] [ERROR] Attestation check for Shared Storage on https://www.googleadservices.com failed. @ https://www.googleadservices.com/pagead/managed/js/activeview/current/reach_worklet.html:0
[ 4263574ms] [ERROR] Attestation check for Shared Storage on https://www.googleadservices.com failed. @ https://www.googleadservices.com/pagead/managed/js/activeview/current/reach_worklet.html:0
[ 4263666ms] [ERROR] Attestation check for Shared Storage on https://www.googleadservices.com failed. @ https://www.googleadservices.com/pagead/managed/js/activeview/current/reach_worklet.html:0
[ 4233700ms] [ERROR] Attestation check for Shared Storage on https://www.googleadservices.com failed. @ https://www.googleadservices.com/pagead/managed/js/activeview/current/reach_worklet.html:0
[ 4233703ms] [ERROR] Attestation check for Shared Storage on https://www.googleadservices.com failed. @ https://www.googleadservices.com/pagead/managed/js/activeview/current/reach_worklet.html:0
[ 4233704ms] [ERROR] Attestation check for Shared Storage on https://www.googleadservices.com failed. @ https://www.googleadservices.com/pagead/managed/js/activeview/current/reach_worklet.html:0
[ 4233705ms] [ERROR] Attestation check for Shared Storage on https://www.googleadservices.com failed. @ https://www.googleadservices.com/pagead/managed/js/activeview/current/reach_worklet.html:0
[ 4234288ms] [ERROR] Attestation check for Shared Storage on https://www.googleadservices.com failed. @ https://www.googleadservices.com/pagead/managed/js/activeview/current/reach_worklet.html:0
[ 4234361ms] [ERROR] Attestation check for Shared Storage on https://www.googleadservices.com failed. @ https://www.googleadservices.com/pagead/managed/js/activeview/current/reach_worklet.html:0
[ 4234362ms] [ERROR] Attestation check for Shared Storage on https://www.googleadservices.com failed. @ https://www.googleadservices.com/pagead/managed/js/activeview/current/reach_worklet.html:0
[ 4234504ms] [ERROR] Attestation check for Shared Storage on https://www.googleadservices.com failed. @ https://www.googleadservices.com/pagead/managed/js/activeview/current/reach_worklet.html:0
[ 4248504ms] [ERROR] Attestation check for Shared Storage on https://www.googleadservices.com failed. @ https://www.googleadservices.com/pagead/managed/js/activeview/current/reach_worklet.html:0
[ 4248691ms] [ERROR] Attestation check for Shared Storage on https://www.googleadservices.com failed. @ https://www.googleadservices.com/pagead/managed/js/activeview/current/reach_worklet.html:0
[ 4263378ms] [ERROR] Attestation check for Shared Storage on https://www.googleadservices.com failed. @ https://www.googleadservices.com/pagead/managed/js/activeview/current/reach_worklet.html:0
[ 4263574ms] [ERROR] Attestation check for Shared Storage on https://www.googleadservices.com failed. @ https://www.googleadservices.com/pagead/managed/js/activeview/current/reach_worklet.html:0
[ 4263666ms] [ERROR] Attestation check for Shared Storage on https://www.googleadservices.com failed. @ https://www.googleadservices.com/pagead/managed/js/activeview/current/reach_worklet.html:0
[ 4263974ms] [ERROR] Attestation check for Shared Storage on https://www.googleadservices.com failed. @ https://www.googleadservices.com/pagead/managed/js/activeview/current/reach_worklet.html:0
[ 4264025ms] [ERROR] Failed to load resource: net::ERR_TIMED_OUT @ https://rbp.mxptint.net/sn.ashx?gdpr=0&us_privacy=1YNY:0
[ 4264025ms] [ERROR] Failed to load resource: net::ERR_TIMED_OUT @ https://trace.us.rtbwise.com/api/v1/cookie/sync?partner=taboola:0
[ 4264186ms] [LOG] JQMIGRATE: Migrate is installed, version 3.4.1 @ https://mediatakeout.com/wp-includes/js/jquery/jquery-migrate.min.js?ver=3.4.1:1
[ 4264210ms] Unexpected token ';'
[ 4264227ms] [WARNING] adgb - not initialized. @ https://cdn.taboola.com/libtrc/mediatakeout-mediatakeout/loader.js:0
[ 4264828ms] [ERROR] Failed to load resource: the server responded with a status of 400 () @ https://ups.analytics.yahoo.com/ups/58404/fed?v=1&1p=0&gdpr=0&gdpr_consent=&us_privacy=&url=https://mediatakeout.com/&pixelId=58404&puid=cad246a8-153e-421d-80e2-40e38fa09335:0
[ 4264839ms] [WARNING] [GPT] PubAdsService.getTargeting is deprecated, use googletag.getConfig('targeting') instead.
https://goo.gle/gpt-message#200 @ https://securepubads.g.doubleclick.net/pagead/managed/js/gpt/m202604290101/pubads_impl.js:18
[ 4264842ms] [WARNING] [GPT] Slot.setTargeting is deprecated, use Slot.setConfig({targeting: ...}) instead.
https://goo.gle/gpt-message#171 @ https://securepubads.g.doubleclick.net/pagead/managed/js/gpt/m202604290101/pubads_impl.js:18
[ 4264977ms] [ERROR] Failed to load resource: the server responded with a status of 400 () @ https://ups.analytics.yahoo.com/ups/58404/fed?v=1&1p=0&gdpr=0&gdpr_consent=&us_privacy=1YNY&url=https://mediatakeout.com/&pixelId=58404&he=ca68b7dbe4ebc49c5fd2d6864f71530fa1afa0d7f27261d3b21446b0f9081848&puid=cad246a8-153e-421d-80e2-40e38fa09335:0
[ 4265352ms] [LOG] Called iframe: ads.pubmatic.com [] 
Number of topics:  0 @ https://ads.pubmatic.com/AdServer/js/topics/topics_frame.html?bidder=pubmatic:19
[ 4266730ms] [ERROR] Attestation check for Shared Storage on https://www.googleadservices.com failed. @ https://www.googleadservices.com/pagead/managed/js/activeview/current/reach_worklet.html:0
[ 4266730ms] [ERROR] Attestation check for Shared Storage on https://www.googleadservices.com failed. @ https://www.googleadservices.com/pagead/managed/js/activeview/current/reach_worklet.html:0
[ 4266982ms] [ERROR] Attestation check for Shared Storage on https://www.googleadservices.com failed. @ https://www.googleadservices.com/pagead/managed/js/activeview/current/reach_worklet.html:0
[ 4266730ms] [ERROR] Attestation check for Shared Storage on https://www.googleadservices.com failed. @ https://www.googleadservices.com/pagead/managed/js/activeview/current/reach_worklet.html:0
[ 4266982ms] [ERROR] Attestation check for Shared Storage on https://www.googleadservices.com failed. @ https://www.googleadservices.com/pagead/managed/js/activeview/current/reach_worklet.html:0
[ 4266995ms] [ERROR] Attestation check for Shared Storage on https://www.googleadservices.com failed. @ https://www.googleadservices.com/pagead/managed/js/activeview/current/reach_worklet.html:0
[ 4267008ms] [WARNING] [GPT] Slot AdThrive_Sidebar_9_desktop rendered inside of the viewport.
https://goo.gle/gpt-message#169 @ https://securepubads.g.doubleclick.net/pagead/managed/js/gpt/m202604290101/pubads_impl.js:18
[ 4267053ms] [ERROR] Attestation check for Attribution Reporting on https://ad.doubleclick.net failed. @ https://mediatakeout.com/:0
[ 4267115ms] [ERROR] Attestation check for Attribution Reporting on https://ad.doubleclick.net failed. @ https://mediatakeout.com/:0
[ 4266730ms] [ERROR] Attestation check for Shared Storage on https://www.googleadservices.com failed. @ https://www.googleadservices.com/pagead/managed/js/activeview/current/reach_worklet.html:0
[ 4266982ms] [ERROR] Attestation check for Shared Storage on https://www.googleadservices.com failed. @ https://www.googleadservices.com/pagead/managed/js/activeview/current/reach_worklet.html:0
[ 4266995ms] [ERROR] Attestation check for Shared Storage on https://www.googleadservices.com failed. @ https://www.googleadservices.com/pagead/managed/js/activeview/current/reach_worklet.html:0
[ 4267214ms] [ERROR] Attestation check for Shared Storage on https://www.googleadservices.com failed. @ https://www.googleadservices.com/pagead/managed/js/activeview/current/reach_worklet.html:0
[ 4266730ms] [ERROR] Attestation check for Shared Storage on https://www.googleadservices.com failed. @ https://www.googleadservices.com/pagead/managed/js/activeview/current/reach_worklet.html:0
[ 4266982ms] [ERROR] Attestation check for Shared Storage on https://www.googleadservices.com failed. @ https://www.googleadservices.com/pagead/managed/js/activeview/current/reach_worklet.html:0
[ 4266995ms] [ERROR] Attestation check for Shared Storage on https://www.googleadservices.com failed. @ https://www.googleadservices.com/pagead/managed/js/activeview/current/reach_worklet.html:0
[ 4267214ms] [ERROR] Attestation check for Shared Storage on https://www.googleadservices.com failed. @ https://www.googleadservices.com/pagead/managed/js/activeview/current/reach_worklet.html:0
[ 4267311ms] [ERROR] Attestation check for Shared Storage on https://www.googleadservices.com failed. @ https://www.googleadservices.com/pagead/managed/js/activeview/current/reach_worklet.html:0
[ 4266730ms] [ERROR] Attestation check for Shared Storage on https://www.googleadservices.com failed. @ https://www.googleadservices.com/pagead/managed/js/activeview/current/reach_worklet.html:0
[ 4266982ms] [ERROR] Attestation check for Shared Storage on https://www.googleadservices.com failed. @ https://www.googleadservices.com/pagead/managed/js/activeview/current/reach_worklet.html:0
[ 4266995ms] [ERROR] Attestation check for Shared Storage on https://www.googleadservices.com failed. @ https://www.googleadservices.com/pagead/managed/js/activeview/current/reach_worklet.html:0
[ 4267214ms] [ERROR] Attestation check for Shared Storage on https://www.googleadservices.com failed. @ https://www.googleadservices.com/pagead/managed/js/activeview/current/reach_worklet.html:0
[ 4267311ms] [ERROR] Attestation check for Shared Storage on https://www.googleadservices.com failed. @ https://www.googleadservices.com/pagead/managed/js/activeview/current/reach_worklet.html:0
[ 4267389ms] [ERROR] Attestation check for Shared Storage on https://www.googleadservices.com failed. @ https://www.googleadservices.com/pagead/managed/js/activeview/current/reach_worklet.html:0
[ 4267562ms] [ERROR] Attestation check for Shared Storage on https://securepubads.g.doubleclick.net failed. @ https://imasdk.googleapis.com/js/core/bridge3.761.0_en.html#deid=%22%22&eventfe_experiment_ids=%5B%5D&fid=%22goog_1538425618%22&genotype_experiment_data=%7B%22experimentStateProto%22%3A%22%5B%5B%5B45713128%2Cnull%2Cnull%2C%5B%5D%5D%2C%5Bnull%2C745150931%2Cnull%2C%5Bnull%2C1%5D%5D%2C%5Bnull%2C749060184%2Cnull%2C%5Bnull%2C128%5D%5D%2C%5B841585769%2Cnull%2Cnull%2C%5B1%5D%5D%2C%5B45761044%2Cnull%2Cnull%2C%5B%5D%5D%2C%5B45722344%2Cnull%2Cnull%2C%5B%5D%5D%2C%5B45706017%2Cnull%2Cnull%2C%5B1%5D%5D%2C%5B45774999%2Cnull%2Cnull%2C%5B%5D%5D%2C%5B45776042%2Cnull%2Cnull%2C%5B%5D%5D%2C%5B45668885%2Cnull%2Cnull%2C%5B%5D%5D%2C%5B45685340%2Cnull%2Cnull%2C%5B%5D%5D%2C%5B45765927%2Cnull%2Cnull%2C%5B%5D%5D%2C%5B45734716%2Cnull%2Cnull%2C%5B%5D%5D%2C%5B45735891%2Cnull%2Cnull%2C%5B%5D%5D%2C%5B45663239%2Cnull%2Cnull%2C%5B%5D%5D%2C%5B45715032%2Cnull%2Cnull%2C%5B1%5D%5D%2C%5B45661356%2Cnull%2Cnull%2C%5B%5D%5D%2C%5B839547366%2Cnull%2Cnull%2C%5B1%5D%5D%2C%5B45676441%2Cnull%2Cnull%2C%5B%5D%5D%2C%5Bnull%2C45645574%2Cnull%2C%5B%5D%5D%2C%5B45688859%2Cnull%2Cnull%2C%5B%5D%5D%2C%5B45656766%2Cnull%2Cnull%2C%5B%5D%5D%2C%5B45710689%2Cnull%2Cnull%2C%5B%5D%5D%2C%5B45710688%2Cnull%2Cnull%2C%5B1%5D%5D%2C%5B45685601%2Cnull%2Cnull%2C%5B%5D%5D%2C%5Bnull%2C45685602%2Cnull%2C%5Bnull%2C500%5D%5D%2C%5Bnull%2C45767902%2Cnull%2C%5Bnull%2C500%5D%5D%2C%5B45756824%2Cnull%2Cnull%2C%5B%5D%5D%2C%5B45747172%2Cnull%2Cnull%2C%5B%5D%5D%2C%5B775241416%2Cnull%2Cnull%2C%5B%5D%5D%2C%5B781107959%2Cnull%2Cnull%2C%5B%5D%5D%2C%5B781107958%2Cnull%2Cnull%2C%5B%5D%5D%2C%5B792614055%2Cnull%2Cnull%2C%5B%5D%5D%2C%5B781107957%2Cnull%2Cnull%2C%5B%5D%5D%2C%5B45729602%2Cnull%2Cnull%2C%5B%5D%5D%2C%5B45753603%2Cnull%2Cnull%2C%5B%5D%5D%2C%5B45753604%2Cnull%2Cnull%2C%5B%5D%5D%5D%2C%5B%5B16%2C%5B%5B1%2C%5B%5B31089630%5D%2C%5B31089631%2C%5B%5B45668885%2Cnull%2Cnull%2C%5B1%5D%5D%5D%5D%5D%5D%2C%5B10%2C%5B%5B31097690%5D%2C%5B31097691%2C%5B%5B846355750%2Cnull%2Cnull%2C%5B1%5D%5D%5D%5D%5D%5D%2C%5B1000%2C%5B%5B95332046%5D%5D%5D%2C%5Bnull%2C%5B%5B95332047%5D%5D%5D%2C%5B10%2C%5B%5B95338769%2C%5B%5Bnull%2C45645574%2Cnull%2C%5Bnull%2C1%5D%5D%5D%5D%2C%5B95338770%2C%5B%5Bnull%2C45645574%2Cnull%2C%5Bnull%2C2%5D%5D%5D%5D%5D%5D%2C%5B50%2C%5B%5B95345206%5D%2C%5B95345207%2C%5B%5B45661356%2Cnull%2Cnull%2C%5B1%5D%5D%5D%5D%5D%5D%2C%5B1%2C%5B%5B95351425%5D%2C%5B95351426%2C%5B%5B45676441%2Cnull%2Cnull%2C%5B1%5D%5D%5D%5D%5D%5D%2C%5B1%2C%5B%5B95373378%2C%5B%5B792614055%2Cnull%2Cnull%2C%5B1%5D%5D%5D%5D%2C%5B95373379%2C%5B%5B45747172%2Cnull%2Cnull%2C%5B1%5D%5D%2C%5B781107959%2Cnull%2Cnull%2C%5B1%5D%5D%2C%5B792614055%2Cnull%2Cnull%2C%5B1%5D%5D%2C%5B781107957%2Cnull%2Cnull%2C%5B1%5D%5D%5D%5D%5D%5D%2C%5B10%2C%5B%5B95378629%5D%2C%5B95378630%2C%5B%5B45729602%2Cnull%2Cnull%2C%5B1%5D%5D%5D%5D%2C%5B95381582%2C%5B%5B45729602%2Cnull%2Cnull%2C%5B1%5D%5D%2C%5B45753603%2Cnull%2Cnull%2C%5B1%5D%5D%5D%5D%2C%5B95381583%2C%5B%5B45729602%2Cnull%2Cnull%2C%5B1%5D%5D%2C%5B45753604%2Cnull%2Cnull%2C%5B1%5D%5D%5D%5D%5D%5D%2C%5B50%2C%5B%5B95382403%5D%2C%5B95386528%2C%5B%5Bnull%2C45767902%2Cnull%2C%5B%5D%5D%2C%5B45756824%2Cnull%2Cnull%2C%5B1%5D%5D%5D%5D%5D%5D%2C%5B10%2C%5B%5B95385193%5D%2C%5B95385194%2C%5B%5B45765927%2Cnull%2Cnull%2C%5B1%5D%5D%5D%5D%5D%5D%2C%5B100%2C%5B%5B95387816%5D%2C%5B95387817%2C%5B%5B45774999%2Cnull%2Cnull%2C%5B1%5D%5D%5D%5D%5D%5D%2C%5B10%2C%5B%5B95389581%5D%2C%5B95389582%2C%5B%5B635466687%2Cnull%2Cnull%2C%5B1%5D%5D%5D%5D%5D%5D%5D%5D%5D%2Cnull%2Cnull%2C%5Bnull%2C1000%2C1%2C1000%5D%5D%22%7D&imalib_experiments=%5B95322027%2C95331589%2C95332046%5D&is_eap_loader=false&managed_js_experiment_id=0&page_correlator=3936927616564785&pvsid=856945990256965&top_accessible_page_url=%22https%3A%2F%2Fmediatakeout.com%2F%22:0
[ 4266730ms] [ERROR] Attestation check for Shared Storage on https://www.googleadservices.com failed. @ https://www.googleadservices.com/pagead/managed/js/activeview/current/reach_worklet.html:0
[ 4266982ms] [ERROR] Attestation check for Shared Storage on https://www.googleadservices.com failed. @ https://www.googleadservices.com/pagead/managed/js/activeview/current/reach_worklet.html:0
[ 4266995ms] [ERROR] Attestation check for Shared Storage on https://www.googleadservices.com failed. @ https://www.googleadservices.com/pagead/managed/js/activeview/current/reach_worklet.html:0
[ 4267214ms] [ERROR] Attestation check for Shared Storage on https://www.googleadservices.com failed. @ https://www.googleadservices.com/pagead/managed/js/activeview/current/reach_worklet.html:0
[ 4267311ms] [ERROR] Attestation check for Shared Storage on https://www.googleadservices.com failed. @ https://www.googleadservices.com/pagead/managed/js/activeview/current/reach_worklet.html:0
[ 4267389ms] [ERROR] Attestation check for Shared Storage on https://www.googleadservices.com failed. @ https://www.googleadservices.com/pagead/managed/js/activeview/current/reach_worklet.html:0
[ 4267655ms] [ERROR] Attestation check for Shared Storage on https://www.googleadservices.com failed. @ https://www.googleadservices.com/pagead/managed/js/activeview/current/reach_worklet.html:0
[ 4267737ms] [WARNING] [GPT] Slot AdThrive_Content_3_desktop rendered inside of the viewport.
https://goo.gle/gpt-message#169 @ https://securepubads.g.doubleclick.net/pagead/managed/js/gpt/m202604290101/pubads_impl.js:18
[ 4266730ms] [ERROR] Attestation check for Shared Storage on https://www.googleadservices.com failed. @ https://www.googleadservices.com/pagead/managed/js/activeview/current/reach_worklet.html:0
[ 4266982ms] [ERROR] Attestation check for Shared Storage on https://www.googleadservices.com failed. @ https://www.googleadservices.com/pagead/managed/js/activeview/current/reach_worklet.html:0
[ 4266995ms] [ERROR] Attestation check for Shared Storage on https://www.googleadservices.com failed. @ https://www.googleadservices.com/pagead/managed/js/activeview/current/reach_worklet.html:0
[ 4267214ms] [ERROR] Attestation check for Shared Storage on https://www.googleadservices.com failed. @ https://www.googleadservices.com/pagead/managed/js/activeview/current/reach_worklet.html:0
[ 4267311ms] [ERROR] Attestation check for Shared Storage on https://www.googleadservices.com failed. @ https://www.googleadservices.com/pagead/managed/js/activeview/current/reach_worklet.html:0
[ 4267389ms] [ERROR] Attestation check for Shared Storage on https://www.googleadservices.com failed. @ https://www.googleadservices.com/pagead/managed/js/activeview/current/reach_worklet.html:0
[ 4267655ms] [ERROR] Attestation check for Shared Storage on https://www.googleadservices.com failed. @ https://www.googleadservices.com/pagead/managed/js/activeview/current/reach_worklet.html:0
[ 4267803ms] [ERROR] Attestation check for Shared Storage on https://www.googleadservices.com failed. @ https://www.googleadservices.com/pagead/managed/js/activeview/current/reach_worklet.html:0
[ 4267827ms] [TIMEEND] a: 0.0009765625 ms @ https://static.adsafeprotected.com/sca.17.6.4.js:31
[ 4266730ms] [ERROR] Attestation check for Shared Storage on https://www.googleadservices.com failed. @ https://www.googleadservices.com/pagead/managed/js/activeview/current/reach_worklet.html:0
[ 4266982ms] [ERROR] Attestation check for Shared Storage on https://www.googleadservices.com failed. @ https://www.googleadservices.com/pagead/managed/js/activeview/current/reach_worklet.html:0
[ 4266995ms] [ERROR] Attestation check for Shared Storage on https://www.googleadservices.com failed. @ https://www.googleadservices.com/pagead/managed/js/activeview/current/reach_worklet.html:0
[ 4267214ms] [ERROR] Attestation check for Shared Storage on https://www.googleadservices.com failed. @ https://www.googleadservices.com/pagead/managed/js/activeview/current/reach_worklet.html:0
[ 4267311ms] [ERROR] Attestation check for Shared Storage on https://www.googleadservices.com failed. @ https://www.googleadservices.com/pagead/managed/js/activeview/current/reach_worklet.html:0
[ 4267389ms] [ERROR] Attestation check for Shared Storage on https://www.googleadservices.com failed. @ https://www.googleadservices.com/pagead/managed/js/activeview/current/reach_worklet.html:0
[ 4267655ms] [ERROR] Attestation check for Shared Storage on https://www.googleadservices.com failed. @ https://www.googleadservices.com/pagead/managed/js/activeview/current/reach_worklet.html:0
[ 4267803ms] [ERROR] Attestation check for Shared Storage on https://www.googleadservices.com failed. @ https://www.googleadservices.com/pagead/managed/js/activeview/current/reach_worklet.html:0
[ 4267897ms] [ERROR] Attestation check for Shared Storage on https://www.googleadservices.com failed. @ https://www.googleadservices.com/pagead/managed/js/activeview/current/reach_worklet.html:0
[ 4266730ms] [ERROR] Attestation check for Shared Storage on https://www.googleadservices.com failed. @ https://www.googleadservices.com/pagead/managed/js/activeview/current/reach_worklet.html:0
[ 4266982ms] [ERROR] Attestation check for Shared Storage on https://www.googleadservices.com failed. @ https://www.googleadservices.com/pagead/managed/js/activeview/current/reach_worklet.html:0
[ 4266995ms] [ERROR] Attestation check for Shared Storage on https://www.googleadservices.com failed. @ https://www.googleadservices.com/pagead/managed/js/activeview/current/reach_worklet.html:0
[ 4267214ms] [ERROR] Attestation check for Shared Storage on https://www.googleadservices.com failed. @ https://www.googleadservices.com/pagead/managed/js/activeview/current/reach_worklet.html:0
[ 4267311ms] [ERROR] Attestation check for Shared Storage on https://www.googleadservices.com failed. @ https://www.googleadservices.com/pagead/managed/js/activeview/current/reach_worklet.html:0
[ 4267389ms] [ERROR] Attestation check for Shared Storage on https://www.googleadservices.com failed. @ https://www.googleadservices.com/pagead/managed/js/activeview/current/reach_worklet.html:0
[ 4267655ms] [ERROR] Attestation check for Shared Storage on https://www.googleadservices.com failed. @ https://www.googleadservices.com/pagead/managed/js/activeview/current/reach_worklet.html:0
[ 4267803ms] [ERROR] Attestation check for Shared Storage on https://www.googleadservices.com failed. @ https://www.googleadservices.com/pagead/managed/js/activeview/current/reach_worklet.html:0
[ 4267897ms] [ERROR] Attestation check for Shared Storage on https://www.googleadservices.com failed. @ https://www.googleadservices.com/pagead/managed/js/activeview/current/reach_worklet.html:0
[ 4267980ms] [ERROR] Attestation check for Shared Storage on https://www.googleadservices.com failed. @ https://www.googleadservices.com/pagead/managed/js/activeview/current/reach_worklet.html:0
[ 4266730ms] [ERROR] Attestation check for Shared Storage on https://www.googleadservices.com failed. @ https://www.googleadservices.com/pagead/managed/js/activeview/current/reach_worklet.html:0
[ 4266982ms] [ERROR] Attestation check for Shared Storage on https://www.googleadservices.com failed. @ https://www.googleadservices.com/pagead/managed/js/activeview/current/reach_worklet.html:0
[ 4266995ms] [ERROR] Attestation check for Shared Storage on https://www.googleadservices.com failed. @ https://www.googleadservices.com/pagead/managed/js/activeview/current/reach_worklet.html:0
[ 4267214ms] [ERROR] Attestation check for Shared Storage on https://www.googleadservices.com failed. @ https://www.googleadservices.com/pagead/managed/js/activeview/current/reach_worklet.html:0
[ 4267311ms] [ERROR] Attestation check for Shared Storage on https://www.googleadservices.com failed. @ https://www.googleadservices.com/pagead/managed/js/activeview/current/reach_worklet.html:0
[ 4267389ms] [ERROR] Attestation check for Shared Storage on https://www.googleadservices.com failed. @ https://www.googleadservices.com/pagead/managed/js/activeview/current/reach_worklet.html:0
[ 4267655ms] [ERROR] Attestation check for Shared Storage on https://www.googleadservices.com failed. @ https://www.googleadservices.com/pagead/managed/js/activeview/current/reach_worklet.html:0
[ 4267803ms] [ERROR] Attestation check for Shared Storage on https://www.googleadservices.com failed. @ https://www.googleadservices.com/pagead/managed/js/activeview/current/reach_worklet.html:0
[ 4267897ms] [ERROR] Attestation check for Shared Storage on https://www.googleadservices.com failed. @ https://www.googleadservices.com/pagead/managed/js/activeview/current/reach_worklet.html:0
[ 4267980ms] [ERROR] Attestation check for Shared Storage on https://www.googleadservices.com failed. @ https://www.googleadservices.com/pagead/managed/js/activeview/current/reach_worklet.html:0
[ 4268226ms] [ERROR] Attestation check for Shared Storage on https://www.googleadservices.com failed. @ https://www.googleadservices.com/pagead/managed/js/activeview/current/reach_worklet.html:0
[ 4266730ms] [ERROR] Attestation check for Shared Storage on https://www.googleadservices.com failed. @ https://www.googleadservices.com/pagead/managed/js/activeview/current/reach_worklet.html:0
[ 4266982ms] [ERROR] Attestation check for Shared Storage on https://www.googleadservices.com failed. @ https://www.googleadservices.com/pagead/managed/js/activeview/current/reach_worklet.html:0
[ 4266995ms] [ERROR] Attestation check for Shared Storage on https://www.googleadservices.com failed. @ https://www.googleadservices.com/pagead/managed/js/activeview/current/reach_worklet.html:0
[ 4267214ms] [ERROR] Attestation check for Shared Storage on https://www.googleadservices.com failed. @ https://www.googleadservices.com/pagead/managed/js/activeview/current/reach_worklet.html:0
[ 4267311ms] [ERROR] Attestation check for Shared Storage on https://www.googleadservices.com failed. @ https://www.googleadservices.com/pagead/managed/js/activeview/current/reach_worklet.html:0
[ 4267389ms] [ERROR] Attestation check for Shared Storage on https://www.googleadservices.com failed. @ https://www.googleadservices.com/pagead/managed/js/activeview/current/reach_worklet.html:0
[ 4267655ms] [ERROR] Attestation check for Shared Storage on https://www.googleadservices.com failed. @ https://www.googleadservices.com/pagead/managed/js/activeview/current/reach_worklet.html:0
[ 4267803ms] [ERROR] Attestation check for Shared Storage on https://www.googleadservices.com failed. @ https://www.googleadservices.com/pagead/managed/js/activeview/current/reach_worklet.html:0
[ 4267897ms] [ERROR] Attestation check for Shared Storage on https://www.googleadservices.com failed. @ https://www.googleadservices.com/pagead/managed/js/activeview/current/reach_worklet.html:0
[ 4267980ms] [ERROR] Attestation check for Shared Storage on https://www.googleadservices.com failed. @ https://www.googleadservices.com/pagead/managed/js/activeview/current/reach_worklet.html:0
[ 4268226ms] [ERROR] Attestation check for Shared Storage on https://www.googleadservices.com failed. @ https://www.googleadservices.com/pagead/managed/js/activeview/current/reach_worklet.html:0
[ 4268386ms] [ERROR] Attestation check for Shared Storage on https://www.googleadservices.com failed. @ https://www.googleadservices.com/pagead/managed/js/activeview/current/reach_worklet.html:0
[ 4269334ms] [ERROR] Attestation check for Shared Storage on https://ara.paa-reporting-advertising.amazon failed. @ https://aax-events-cell02-cf.us-east.3px.axp.amazon-adsystem.com/e/is/bb8e6d0b6c85b2b1fc673047a9802fc9/creative?b=JBa4dQSSu_XrS_bTQvywS_cAAAGd-qZSZgEAAAakAUMzcHhfdHhuX2JpZDIgICAzcHhfdHhuX2ltcDEgICD-Z07w&ct=https%3A%2F%2Fbeacon-nf.rubiconproject.com%2Fbeacon%2Fv3%2Frs%2Fiad6%2F0%2F66790ed6-58ad-491a-b6b6-8a0c7d4c90a0%2F0%2FIYh4c8-Dtv7ldFFlyYYgXbWIvwA%2F&bi=cfv1_CFi-IhQDg7GuwAuuV8wnnHn7HiErcrUMzFtihVXCSiiEdYD1Vo9d8Kp0kj1NnzyzmrR915NYwRDVsSCnZhp4V8gMFX1beI6Ja2oCX2BYcXKKMaYsjBVfz64dBUXsEPSDUKOtEhbQlMsXQHkNpW_NSHl2Bohla6IUPxsFMpgWIXqtx_f45HIzUmWUe_HCMbYuBn5eH_fckpdaT0GXSb0pS-cM0-KKsIZwDgX1brIO_0k7nKE5gshbLTpBz6MBgQJmZYhNmkQTRpyOtDSMgFXd8fgHnxnCTvxe8RUjFViPBWHX5scIA1JhmYz6DST6INiEyf0D_f1lFunou5bCDeWzEetz0v5NVSMzt7Izqo0xSMIauTYlXhP_s1rvpMNVIhnnEEEx0dzq_jptnA_TNJ6hZkp3UPinzIV2NbUaMj0YvhQfU78V51gfRzEvus4jOlkifP6UZ8vso--0RF1dWjmDgJENRkaTxB-rc2xicIt7-4ftC29Yw9aa6nv7Y1FdS9P549p_wTpLAa0ChFukoWujiwDkei1fbhY_FxnAYCXyMiydGi-qNSZixWYW4rxFjTccTcaBYLvjzvB5:0
[ 4269335ms] [ERROR] Attestation check for Attribution Reporting on https://ara.paa-reporting-advertising.amazon failed. @ https://mediatakeout.com/:0
[ 4269741ms] [LOG] JSHandle@node @ https://s0.2mdn.net/sadbundle/9755418839975366111/300x600-Display/animation.js:65
[ 4270231ms] [LOG] JSHandle@node @ https://s0.2mdn.net/sadbundle/705014368724838412/300x250-Display/animation.js:64
[ 4270232ms] [LOG] JSHandle@node @ https://s0.2mdn.net/sadbundle/705014368724838412/300x250-Display/animation.js:64
[ 4270577ms] [LOG] JSHandle@node @ https://s0.2mdn.net/sadbundle/705014368724838412/300x250-Display/animation.js:64
[ 4271673ms] [ERROR] Failed to load resource: the server responded with a status of 404 (Not Found) @ https://csync.copper6.com/fbd260923f6815f04a34938c00400dd6.gif?gdpr=0&gdpr_consent=&redir=https%3A%2F%2Fs.ad.smaato.net%2Fc%2F%3FdspId%3D1248%26dspCookie%3D%5BUID%5D%26gdpr%3D0%26gdpr_consent%3D:0
[ 4272077ms] [ERROR] TypeError: Failed to fetch
    at fe.fetchRequest (https://ads.adthrive.com/builds/core/b39b659/es2018/js/adthrive.min.js?deployment=2026-05-05-09:rpsc-822:b39b659:4&bucket=flex-14&deliveryFeatures=additiveRaptiveFloors,altsdm,altv2,amazonBetaApstag,cfbd,consentManagerCMP,cv2,ddbd,dlc,es2021,hb_crid,hbd,i262,ld,nvc,ok,pbis,raptiveFloors,raptiveManualCookieSync,recencyFrequency,reissuingSticky,removeAdHost,rpbsecs,rpr,rrassf,stickyBucketsLocalStorage,stickyV2,switzerlandGdpr,trafficShaping,usdk,prebidLoad,gptLoad,amazonLoad,ttdSync&siteid=673bb9af6038737af8850b11:3:63012)
    at fe.fetchRequest (https://ads.adthrive.com/builds/core/b39b659/es2018/js/adthrive.min.js?deployment=2026-05-05-09:rpsc-822:b39b659:4&bucket=flex-14&deliveryFeatures=additiveRaptiveFloors,altsdm,altv2,amazonBetaApstag,cfbd,consentManagerCMP,cv2,ddbd,dlc,es2021,hb_crid,hbd,i262,ld,nvc,ok,pbis,raptiveFloors,raptiveManualCookieSync,recencyFrequency,reissuingSticky,removeAdHost,rpbsecs,rpr,rrassf,stickyBucketsLocalStorage,stickyV2,switzerlandGdpr,trafficShaping,usdk,prebidLoad,gptLoad,amazonLoad,ttdSync&siteid=673bb9af6038737af8850b11:3:62952)
    at fe.makeRequest (https://ads.adthrive.com/builds/core/b39b659/es2018/js/adthrive.min.js?deployment=2026-05-05-09:rpsc-822:b39b659:4&bucket=flex-14&deliveryFeatures=additiveRaptiveFloors,altsdm,altv2,amazonBetaApstag,cfbd,consentManagerCMP,cv2,ddbd,dlc,es2021,hb_crid,hbd,i262,ld,nvc,ok,pbis,raptiveFloors,raptiveManualCookieSync,recencyFrequency,reissuingSticky,removeAdHost,rpbsecs,rpr,rrassf,stickyBucketsLocalStorage,stickyV2,switzerlandGdpr,trafficShaping,usdk,prebidLoad,gptLoad,amazonLoad,ttdSync&siteid=673bb9af6038737af8850b11:3:61547)
    at fe.fetchEvent (https://ads.adthrive.com/builds/core/b39b659/es2018/js/adthrive.min.js?deployment=2026-05-05-09:rpsc-822:b39b659:4&bucket=flex-14&deliveryFeatures=additiveRaptiveFloors,altsdm,altv2,amazonBetaApstag,cfbd,consentManagerCMP,cv2,ddbd,dlc,es2021,hb_crid,hbd,i262,ld,nvc,ok,pbis,raptiveFloors,raptiveManualCookieSync,recencyFrequency,reissuingSticky,removeAdHost,rpbsecs,rpr,rrassf,stickyBucketsLocalStorage,stickyV2,switzerlandGdpr,trafficShaping,usdk,prebidLoad,gptLoad,amazonLoad,ttdSync&siteid=673bb9af6038737af8850b11:3:59017)
    at z.logWebVitals (https://ads.adthrive.com/builds/core/b39b659/es2018/js/adthrive.min.js?deployment=2026-05-05-09:rpsc-822:b39b659:4&bucket=flex-14&deliveryFeatures=additiveRaptiveFloors,altsdm,altv2,amazonBetaApstag,cfbd,consentManagerCMP,cv2,ddbd,dlc,es2021,hb_crid,hbd,i262,ld,nvc,ok,pbis,raptiveFloors,raptiveManualCookieSync,recencyFrequency,reissuingSticky,removeAdHost,rpbsecs,rpr,rrassf,stickyBucketsLocalStorage,stickyV2,switzerlandGdpr,trafficShaping,usdk,prebidLoad,gptLoad,amazonLoad,ttdSync&siteid=673bb9af6038737af8850b11:437:134371)
    at z.<anonymous> (https://ads.adthrive.com/builds/core/b39b659/es2018/js/adthrive.min.js?deployment=2026-05-05-09:rpsc-822:b39b659:4&bucket=flex-14&deliveryFeatures=additiveRaptiveFloors,altsdm,altv2,amazonBetaApstag,cfbd,consentManagerCMP,cv2,ddbd,dlc,es2021,hb_crid,hbd,i262,ld,nvc,ok,pbis,raptiveFloors,raptiveManualCookieSync,recencyFrequency,reissuingSticky,removeAdHost,rpbsecs,rpr,rrassf,stickyBucketsLocalStorage,stickyV2,switzerlandGdpr,trafficShaping,usdk,prebidLoad,gptLoad,amazonLoad,ttdSync&siteid=673bb9af6038737af8850b11:3:49348)
    at document.addEventListener.once (https://ads.adthrive.com/builds/core/b39b659/es2018/js/adthrive.min.js?deployment=2026-05-05-09:rpsc-822:b39b659:4&bucket=flex-14&deliveryFeatures=additiveRaptiveFloors,altsdm,altv2,amazonBetaApstag,cfbd,consentManagerCMP,cv2,ddbd,dlc,es2021,hb_crid,hbd,i262,ld,nvc,ok,pbis,raptiveFloors,raptiveManualCookieSync,recencyFrequency,reissuingSticky,removeAdHost,rpbsecs,rpr,rrassf,stickyBucketsLocalStorage,stickyV2,switzerlandGdpr,trafficShaping,usdk,prebidLoad,gptLoad,amazonLoad,ttdSync&siteid=673bb9af6038737af8850b11:437:133612) @ https://ads.adthrive.com/builds/core/b39b659/es2018/js/adthrive.min.js?deployment=2026-05-05-09:rpsc-822:b39b659:4&bucket=flex-14&deliveryFeatures=additiveRaptiveFloors,altsdm,altv2,amazonBetaApstag,cfbd,consentManagerCMP,cv2,ddbd,dlc,es2021,hb_crid,hbd,i262,ld,nvc,ok,pbis,raptiveFloors,raptiveManualCookieSync,recencyFrequency,reissuingSticky,removeAdHost,rpbsecs,rpr,rrassf,stickyBucketsLocalStorage,stickyV2,switzerlandGdpr,trafficShaping,usdk,prebidLoad,gptLoad,amazonLoad,ttdSync&siteid=673bb9af6038737af8850b11:2
[ 4272128ms] [LOG] JQMIGRATE: Migrate is installed, version 3.4.1 @ https://mediatakeout.com/wp-includes/js/jquery/jquery-migrate.min.js?ver=3.4.1:1
[ 4272156ms] [WARNING] adgb - not initialized. @ https://cdn.taboola.com/libtrc/mediatakeout-mediatakeout/loader.js:0
[ 4272160ms] Unexpected token ';'
[ 4272409ms] [WARNING] [GPT] PubAdsService.getTargeting is deprecated, use googletag.getConfig('targeting') instead.
https://goo.gle/gpt-message#200 @ https://securepubads.g.doubleclick.net/pagead/managed/js/gpt/m202604290101/pubads_impl.js:18
[ 4272412ms] [WARNING] [GPT] Slot.setTargeting is deprecated, use Slot.setConfig({targeting: ...}) instead.
https://goo.gle/gpt-message#171 @ https://securepubads.g.doubleclick.net/pagead/managed/js/gpt/m202604290101/pubads_impl.js:18
[ 4272771ms] [ERROR] Failed to load resource: the server responded with a status of 400 () @ https://ups.analytics.yahoo.com/ups/58404/fed?v=1&1p=0&gdpr=0&gdpr_consent=&us_privacy=&url=https://mediatakeout.com/teyana-taylor-throws-awazing-pre-met-gala-party-nia-gabrielle-lala-more/&pixelId=58404&puid=cad246a8-153e-421d-80e2-40e38fa09335:0
[ 4272773ms] [ERROR] Failed to load resource: the server responded with a status of 400 () @ https://ups.analytics.yahoo.com/ups/58404/fed?v=1&1p=0&gdpr=0&gdpr_consent=&us_privacy=&url=https://mediatakeout.com/teyana-taylor-throws-awazing-pre-met-gala-party-nia-gabrielle-lala-more/&pixelId=58404&he=ca68b7dbe4ebc49c5fd2d6864f71530fa1afa0d7f27261d3b21446b0f9081848&puid=cad246a8-153e-421d-80e2-40e38fa09335:0
[ 4273039ms] [INFO] Loading the script 'https://www.gstatic.com/_/mss/boq-identity/_/js/k=boq-identity.IdpIFrameHttp.en_US.cX2zh7FsMoc.2018.O/am=BBA4/d=1/rs=AOaEmlFQaRfhLodXlaDbhpCmOw5twMK1hg/m=base' violates the following Content Security Policy directive: "script-src 'unsafe-inline' 'unsafe-eval' blob: data:". Note that 'script-src-elem' was not explicitly set, so 'script-src' is used as a fallback. The policy is report-only, so the violation has been logged but no further action has been taken. @ https://accounts.google.com/o/oauth2/iframe#origin=https%3A%2F%2Fdisqus.com&rpcToken=604031977.180738&clearCache=1&supportBlocked3PCookies=1:0
[ 4273049ms] [WARNING] Your client application uses libraries for user authentication or authorization that are deprecated. See the [Migration Guide](https://developers.google.com/identity/gsi/web/guides/gis-migration) for more information. @ https://c.disquscdn.com/next/embed/common.bundle.b55d27c570b9a1d7c55230a121a02945.js:6
[ 4273080ms] [ERROR] Failed to load resource: the server responded with a status of 400 () @ https://accounts.google.com/_/IdpIFrameHttp/cspreport/fine-allowlist:0
[ 4273080ms] [LOG] Called iframe: ads.pubmatic.com [] 
Number of topics:  0 @ https://ads.pubmatic.com/AdServer/js/topics/topics_frame.html?bidder=pubmatic:19
[ 4273058ms] [ERROR] Refused to display 'https://www.instagram.com/' in a frame because it set 'X-Frame-Options' to 'deny'. @ chrome-error://chromewebdata/:0
[ 4273265ms] [WARNING] Placements With no Content: Below Article Thumbnails | Card 5 @ https://cdn.taboola.com/libtrc/mediatakeout-mediatakeout/loader.js:0
[ 4273265ms] [WARNING] Placements With no Content: Below Article Thumbnails | Card 5 @ https://cdn.taboola.com/libtrc/mediatakeout-mediatakeout/loader.js:0
[ 4273480ms] [WARNING] Placements With no Content: Below Article Thumbnails | Lazy Injected 1 @ https://cdn.taboola.com/libtrc/mediatakeout-mediatakeout/loader.js:0
[ 4273481ms] [WARNING] Placements With no Content: Below Article Thumbnails | Lazy Injected 1 @ https://cdn.taboola.com/libtrc/mediatakeout-mediatakeout/loader.js:0
[ 4273582ms] [ERROR] Access to XMLHttpRequest at 'https://links.services.disqus.com/api/ping' from origin 'https://mediatakeout.com' has been blocked by CORS policy: No 'Access-Control-Allow-Origin' header is present on the requested resource. @ https://mediatakeout.com/teyana-taylor-throws-awazing-pre-met-gala-party-nia-gabrielle-lala-more/:0
[ 4273582ms] [ERROR] Failed to load resource: net::ERR_FAILED @ https://links.services.disqus.com/api/ping:0
[ 4273058ms] [ERROR] Refused to display 'https://www.instagram.com/' in a frame because it set 'X-Frame-Options' to 'deny'. @ chrome-error://chromewebdata/:0
[ 4273058ms] [ERROR] Refused to display 'https://www.instagram.com/' in a frame because it set 'X-Frame-Options' to 'deny'. @ chrome-error://chromewebdata/:0
[ 4274174ms] [ERROR] Attestation check for Shared Storage on https://www.googleadservices.com failed. @ https://www.googleadservices.com/pagead/managed/js/activeview/current/reach_worklet.html:0
[ 4274174ms] [ERROR] Attestation check for Shared Storage on https://www.googleadservices.com failed. @ https://www.googleadservices.com/pagead/managed/js/activeview/current/reach_worklet.html:0
[ 4274378ms] [ERROR] Attestation check for Shared Storage on https://www.googleadservices.com failed. @ https://www.googleadservices.com/pagead/managed/js/activeview/current/reach_worklet.html:0
[ 4274174ms] [ERROR] Attestation check for Shared Storage on https://www.googleadservices.com failed. @ https://www.googleadservices.com/pagead/managed/js/activeview/current/reach_worklet.html:0
[ 4274378ms] [ERROR] Attestation check for Shared Storage on https://www.googleadservices.com failed. @ https://www.googleadservices.com/pagead/managed/js/activeview/current/reach_worklet.html:0
[ 4274561ms] [ERROR] Attestation check for Shared Storage on https://www.googleadservices.com failed. @ https://www.googleadservices.com/pagead/managed/js/activeview/current/reach_worklet.html:0
[ 4274174ms] [ERROR] Attestation check for Shared Storage on https://www.googleadservices.com failed. @ https://www.googleadservices.com/pagead/managed/js/activeview/current/reach_worklet.html:0
[ 4274378ms] [ERROR] Attestation check for Shared Storage on https://www.googleadservices.com failed. @ https://www.googleadservices.com/pagead/managed/js/activeview/current/reach_worklet.html:0
[ 4274561ms] [ERROR] Attestation check for Shared Storage on https://www.googleadservices.com failed. @ https://www.googleadservices.com/pagead/managed/js/activeview/current/reach_worklet.html:0
[ 4274733ms] [ERROR] Attestation check for Shared Storage on https://www.googleadservices.com failed. @ https://www.googleadservices.com/pagead/managed/js/activeview/current/reach_worklet.html:0
[ 4273058ms] [ERROR] Refused to display 'https://www.instagram.com/' in a frame because it set 'X-Frame-Options' to 'deny'. @ chrome-error://chromewebdata/:0
[ 4274931ms] [ERROR] Failed to load resource: the server responded with a status of 404 () @ https://2361416f75f94a8554974b5aa56673eb.safeframe.googlesyndication.com/safeframe/1-0-45/html/mraid.js:0
[ 4274931ms] [ERROR] Refused to execute script from 'https://2361416f75f94a8554974b5aa56673eb.safeframe.googlesyndication.com/safeframe/1-0-45/html/mraid.js' because its MIME type ('text/html') is not executable, and strict MIME type checking is enabled. @ about:srcdoc:0
[ 4274966ms] [ERROR] Mixed Content: The page at 'https://mediatakeout.com/teyana-taylor-throws-awazing-pre-met-gala-party-nia-gabrielle-lala-more/' was loaded over HTTPS, but requested an insecure script 'http://edge.quantserve.com/quant.js'. This request has been blocked; the content must be served over HTTPS. @ :0
[ 4274174ms] [ERROR] Attestation check for Shared Storage on https://www.googleadservices.com failed. @ https://www.googleadservices.com/pagead/managed/js/activeview/current/reach_worklet.html:0
[ 4274378ms] [ERROR] Attestation check for Shared Storage on https://www.googleadservices.com failed. @ https://www.googleadservices.com/pagead/managed/js/activeview/current/reach_worklet.html:0
[ 4274561ms] [ERROR] Attestation check for Shared Storage on https://www.googleadservices.com failed. @ https://www.googleadservices.com/pagead/managed/js/activeview/current/reach_worklet.html:0
[ 4274733ms] [ERROR] Attestation check for Shared Storage on https://www.googleadservices.com failed. @ https://www.googleadservices.com/pagead/managed/js/activeview/current/reach_worklet.html:0
[ 4275099ms] [ERROR] Attestation check for Shared Storage on https://www.googleadservices.com failed. @ https://www.googleadservices.com/pagead/managed/js/activeview/current/reach_worklet.html:0
[ 4275102ms] [ERROR] Attestation check for Shared Storage on https://securepubads.g.doubleclick.net failed. @ https://imasdk.googleapis.com/js/core/bridge3.761.0_en.html#deid=%22%22&eventfe_experiment_ids=%5B%5D&fid=%22goog_237198121%22&genotype_experiment_data=%7B%22experimentStateProto%22%3A%22%5B%5B%5B45713128%2Cnull%2Cnull%2C%5B%5D%5D%2C%5Bnull%2C745150931%2Cnull%2C%5Bnull%2C1%5D%5D%2C%5Bnull%2C749060184%2Cnull%2C%5Bnull%2C128%5D%5D%2C%5B841585769%2Cnull%2Cnull%2C%5B1%5D%5D%2C%5B45761044%2Cnull%2Cnull%2C%5B%5D%5D%2C%5B45722344%2Cnull%2Cnull%2C%5B%5D%5D%2C%5B45706017%2Cnull%2Cnull%2C%5B1%5D%5D%2C%5B45774999%2Cnull%2Cnull%2C%5B%5D%5D%2C%5B45776042%2Cnull%2Cnull%2C%5B%5D%5D%2C%5B45668885%2Cnull%2Cnull%2C%5B%5D%5D%2C%5B45685340%2Cnull%2Cnull%2C%5B%5D%5D%2C%5B45765927%2Cnull%2Cnull%2C%5B%5D%5D%2C%5B45734716%2Cnull%2Cnull%2C%5B%5D%5D%2C%5B45735891%2Cnull%2Cnull%2C%5B%5D%5D%2C%5B45663239%2Cnull%2Cnull%2C%5B%5D%5D%2C%5B45715032%2Cnull%2Cnull%2C%5B1%5D%5D%2C%5B45661356%2Cnull%2Cnull%2C%5B%5D%5D%2C%5B839547366%2Cnull%2Cnull%2C%5B1%5D%5D%2C%5B45676441%2Cnull%2Cnull%2C%5B%5D%5D%2C%5Bnull%2C45645574%2Cnull%2C%5B%5D%5D%2C%5B45688859%2Cnull%2Cnull%2C%5B%5D%5D%2C%5B45656766%2Cnull%2Cnull%2C%5B%5D%5D%2C%5B45710689%2Cnull%2Cnull%2C%5B%5D%5D%2C%5B45710688%2Cnull%2Cnull%2C%5B1%5D%5D%2C%5B45685601%2Cnull%2Cnull%2C%5B%5D%5D%2C%5Bnull%2C45685602%2Cnull%2C%5Bnull%2C500%5D%5D%2C%5Bnull%2C45767902%2Cnull%2C%5Bnull%2C500%5D%5D%2C%5B45756824%2Cnull%2Cnull%2C%5B%5D%5D%2C%5B45747172%2Cnull%2Cnull%2C%5B%5D%5D%2C%5B775241416%2Cnull%2Cnull%2C%5B%5D%5D%2C%5B781107959%2Cnull%2Cnull%2C%5B%5D%5D%2C%5B781107958%2Cnull%2Cnull%2C%5B%5D%5D%2C%5B792614055%2Cnull%2Cnull%2C%5B%5D%5D%2C%5B781107957%2Cnull%2Cnull%2C%5B%5D%5D%2C%5B45729602%2Cnull%2Cnull%2C%5B%5D%5D%2C%5B45753603%2Cnull%2Cnull%2C%5B%5D%5D%2C%5B45753604%2Cnull%2Cnull%2C%5B%5D%5D%5D%2C%5B%5B16%2C%5B%5B1%2C%5B%5B31089630%5D%2C%5B31089631%2C%5B%5B45668885%2Cnull%2Cnull%2C%5B1%5D%5D%5D%5D%5D%5D%2C%5B10%2C%5B%5B31097690%5D%2C%5B31097691%2C%5B%5B846355750%2Cnull%2Cnull%2C%5B1%5D%5D%5D%5D%5D%5D%2C%5B1000%2C%5B%5B95332046%5D%5D%5D%2C%5Bnull%2C%5B%5B95332047%5D%5D%5D%2C%5B10%2C%5B%5B95338769%2C%5B%5Bnull%2C45645574%2Cnull%2C%5Bnull%2C1%5D%5D%5D%5D%2C%5B95338770%2C%5B%5Bnull%2C45645574%2Cnull%2C%5Bnull%2C2%5D%5D%5D%5D%5D%5D%2C%5B50%2C%5B%5B95345206%5D%2C%5B95345207%2C%5B%5B45661356%2Cnull%2Cnull%2C%5B1%5D%5D%5D%5D%5D%5D%2C%5B1%2C%5B%5B95351425%5D%2C%5B95351426%2C%5B%5B45676441%2Cnull%2Cnull%2C%5B1%5D%5D%5D%5D%5D%5D%2C%5B1%2C%5B%5B95373378%2C%5B%5B792614055%2Cnull%2Cnull%2C%5B1%5D%5D%5D%5D%2C%5B95373379%2C%5B%5B45747172%2Cnull%2Cnull%2C%5B1%5D%5D%2C%5B781107959%2Cnull%2Cnull%2C%5B1%5D%5D%2C%5B792614055%2Cnull%2Cnull%2C%5B1%5D%5D%2C%5B781107957%2Cnull%2Cnull%2C%5B1%5D%5D%5D%5D%5D%5D%2C%5B10%2C%5B%5B95378629%5D%2C%5B95378630%2C%5B%5B45729602%2Cnull%2Cnull%2C%5B1%5D%5D%5D%5D%2C%5B95381582%2C%5B%5B45729602%2Cnull%2Cnull%2C%5B1%5D%5D%2C%5B45753603%2Cnull%2Cnull%2C%5B1%5D%5D%5D%5D%2C%5B95381583%2C%5B%5B45729602%2Cnull%2Cnull%2C%5B1%5D%5D%2C%5B45753604%2Cnull%2Cnull%2C%5B1%5D%5D%5D%5D%5D%5D%2C%5B50%2C%5B%5B95382403%5D%2C%5B95386528%2C%5B%5Bnull%2C45767902%2Cnull%2C%5B%5D%5D%2C%5B45756824%2Cnull%2Cnull%2C%5B1%5D%5D%5D%5D%5D%5D%2C%5B10%2C%5B%5B95385193%5D%2C%5B95385194%2C%5B%5B45765927%2Cnull%2Cnull%2C%5B1%5D%5D%5D%5D%5D%5D%2C%5B100%2C%5B%5B95387816%5D%2C%5B95387817%2C%5B%5B45774999%2Cnull%2Cnull%2C%5B1%5D%5D%5D%5D%5D%5D%2C%5B10%2C%5B%5B95389581%5D%2C%5B95389582%2C%5B%5B635466687%2Cnull%2Cnull%2C%5B1%5D%5D%5D%5D%5D%5D%5D%5D%5D%2Cnull%2Cnull%2C%5Bnull%2C1000%2C1%2C1000%5D%5D%22%7D&imalib_experiments=%5B420706098%2C95322027%2C95331589%2C95332046%2C95386528%5D&is_eap_loader=false&managed_js_experiment_id=0&page_correlator=1882649422201853&pvsid=5986195056770879&top_accessible_page_url=%22https%3A%2F%2Fmediatakeout.com%2Fteyana-taylor-throws-awazing-pre-met-gala-party-nia-gabrielle-lala-more%2F%22:0
[ 4274931ms] [ERROR] Failed to load resource: the server responded with a status of 404 () @ https://2361416f75f94a8554974b5aa56673eb.safeframe.googlesyndication.com/safeframe/1-0-45/html/mraid.js:0
[ 4274931ms] [ERROR] Refused to execute script from 'https://2361416f75f94a8554974b5aa56673eb.safeframe.googlesyndication.com/safeframe/1-0-45/html/mraid.js' because its MIME type ('text/html') is not executable, and strict MIME type checking is enabled. @ about:srcdoc:0
[ 4275406ms] [LOG] IFRAME:  JSHandle@node @ :6
[ 4275423ms] [LOG] EVENT:  MessageEvent @ :8
[ 4275435ms] [LOG] EVENT:  MessageEvent @ :8
[ 4273058ms] [ERROR] Refused to display 'https://www.instagram.com/' in a frame because it set 'X-Frame-Options' to 'deny'. @ chrome-error://chromewebdata/:0
[ 4275468ms] [LOG] EVENT:  MessageEvent @ :8
[ 4275468ms] [LOG] EVENT:  MessageEvent @ :8
[ 4275468ms] [LOG] EVENT:  MessageEvent @ :8
[ 4275470ms] [ERROR] Failed to load resource: net::ERR_NAME_NOT_RESOLVED @ https://tags.bluekai.com/site/2964?id=5unDok6f1WkpX55:0
[ 4275506ms] [LOG] EVENT:  MessageEvent @ :8
[ 4275511ms] [LOG] EVENT:  MessageEvent @ :8
[ 4275526ms] [LOG] EVENT:  MessageEvent @ :8
[ 4275540ms] [LOG] EVENT:  MessageEvent @ :8
[ 4275582ms] [LOG] EVENT:  MessageEvent @ :8
[ 4275603ms] [LOG] EVENT:  MessageEvent @ :8
[ 4275626ms] [LOG] EVENT:  MessageEvent @ :8
[ 4275641ms] [LOG] EVENT:  MessageEvent @ :8
[ 4275689ms] [ERROR] Attestation check for Shared Storage on https://securepubads.g.doubleclick.net failed. @ https://imasdk.googleapis.com/js/core/bridge3.761.0_en.html#deid=%22%22&eventfe_experiment_ids=%5B%5D&fid=%22goog_14223597%22&genotype_experiment_data=%7B%22experimentStateProto%22%3A%22%5B%5B%5B45713128%2Cnull%2Cnull%2C%5B%5D%5D%2C%5Bnull%2C745150931%2Cnull%2C%5Bnull%2C1%5D%5D%2C%5Bnull%2C749060184%2Cnull%2C%5Bnull%2C128%5D%5D%2C%5B841585769%2Cnull%2Cnull%2C%5B1%5D%5D%2C%5B45761044%2Cnull%2Cnull%2C%5B%5D%5D%2C%5B45722344%2Cnull%2Cnull%2C%5B%5D%5D%2C%5B45706017%2Cnull%2Cnull%2C%5B1%5D%5D%2C%5B45774999%2Cnull%2Cnull%2C%5B%5D%5D%2C%5B45776042%2Cnull%2Cnull%2C%5B%5D%5D%2C%5B45668885%2Cnull%2Cnull%2C%5B%5D%5D%2C%5B45685340%2Cnull%2Cnull%2C%5B%5D%5D%2C%5B45765927%2Cnull%2Cnull%2C%5B%5D%5D%2C%5B45734716%2Cnull%2Cnull%2C%5B%5D%5D%2C%5B45735891%2Cnull%2Cnull%2C%5B%5D%5D%2C%5B45663239%2Cnull%2Cnull%2C%5B%5D%5D%2C%5B45715032%2Cnull%2Cnull%2C%5B1%5D%5D%2C%5B45661356%2Cnull%2Cnull%2C%5B%5D%5D%2C%5B839547366%2Cnull%2Cnull%2C%5B1%5D%5D%2C%5B45676441%2Cnull%2Cnull%2C%5B%5D%5D%2C%5Bnull%2C45645574%2Cnull%2C%5B%5D%5D%2C%5B45688859%2Cnull%2Cnull%2C%5B%5D%5D%2C%5B45656766%2Cnull%2Cnull%2C%5B%5D%5D%2C%5B45710689%2Cnull%2Cnull%2C%5B%5D%5D%2C%5B45710688%2Cnull%2Cnull%2C%5B1%5D%5D%2C%5B45685601%2Cnull%2Cnull%2C%5B%5D%5D%2C%5Bnull%2C45685602%2Cnull%2C%5Bnull%2C500%5D%5D%2C%5Bnull%2C45767902%2Cnull%2C%5Bnull%2C500%5D%5D%2C%5B45756824%2Cnull%2Cnull%2C%5B%5D%5D%2C%5B45747172%2Cnull%2Cnull%2C%5B%5D%5D%2C%5B775241416%2Cnull%2Cnull%2C%5B%5D%5D%2C%5B781107959%2Cnull%2Cnull%2C%5B%5D%5D%2C%5B781107958%2Cnull%2Cnull%2C%5B%5D%5D%2C%5B792614055%2Cnull%2Cnull%2C%5B%5D%5D%2C%5B781107957%2Cnull%2Cnull%2C%5B%5D%5D%2C%5B45729602%2Cnull%2Cnull%2C%5B%5D%5D%2C%5B45753603%2Cnull%2Cnull%2C%5B%5D%5D%2C%5B45753604%2Cnull%2Cnull%2C%5B%5D%5D%5D%2C%5B%5B16%2C%5B%5B1%2C%5B%5B31089630%5D%2C%5B31089631%2C%5B%5B45668885%2Cnull%2Cnull%2C%5B1%5D%5D%5D%5D%5D%5D%2C%5B10%2C%5B%5B31097690%5D%2C%5B31097691%2C%5B%5B846355750%2Cnull%2Cnull%2C%5B1%5D%5D%5D%5D%5D%5D%2C%5B1000%2C%5B%5B95332046%5D%5D%5D%2C%5Bnull%2C%5B%5B95332047%5D%5D%5D%2C%5B10%2C%5B%5B95338769%2C%5B%5Bnull%2C45645574%2Cnull%2C%5Bnull%2C1%5D%5D%5D%5D%2C%5B95338770%2C%5B%5Bnull%2C45645574%2Cnull%2C%5Bnull%2C2%5D%5D%5D%5D%5D%5D%2C%5B50%2C%5B%5B95345206%5D%2C%5B95345207%2C%5B%5B45661356%2Cnull%2Cnull%2C%5B1%5D%5D%5D%5D%5D%5D%2C%5B1%2C%5B%5B95351425%5D%2C%5B95351426%2C%5B%5B45676441%2Cnull%2Cnull%2C%5B1%5D%5D%5D%5D%5D%5D%2C%5B1%2C%5B%5B95373378%2C%5B%5B792614055%2Cnull%2Cnull%2C%5B1%5D%5D%5D%5D%2C%5B95373379%2C%5B%5B45747172%2Cnull%2Cnull%2C%5B1%5D%5D%2C%5B781107959%2Cnull%2Cnull%2C%5B1%5D%5D%2C%5B792614055%2Cnull%2Cnull%2C%5B1%5D%5D%2C%5B781107957%2Cnull%2Cnull%2C%5B1%5D%5D%5D%5D%5D%5D%2C%5B10%2C%5B%5B95378629%5D%2C%5B95378630%2C%5B%5B45729602%2Cnull%2Cnull%2C%5B1%5D%5D%5D%5D%2C%5B95381582%2C%5B%5B45729602%2Cnull%2Cnull%2C%5B1%5D%5D%2C%5B45753603%2Cnull%2Cnull%2C%5B1%5D%5D%5D%5D%2C%5B95381583%2C%5B%5B45729602%2Cnull%2Cnull%2C%5B1%5D%5D%2C%5B45753604%2Cnull%2Cnull%2C%5B1%5D%5D%5D%5D%5D%5D%2C%5B50%2C%5B%5B95382403%5D%2C%5B95386528%2C%5B%5Bnull%2C45767902%2Cnull%2C%5B%5D%5D%2C%5B45756824%2Cnull%2Cnull%2C%5B1%5D%5D%5D%5D%5D%5D%2C%5B10%2C%5B%5B95385193%5D%2C%5B95385194%2C%5B%5B45765927%2Cnull%2Cnull%2C%5B1%5D%5D%5D%5D%5D%5D%2C%5B100%2C%5B%5B95387816%5D%2C%5B95387817%2C%5B%5B45774999%2Cnull%2Cnull%2C%5B1%5D%5D%5D%5D%5D%5D%2C%5B10%2C%5B%5B95389581%5D%2C%5B95389582%2C%5B%5B635466687%2Cnull%2Cnull%2C%5B1%5D%5D%5D%5D%5D%5D%5D%5D%5D%2Cnull%2Cnull%2C%5Bnull%2C1000%2C1%2C1000%5D%5D%22%7D&imalib_experiments=%5B95322027%2C95331589%2C95332046%2C95386528%5D&is_eap_loader=false&managed_js_experiment_id=0&page_correlator=1482781370534597&pvsid=5986195056770879&top_accessible_page_url=%22https%3A%2F%2Fmediatakeout.com%2Fteyana-taylor-throws-awazing-pre-met-gala-party-nia-gabrielle-lala-more%2F%22:0
[ 4275689ms] [LOG] EVENT:  MessageEvent @ :8
[ 4275690ms] [LOG] EVENT:  MessageEvent @ :8
[ 4275695ms] [LOG] EVENT:  MessageEvent @ :8
[ 4275696ms] [LOG] EVENT:  MessageEvent @ :8
[ 4275697ms] [LOG] EVENT:  MessageEvent @ :8
[ 4275718ms] [LOG] EVENT:  MessageEvent @ :8
[ 4275718ms] [LOG] EVENT:  MessageEvent @ :8
[ 4275719ms] [LOG] EVENT:  MessageEvent @ :8
[ 4275720ms] [LOG] EVENT:  MessageEvent @ :8
[ 4275723ms] [LOG] EVENT:  MessageEvent @ :8
[ 4275725ms] [LOG] EVENT:  MessageEvent @ :8
[ 4275725ms] [LOG] EVENT:  MessageEvent @ :8
[ 4275761ms] [LOG] EVENT:  MessageEvent @ :8
[ 4275787ms] [LOG] EVENT:  MessageEvent @ :8
[ 4275827ms] [LOG] EVENT:  MessageEvent @ :8
[ 4275844ms] [LOG] EVENT:  MessageEvent @ :8
[ 4275867ms] [LOG] EVENT:  MessageEvent @ :8
[ 4275907ms] [LOG] EVENT:  MessageEvent @ :8
[ 4275952ms] [LOG] EVENT:  MessageEvent @ :8
[ 4275953ms] [LOG] EVENT:  MessageEvent @ :8
[ 4275973ms] [LOG] EVENT:  MessageEvent @ :8
[ 4274174ms] [ERROR] Attestation check for Shared Storage on https://www.googleadservices.com failed. @ https://www.googleadservices.com/pagead/managed/js/activeview/current/reach_worklet.html:0
[ 4274378ms] [ERROR] Attestation check for Shared Storage on https://www.googleadservices.com failed. @ https://www.googleadservices.com/pagead/managed/js/activeview/current/reach_worklet.html:0
[ 4274561ms] [ERROR] Attestation check for Shared Storage on https://www.googleadservices.com failed. @ https://www.googleadservices.com/pagead/managed/js/activeview/current/reach_worklet.html:0
[ 4274733ms] [ERROR] Attestation check for Shared Storage on https://www.googleadservices.com failed. @ https://www.googleadservices.com/pagead/managed/js/activeview/current/reach_worklet.html:0
[ 4275099ms] [ERROR] Attestation check for Shared Storage on https://www.googleadservices.com failed. @ https://www.googleadservices.com/pagead/managed/js/activeview/current/reach_worklet.html:0
[ 4276027ms] [ERROR] Attestation check for Shared Storage on https://www.googleadservices.com failed. @ https://www.googleadservices.com/pagead/managed/js/activeview/current/reach_worklet.html:0
[ 4276028ms] [LOG] EVENT:  MessageEvent @ :8
[ 4276036ms] [LOG] EVENT:  MessageEvent @ :8
[ 4276050ms] [LOG] EVENT:  MessageEvent @ :8
[ 4276109ms] [LOG] EVENT:  MessageEvent @ :8
[ 4276129ms] [LOG] EVENT:  MessageEvent @ :8
[ 4276157ms] [LOG] EVENT:  MessageEvent @ :8
[ 4276216ms] [LOG] EVENT:  MessageEvent @ :8
[ 4276217ms] [LOG] EVENT:  MessageEvent @ :8
[ 4276217ms] [LOG] EVENT:  MessageEvent @ :8
[ 4276230ms] [LOG] EVENT:  MessageEvent @ :8
[ 4276236ms] [LOG] EVENT:  MessageEvent @ :8
[ 4276236ms] [LOG] EVENT:  MessageEvent @ :8
[ 4276237ms] [LOG] EVENT:  MessageEvent @ :8
[ 4276249ms] [LOG] EVENT:  MessageEvent @ :8
[ 4276303ms] [LOG] EVENT:  MessageEvent @ :8
[ 4276311ms] [LOG] EVENT:  MessageEvent @ :8
[ 4276332ms] [LOG] EVENT:  MessageEvent @ :8
[ 4276351ms] [LOG] EVENT:  MessageEvent @ :8
[ 4276433ms] [LOG] EVENT:  MessageEvent @ :8
[ 4276475ms] [LOG] EVENT:  MessageEvent @ :8
[ 4276542ms] [LOG] EVENT:  MessageEvent @ :8
[ 4276554ms] [LOG] EVENT:  MessageEvent @ :8
[ 4276558ms] [LOG] EVENT:  MessageEvent @ :8
[ 4276569ms] [LOG] EVENT:  MessageEvent @ :8
[ 4276635ms] [LOG] EVENT:  MessageEvent @ :8
[ 4276656ms] [LOG] EVENT:  MessageEvent @ :8
[ 4276714ms] [LOG] EVENT:  MessageEvent @ :8
[ 4276736ms] [LOG] EVENT:  MessageEvent @ :8
[ 4276758ms] [LOG] EVENT:  MessageEvent @ :8
[ 4276833ms] [LOG] EVENT:  MessageEvent @ :8
[ 4276837ms] [LOG] EVENT:  MessageEvent @ :8
[ 4276860ms] [LOG] EVENT:  MessageEvent @ :8
[ 4276914ms] [LOG] EVENT:  MessageEvent @ :8
[ 4276939ms] [LOG] EVENT:  MessageEvent @ :8
[ 4276961ms] [LOG] EVENT:  MessageEvent @ :8
[ 4277040ms] [LOG] EVENT:  MessageEvent @ :8
[ 4277096ms] [LOG] EVENT:  MessageEvent @ :8
[ 4277100ms] [LOG] EVENT:  MessageEvent @ :8
[ 4277114ms] [LOG] EVENT:  MessageEvent @ :8
[ 4277140ms] [LOG] EVENT:  MessageEvent @ :8
[ 4277165ms] [LOG] EVENT:  MessageEvent @ :8
[ 4277243ms] [LOG] EVENT:  MessageEvent @ :8
[ 4277265ms] [LOG] EVENT:  MessageEvent @ :8
[ 4277345ms] [LOG] EVENT:  MessageEvent @ :8
[ 4277365ms] [LOG] EVENT:  MessageEvent @ :8
[ 4277366ms] [LOG] EVENT:  MessageEvent @ :8
[ 4277447ms] [LOG] EVENT:  MessageEvent @ :8
[ 4277468ms] [LOG] EVENT:  MessageEvent @ :8
[ 4277517ms] [LOG] EVENT:  MessageEvent @ :8
[ 4277548ms] [LOG] EVENT:  MessageEvent @ :8
[ 4277570ms] [LOG] EVENT:  MessageEvent @ :8
[ 4277633ms] [LOG] EVENT:  MessageEvent @ :8
[ 4277649ms] [LOG] EVENT:  MessageEvent @ :8
[ 4277671ms] [LOG] EVENT:  MessageEvent @ :8
[ 4277719ms] [LOG] EVENT:  MessageEvent @ :8
[ 4277773ms] [LOG] EVENT:  MessageEvent @ :8
[ 4277874ms] [LOG] EVENT:  MessageEvent @ :8
[ 4277897ms] [LOG] EVENT:  MessageEvent @ :8
[ 4277920ms] [LOG] EVENT:  MessageEvent @ :8
[ 4277974ms] [LOG] EVENT:  MessageEvent @ :8
[ 4278076ms] [LOG] EVENT:  MessageEvent @ :8
[ 4278162ms] [LOG] EVENT:  MessageEvent @ :8
[ 4278177ms] [LOG] EVENT:  MessageEvent @ :8
[ 4278279ms] [LOG] EVENT:  MessageEvent @ :8
[ 4278323ms] [LOG] EVENT:  MessageEvent @ :8
[ 4278380ms] [LOG] EVENT:  MessageEvent @ :8
[ 4278438ms] [LOG] EVENT:  MessageEvent @ :8
[ 4278482ms] [LOG] EVENT:  MessageEvent @ :8
[ 4278524ms] [LOG] EVENT:  MessageEvent @ :8
[ 4278583ms] [LOG] EVENT:  MessageEvent @ :8
[ 4278685ms] [LOG] EVENT:  MessageEvent @ :8
[ 4278700ms] [LOG] EVENT:  MessageEvent @ :8
[ 4278726ms] [LOG] EVENT:  MessageEvent @ :8
[ 4278787ms] [LOG] EVENT:  MessageEvent @ :8
[ 4278888ms] [LOG] EVENT:  MessageEvent @ :8
[ 4278969ms] [LOG] EVENT:  MessageEvent @ :8
[ 4278988ms] [LOG] EVENT:  MessageEvent @ :8
[ 4279089ms] [LOG] EVENT:  MessageEvent @ :8
[ 4279127ms] [LOG] EVENT:  MessageEvent @ :8
[ 4279191ms] [LOG] EVENT:  MessageEvent @ :8
[ 4279229ms] [LOG] EVENT:  MessageEvent @ :8
[ 4279230ms] [LOG] EVENT:  MessageEvent @ :8
[ 4279328ms] [LOG] EVENT:  MessageEvent @ :8
[ 4279492ms] [LOG] EVENT:  MessageEvent @ :8
[ 4279531ms] [LOG] EVENT:  MessageEvent @ :8
[ 4279755ms] [LOG] EVENT:  MessageEvent @ :8
[ 4279936ms] [LOG] EVENT:  MessageEvent @ :8
[ 4280021ms] [LOG] EVENT:  MessageEvent @ :8
[ 4280134ms] [LOG] EVENT:  MessageEvent @ :8
[ 4280287ms] [LOG] EVENT:  MessageEvent @ :8
[ 4280336ms] [LOG] EVENT:  MessageEvent @ :8
[ 4280558ms] [LOG] EVENT:  MessageEvent @ :8
[ 4280738ms] [LOG] EVENT:  MessageEvent @ :8
[ 4280819ms] [LOG] EVENT:  MessageEvent @ :8
[ 4280938ms] [LOG] EVENT:  MessageEvent @ :8
[ 4281084ms] [LOG] EVENT:  MessageEvent @ :8
[ 4281140ms] [LOG] EVENT:  MessageEvent @ :8
[ 4281348ms] [LOG] EVENT:  MessageEvent @ :8
[ 4281544ms] [LOG] EVENT:  MessageEvent @ :8
[ 4281615ms] [LOG] EVENT:  MessageEvent @ :8
[ 4281744ms] [LOG] EVENT:  MessageEvent @ :8
[ 4281881ms] [LOG] EVENT:  MessageEvent @ :8
[ 4281945ms] [LOG] EVENT:  MessageEvent @ :8
[ 4282146ms] [LOG] EVENT:  MessageEvent @ :8
[ 4282147ms] [LOG] EVENT:  MessageEvent @ :8
[ 4282419ms] [LOG] EVENT:  MessageEvent @ :8
[ 4282549ms] [LOG] EVENT:  MessageEvent @ :8
[ 4282683ms] [LOG] EVENT:  MessageEvent @ :8
[ 4282750ms] [LOG] EVENT:  MessageEvent @ :8
[ 4282870ms] [LOG] EVENT:  MessageEvent @ :8
[ 4282948ms] [LOG] EVENT:  MessageEvent @ :8
[ 4282948ms] [LOG] EVENT:  MessageEvent @ :8
[ 4282950ms] [LOG] EVENT:  MessageEvent @ :8
[ 4283210ms] [LOG] EVENT:  MessageEvent @ :8
[ 4283352ms] [LOG] EVENT:  MessageEvent @ :8
[ 4283474ms] [LOG] EVENT:  MessageEvent @ :8
[ 4283552ms] [LOG] EVENT:  MessageEvent @ :8
[ 4283740ms] [LOG] EVENT:  MessageEvent @ :8
[ 4283754ms] [LOG] EVENT:  MessageEvent @ :8
[ 4284012ms] [LOG] EVENT:  MessageEvent @ :8
[ 4274931ms] [ERROR] Failed to load resource: the server responded with a status of 404 () @ https://2361416f75f94a8554974b5aa56673eb.safeframe.googlesyndication.com/safeframe/1-0-45/html/mraid.js:0
[ 4274931ms] [ERROR] Refused to execute script from 'https://2361416f75f94a8554974b5aa56673eb.safeframe.googlesyndication.com/safeframe/1-0-45/html/mraid.js' because its MIME type ('text/html') is not executable, and strict MIME type checking is enabled. @ about:srcdoc:0
[ 4284129ms] [LOG] EVENT:  MessageEvent @ :8
[ 4274174ms] [ERROR] Attestation check for Shared Storage on https://www.googleadservices.com failed. @ https://www.googleadservices.com/pagead/managed/js/activeview/current/reach_worklet.html:0
[ 4274378ms] [ERROR] Attestation check for Shared Storage on https://www.googleadservices.com failed. @ https://www.googleadservices.com/pagead/managed/js/activeview/current/reach_worklet.html:0
[ 4274561ms] [ERROR] Attestation check for Shared Storage on https://www.googleadservices.com failed. @ https://www.googleadservices.com/pagead/managed/js/activeview/current/reach_worklet.html:0
[ 4274733ms] [ERROR] Attestation check for Shared Storage on https://www.googleadservices.com failed. @ https://www.googleadservices.com/pagead/managed/js/activeview/current/reach_worklet.html:0
[ 4275099ms] [ERROR] Attestation check for Shared Storage on https://www.googleadservices.com failed. @ https://www.googleadservices.com/pagead/managed/js/activeview/current/reach_worklet.html:0
[ 4276027ms] [ERROR] Attestation check for Shared Storage on https://www.googleadservices.com failed. @ https://www.googleadservices.com/pagead/managed/js/activeview/current/reach_worklet.html:0
[ 4284137ms] [LOG] EVENT:  MessageEvent @ :8
[ 4284138ms] [LOG] EVENT:  MessageEvent @ :8
[ 4284138ms] [LOG] EVENT:  MessageEvent @ :8
[ 4284142ms] [LOG] EVENT:  MessageEvent @ :8
[ 4284145ms] [ERROR] Attestation check for Shared Storage on https://www.googleadservices.com failed. @ https://www.googleadservices.com/pagead/managed/js/activeview/current/reach_worklet.html:0
[ 4284157ms] [LOG] EVENT:  MessageEvent @ :8
[ 4284271ms] [LOG] EVENT:  MessageEvent @ :8
[ 4274174ms] [ERROR] Attestation check for Shared Storage on https://www.googleadservices.com failed. @ https://www.googleadservices.com/pagead/managed/js/activeview/current/reach_worklet.html:0
[ 4274378ms] [ERROR] Attestation check for Shared Storage on https://www.googleadservices.com failed. @ https://www.googleadservices.com/pagead/managed/js/activeview/current/reach_worklet.html:0
[ 4274561ms] [ERROR] Attestation check for Shared Storage on https://www.googleadservices.com failed. @ https://www.googleadservices.com/pagead/managed/js/activeview/current/reach_worklet.html:0
[ 4274733ms] [ERROR] Attestation check for Shared Storage on https://www.googleadservices.com failed. @ https://www.googleadservices.com/pagead/managed/js/activeview/current/reach_worklet.html:0
[ 4275099ms] [ERROR] Attestation check for Shared Storage on https://www.googleadservices.com failed. @ https://www.googleadservices.com/pagead/managed/js/activeview/current/reach_worklet.html:0
[ 4276027ms] [ERROR] Attestation check for Shared Storage on https://www.googleadservices.com failed. @ https://www.googleadservices.com/pagead/managed/js/activeview/current/reach_worklet.html:0
[ 4284145ms] [ERROR] Attestation check for Shared Storage on https://www.googleadservices.com failed. @ https://www.googleadservices.com/pagead/managed/js/activeview/current/reach_worklet.html:0
[ 4284351ms] [LOG] EVENT:  MessageEvent @ :8
[ 4284358ms] [LOG] EVENT:  MessageEvent @ :8
[ 4284366ms] [ERROR] Attestation check for Shared Storage on https://www.googleadservices.com failed. @ https://www.googleadservices.com/pagead/managed/js/activeview/current/reach_worklet.html:0
[ 4284408ms] [LOG] EVENT:  MessageEvent @ :8
[ 4284537ms] [LOG] EVENT:  MessageEvent @ :8
[ 4284560ms] [LOG] EVENT:  MessageEvent @ :8
[ 4284584ms] [LOG] EVENT:  MessageEvent @ :8
[ 4284802ms] [LOG] EVENT:  MessageEvent @ :8
[ 4284965ms] [LOG] EVENT:  MessageEvent @ :8
[ 4285067ms] [LOG] EVENT:  MessageEvent @ :8
[ 4285168ms] [LOG] EVENT:  MessageEvent @ :8
[ 4285335ms] [LOG] EVENT:  MessageEvent @ :8
[ 4285368ms] [LOG] EVENT:  MessageEvent @ :8
[ 4285603ms] [LOG] EVENT:  MessageEvent @ :8
[ 4285771ms] [LOG] EVENT:  MessageEvent @ :8
[ 4285867ms] [LOG] EVENT:  MessageEvent @ :8
[ 4285973ms] [LOG] EVENT:  MessageEvent @ :8
[ 4286140ms] [LOG] EVENT:  MessageEvent @ :8
[ 4286175ms] [LOG] EVENT:  MessageEvent @ :8
[ 4286404ms] [LOG] EVENT:  MessageEvent @ :8
[ 4286577ms] [LOG] EVENT:  MessageEvent @ :8
[ 4286667ms] [LOG] EVENT:  MessageEvent @ :8
[ 4286780ms] [LOG] EVENT:  MessageEvent @ :8
[ 4286933ms] [LOG] EVENT:  MessageEvent @ :8
[ 4286933ms] [LOG] EVENT:  MessageEvent @ :8
[ 4286980ms] [LOG] EVENT:  MessageEvent @ :8
[ 4287195ms] [LOG] EVENT:  MessageEvent @ :8
[ 4287385ms] [LOG] EVENT:  MessageEvent @ :8
[ 4287459ms] [LOG] EVENT:  MessageEvent @ :8
[ 4287587ms] [LOG] EVENT:  MessageEvent @ :8
[ 4287726ms] [LOG] EVENT:  MessageEvent @ :8
[ 4287789ms] [LOG] EVENT:  MessageEvent @ :8
[ 4287990ms] [LOG] EVENT:  MessageEvent @ :8
[ 4287991ms] [LOG] EVENT:  MessageEvent @ :8
[ 4288256ms] [LOG] EVENT:  MessageEvent @ :8
[ 4288393ms] [LOG] EVENT:  MessageEvent @ :8
[ 4288523ms] [LOG] EVENT:  MessageEvent @ :8
[ 4288595ms] [LOG] EVENT:  MessageEvent @ :8
[ 4288789ms] [LOG] EVENT:  MessageEvent @ :8
[ 4288795ms] [LOG] EVENT:  MessageEvent @ :8
[ 4289052ms] [LOG] EVENT:  MessageEvent @ :8
[ 4289202ms] [LOG] EVENT:  MessageEvent @ :8
[ 4289319ms] [LOG] EVENT:  MessageEvent @ :8
[ 4289401ms] [LOG] EVENT:  MessageEvent @ :8
[ 4289583ms] [LOG] EVENT:  MessageEvent @ :8
[ 4289602ms] [LOG] EVENT:  MessageEvent @ :8
[ 4289850ms] [LOG] EVENT:  MessageEvent @ :8
[ 4290006ms] [LOG] EVENT:  MessageEvent @ :8
[ 4290124ms] [LOG] EVENT:  MessageEvent @ :8
[ 4290207ms] [LOG] EVENT:  MessageEvent @ :8
[ 4290389ms] [LOG] EVENT:  MessageEvent @ :8
[ 4290409ms] [LOG] EVENT:  MessageEvent @ :8
[ 4290436ms] [LOG] EVENT:  MessageEvent @ :8
[ 4290438ms] [LOG] EVENT:  MessageEvent @ :8
[ 4290439ms] [LOG] EVENT:  MessageEvent @ :8
[ 4290441ms] [LOG] EVENT:  MessageEvent @ :8
[ 4290442ms] [LOG] EVENT:  MessageEvent @ :8
[ 4290444ms] [LOG] EVENT:  MessageEvent @ :8
[ 4290444ms] [LOG] EVENT:  MessageEvent @ :8
[ 4290445ms] [LOG] EVENT:  MessageEvent @ :8
[ 4290450ms] [LOG] EVENT:  MessageEvent @ :8
[ 4291558ms] [LOG] EVENT:  MessageEvent @ :8
[ 4275102ms] [ERROR] Attestation check for Shared Storage on https://securepubads.g.doubleclick.net failed. @ https://imasdk.googleapis.com/js/core/bridge3.761.0_en.html#deid=%22%22&eventfe_experiment_ids=%5B%5D&fid=%22goog_237198121%22&genotype_experiment_data=%7B%22experimentStateProto%22%3A%22%5B%5B%5B45713128%2Cnull%2Cnull%2C%5B%5D%5D%2C%5Bnull%2C745150931%2Cnull%2C%5Bnull%2C1%5D%5D%2C%5Bnull%2C749060184%2Cnull%2C%5Bnull%2C128%5D%5D%2C%5B841585769%2Cnull%2Cnull%2C%5B1%5D%5D%2C%5B45761044%2Cnull%2Cnull%2C%5B%5D%5D%2C%5B45722344%2Cnull%2Cnull%2C%5B%5D%5D%2C%5B45706017%2Cnull%2Cnull%2C%5B1%5D%5D%2C%5B45774999%2Cnull%2Cnull%2C%5B%5D%5D%2C%5B45776042%2Cnull%2Cnull%2C%5B%5D%5D%2C%5B45668885%2Cnull%2Cnull%2C%5B%5D%5D%2C%5B45685340%2Cnull%2Cnull%2C%5B%5D%5D%2C%5B45765927%2Cnull%2Cnull%2C%5B%5D%5D%2C%5B45734716%2Cnull%2Cnull%2C%5B%5D%5D%2C%5B45735891%2Cnull%2Cnull%2C%5B%5D%5D%2C%5B45663239%2Cnull%2Cnull%2C%5B%5D%5D%2C%5B45715032%2Cnull%2Cnull%2C%5B1%5D%5D%2C%5B45661356%2Cnull%2Cnull%2C%5B%5D%5D%2C%5B839547366%2Cnull%2Cnull%2C%5B1%5D%5D%2C%5B45676441%2Cnull%2Cnull%2C%5B%5D%5D%2C%5Bnull%2C45645574%2Cnull%2C%5B%5D%5D%2C%5B45688859%2Cnull%2Cnull%2C%5B%5D%5D%2C%5B45656766%2Cnull%2Cnull%2C%5B%5D%5D%2C%5B45710689%2Cnull%2Cnull%2C%5B%5D%5D%2C%5B45710688%2Cnull%2Cnull%2C%5B1%5D%5D%2C%5B45685601%2Cnull%2Cnull%2C%5B%5D%5D%2C%5Bnull%2C45685602%2Cnull%2C%5Bnull%2C500%5D%5D%2C%5Bnull%2C45767902%2Cnull%2C%5Bnull%2C500%5D%5D%2C%5B45756824%2Cnull%2Cnull%2C%5B%5D%5D%2C%5B45747172%2Cnull%2Cnull%2C%5B%5D%5D%2C%5B775241416%2Cnull%2Cnull%2C%5B%5D%5D%2C%5B781107959%2Cnull%2Cnull%2C%5B%5D%5D%2C%5B781107958%2Cnull%2Cnull%2C%5B%5D%5D%2C%5B792614055%2Cnull%2Cnull%2C%5B%5D%5D%2C%5B781107957%2Cnull%2Cnull%2C%5B%5D%5D%2C%5B45729602%2Cnull%2Cnull%2C%5B%5D%5D%2C%5B45753603%2Cnull%2Cnull%2C%5B%5D%5D%2C%5B45753604%2Cnull%2Cnull%2C%5B%5D%5D%5D%2C%5B%5B16%2C%5B%5B1%2C%5B%5B31089630%5D%2C%5B31089631%2C%5B%5B45668885%2Cnull%2Cnull%2C%5B1%5D%5D%5D%5D%5D%5D%2C%5B10%2C%5B%5B31097690%5D%2C%5B31097691%2C%5B%5B846355750%2Cnull%2Cnull%2C%5B1%5D%5D%5D%5D%5D%5D%2C%5B1000%2C%5B%5B95332046%5D%5D%5D%2C%5Bnull%2C%5B%5B95332047%5D%5D%5D%2C%5B10%2C%5B%5B95338769%2C%5B%5Bnull%2C45645574%2Cnull%2C%5Bnull%2C1%5D%5D%5D%5D%2C%5B95338770%2C%5B%5Bnull%2C45645574%2Cnull%2C%5Bnull%2C2%5D%5D%5D%5D%5D%5D%2C%5B50%2C%5B%5B95345206%5D%2C%5B95345207%2C%5B%5B45661356%2Cnull%2Cnull%2C%5B1%5D%5D%5D%5D%5D%5D%2C%5B1%2C%5B%5B95351425%5D%2C%5B95351426%2C%5B%5B45676441%2Cnull%2Cnull%2C%5B1%5D%5D%5D%5D%5D%5D%2C%5B1%2C%5B%5B95373378%2C%5B%5B792614055%2Cnull%2Cnull%2C%5B1%5D%5D%5D%5D%2C%5B95373379%2C%5B%5B45747172%2Cnull%2Cnull%2C%5B1%5D%5D%2C%5B781107959%2Cnull%2Cnull%2C%5B1%5D%5D%2C%5B792614055%2Cnull%2Cnull%2C%5B1%5D%5D%2C%5B781107957%2Cnull%2Cnull%2C%5B1%5D%5D%5D%5D%5D%5D%2C%5B10%2C%5B%5B95378629%5D%2C%5B95378630%2C%5B%5B45729602%2Cnull%2Cnull%2C%5B1%5D%5D%5D%5D%2C%5B95381582%2C%5B%5B45729602%2Cnull%2Cnull%2C%5B1%5D%5D%2C%5B45753603%2Cnull%2Cnull%2C%5B1%5D%5D%5D%5D%2C%5B95381583%2C%5B%5B45729602%2Cnull%2Cnull%2C%5B1%5D%5D%2C%5B45753604%2Cnull%2Cnull%2C%5B1%5D%5D%5D%5D%5D%5D%2C%5B50%2C%5B%5B95382403%5D%2C%5B95386528%2C%5B%5Bnull%2C45767902%2Cnull%2C%5B%5D%5D%2C%5B45756824%2Cnull%2Cnull%2C%5B1%5D%5D%5D%5D%5D%5D%2C%5B10%2C%5B%5B95385193%5D%2C%5B95385194%2C%5B%5B45765927%2Cnull%2Cnull%2C%5B1%5D%5D%5D%5D%5D%5D%2C%5B100%2C%5B%5B95387816%5D%2C%5B95387817%2C%5B%5B45774999%2Cnull%2Cnull%2C%5B1%5D%5D%5D%5D%5D%5D%2C%5B10%2C%5B%5B95389581%5D%2C%5B95389582%2C%5B%5B635466687%2Cnull%2Cnull%2C%5B1%5D%5D%5D%5D%5D%5D%5D%5D%5D%2Cnull%2Cnull%2C%5Bnull%2C1000%2C1%2C1000%5D%5D%22%7D&imalib_experiments=%5B420706098%2C95322027%2C95331589%2C95332046%2C95386528%5D&is_eap_loader=false&managed_js_experiment_id=0&page_correlator=1882649422201853&pvsid=5986195056770879&top_accessible_page_url=%22https%3A%2F%2Fmediatakeout.com%2Fteyana-taylor-throws-awazing-pre-met-gala-party-nia-gabrielle-lala-more%2F%22:0
[ 4275689ms] [ERROR] Attestation check for Shared Storage on https://securepubads.g.doubleclick.net failed. @ https://imasdk.googleapis.com/js/core/bridge3.761.0_en.html#deid=%22%22&eventfe_experiment_ids=%5B%5D&fid=%22goog_14223597%22&genotype_experiment_data=%7B%22experimentStateProto%22%3A%22%5B%5B%5B45713128%2Cnull%2Cnull%2C%5B%5D%5D%2C%5Bnull%2C745150931%2Cnull%2C%5Bnull%2C1%5D%5D%2C%5Bnull%2C749060184%2Cnull%2C%5Bnull%2C128%5D%5D%2C%5B841585769%2Cnull%2Cnull%2C%5B1%5D%5D%2C%5B45761044%2Cnull%2Cnull%2C%5B%5D%5D%2C%5B45722344%2Cnull%2Cnull%2C%5B%5D%5D%2C%5B45706017%2Cnull%2Cnull%2C%5B1%5D%5D%2C%5B45774999%2Cnull%2Cnull%2C%5B%5D%5D%2C%5B45776042%2Cnull%2Cnull%2C%5B%5D%5D%2C%5B45668885%2Cnull%2Cnull%2C%5B%5D%5D%2C%5B45685340%2Cnull%2Cnull%2C%5B%5D%5D%2C%5B45765927%2Cnull%2Cnull%2C%5B%5D%5D%2C%5B45734716%2Cnull%2Cnull%2C%5B%5D%5D%2C%5B45735891%2Cnull%2Cnull%2C%5B%5D%5D%2C%5B45663239%2Cnull%2Cnull%2C%5B%5D%5D%2C%5B45715032%2Cnull%2Cnull%2C%5B1%5D%5D%2C%5B45661356%2Cnull%2Cnull%2C%5B%5D%5D%2C%5B839547366%2Cnull%2Cnull%2C%5B1%5D%5D%2C%5B45676441%2Cnull%2Cnull%2C%5B%5D%5D%2C%5Bnull%2C45645574%2Cnull%2C%5B%5D%5D%2C%5B45688859%2Cnull%2Cnull%2C%5B%5D%5D%2C%5B45656766%2Cnull%2Cnull%2C%5B%5D%5D%2C%5B45710689%2Cnull%2Cnull%2C%5B%5D%5D%2C%5B45710688%2Cnull%2Cnull%2C%5B1%5D%5D%2C%5B45685601%2Cnull%2Cnull%2C%5B%5D%5D%2C%5Bnull%2C45685602%2Cnull%2C%5Bnull%2C500%5D%5D%2C%5Bnull%2C45767902%2Cnull%2C%5Bnull%2C500%5D%5D%2C%5B45756824%2Cnull%2Cnull%2C%5B%5D%5D%2C%5B45747172%2Cnull%2Cnull%2C%5B%5D%5D%2C%5B775241416%2Cnull%2Cnull%2C%5B%5D%5D%2C%5B781107959%2Cnull%2Cnull%2C%5B%5D%5D%2C%5B781107958%2Cnull%2Cnull%2C%5B%5D%5D%2C%5B792614055%2Cnull%2Cnull%2C%5B%5D%5D%2C%5B781107957%2Cnull%2Cnull%2C%5B%5D%5D%2C%5B45729602%2Cnull%2Cnull%2C%5B%5D%5D%2C%5B45753603%2Cnull%2Cnull%2C%5B%5D%5D%2C%5B45753604%2Cnull%2Cnull%2C%5B%5D%5D%5D%2C%5B%5B16%2C%5B%5B1%2C%5B%5B31089630%5D%2C%5B31089631%2C%5B%5B45668885%2Cnull%2Cnull%2C%5B1%5D%5D%5D%5D%5D%5D%2C%5B10%2C%5B%5B31097690%5D%2C%5B31097691%2C%5B%5B846355750%2Cnull%2Cnull%2C%5B1%5D%5D%5D%5D%5D%5D%2C%5B1000%2C%5B%5B95332046%5D%5D%5D%2C%5Bnull%2C%5B%5B95332047%5D%5D%5D%2C%5B10%2C%5B%5B95338769%2C%5B%5Bnull%2C45645574%2Cnull%2C%5Bnull%2C1%5D%5D%5D%5D%2C%5B95338770%2C%5B%5Bnull%2C45645574%2Cnull%2C%5Bnull%2C2%5D%5D%5D%5D%5D%5D%2C%5B50%2C%5B%5B95345206%5D%2C%5B95345207%2C%5B%5B45661356%2Cnull%2Cnull%2C%5B1%5D%5D%5D%5D%5D%5D%2C%5B1%2C%5B%5B95351425%5D%2C%5B95351426%2C%5B%5B45676441%2Cnull%2Cnull%2C%5B1%5D%5D%5D%5D%5D%5D%2C%5B1%2C%5B%5B95373378%2C%5B%5B792614055%2Cnull%2Cnull%2C%5B1%5D%5D%5D%5D%2C%5B95373379%2C%5B%5B45747172%2Cnull%2Cnull%2C%5B1%5D%5D%2C%5B781107959%2Cnull%2Cnull%2C%5B1%5D%5D%2C%5B792614055%2Cnull%2Cnull%2C%5B1%5D%5D%2C%5B781107957%2Cnull%2Cnull%2C%5B1%5D%5D%5D%5D%5D%5D%2C%5B10%2C%5B%5B95378629%5D%2C%5B95378630%2C%5B%5B45729602%2Cnull%2Cnull%2C%5B1%5D%5D%5D%5D%2C%5B95381582%2C%5B%5B45729602%2Cnull%2Cnull%2C%5B1%5D%5D%2C%5B45753603%2Cnull%2Cnull%2C%5B1%5D%5D%5D%5D%2C%5B95381583%2C%5B%5B45729602%2Cnull%2Cnull%2C%5B1%5D%5D%2C%5B45753604%2Cnull%2Cnull%2C%5B1%5D%5D%5D%5D%5D%5D%2C%5B50%2C%5B%5B95382403%5D%2C%5B95386528%2C%5B%5Bnull%2C45767902%2Cnull%2C%5B%5D%5D%2C%5B45756824%2Cnull%2Cnull%2C%5B1%5D%5D%5D%5D%5D%5D%2C%5B10%2C%5B%5B95385193%5D%2C%5B95385194%2C%5B%5B45765927%2Cnull%2Cnull%2C%5B1%5D%5D%5D%5D%5D%5D%2C%5B100%2C%5B%5B95387816%5D%2C%5B95387817%2C%5B%5B45774999%2Cnull%2Cnull%2C%5B1%5D%5D%5D%5D%5D%5D%2C%5B10%2C%5B%5B95389581%5D%2C%5B95389582%2C%5B%5B635466687%2Cnull%2Cnull%2C%5B1%5D%5D%5D%5D%5D%5D%5D%5D%5D%2Cnull%2Cnull%2C%5Bnull%2C1000%2C1%2C1000%5D%5D%22%7D&imalib_experiments=%5B95322027%2C95331589%2C95332046%2C95386528%5D&is_eap_loader=false&managed_js_experiment_id=0&page_correlator=1482781370534597&pvsid=5986195056770879&top_accessible_page_url=%22https%3A%2F%2Fmediatakeout.com%2Fteyana-taylor-throws-awazing-pre-met-gala-party-nia-gabrielle-lala-more%2F%22:0
[ 4274174ms] [ERROR] Attestation check for Shared Storage on https://www.googleadservices.com failed. @ https://www.googleadservices.com/pagead/managed/js/activeview/current/reach_worklet.html:0
[ 4274378ms] [ERROR] Attestation check for Shared Storage on https://www.googleadservices.com failed. @ https://www.googleadservices.com/pagead/managed/js/activeview/current/reach_worklet.html:0
[ 4274561ms] [ERROR] Attestation check for Shared Storage on https://www.googleadservices.com failed. @ https://www.googleadservices.com/pagead/managed/js/activeview/current/reach_worklet.html:0
[ 4274733ms] [ERROR] Attestation check for Shared Storage on https://www.googleadservices.com failed. @ https://www.googleadservices.com/pagead/managed/js/activeview/current/reach_worklet.html:0
[ 4275099ms] [ERROR] Attestation check for Shared Storage on https://www.googleadservices.com failed. @ https://www.googleadservices.com/pagead/managed/js/activeview/current/reach_worklet.html:0
[ 4276027ms] [ERROR] Attestation check for Shared Storage on https://www.googleadservices.com failed. @ https://www.googleadservices.com/pagead/managed/js/activeview/current/reach_worklet.html:0
[ 4284145ms] [ERROR] Attestation check for Shared Storage on https://www.googleadservices.com failed. @ https://www.googleadservices.com/pagead/managed/js/activeview/current/reach_worklet.html:0
[ 4284366ms] [ERROR] Attestation check for Shared Storage on https://www.googleadservices.com failed. @ https://www.googleadservices.com/pagead/managed/js/activeview/current/reach_worklet.html:0
[ 4291638ms] [ERROR] Attestation check for Shared Storage on https://www.googleadservices.com failed. @ https://www.googleadservices.com/pagead/managed/js/activeview/current/reach_worklet.html:0
[ 4291686ms] [LOG] EVENT:  MessageEvent @ :8
[ 4291686ms] [LOG] EVENT:  MessageEvent @ :8
[ 4291686ms] [LOG] EVENT:  MessageEvent @ :8
[ 4291686ms] [LOG] EVENT:  MessageEvent @ :8
[ 4291686ms] [LOG] EVENT:  MessageEvent @ :8
[ 4291686ms] [LOG] EVENT:  MessageEvent @ :8
[ 4291687ms] [LOG] EVENT:  MessageEvent @ :8
[ 4291687ms] [LOG] EVENT:  MessageEvent @ :8
[ 4291687ms] [LOG] EVENT:  MessageEvent @ :8
[ 4291787ms] [LOG] EVENT:  MessageEvent @ :8
[ 4291888ms] [LOG] EVENT:  MessageEvent @ :8
[ 4291990ms] [LOG] EVENT:  MessageEvent @ :8
[ 4292065ms] [LOG] EVENT:  MessageEvent @ :8
[ 4292092ms] [LOG] EVENT:  MessageEvent @ :8
[ 4292133ms] [ERROR] Attestation check for Shared Storage on https://securepubads.g.doubleclick.net failed. @ https://imasdk.googleapis.com/js/core/bridge3.761.0_en.html#deid=%22%22&eventfe_experiment_ids=%5B%5D&fid=%22goog_237198123%22&genotype_experiment_data=%7B%22experimentStateProto%22%3A%22%5B%5B%5B45713128%2Cnull%2Cnull%2C%5B%5D%5D%2C%5Bnull%2C745150931%2Cnull%2C%5Bnull%2C1%5D%5D%2C%5Bnull%2C749060184%2Cnull%2C%5Bnull%2C128%5D%5D%2C%5B841585769%2Cnull%2Cnull%2C%5B1%5D%5D%2C%5B45761044%2Cnull%2Cnull%2C%5B%5D%5D%2C%5B45722344%2Cnull%2Cnull%2C%5B%5D%5D%2C%5B45706017%2Cnull%2Cnull%2C%5B1%5D%5D%2C%5B45774999%2Cnull%2Cnull%2C%5B%5D%5D%2C%5B45776042%2Cnull%2Cnull%2C%5B%5D%5D%2C%5B45668885%2Cnull%2Cnull%2C%5B%5D%5D%2C%5B45685340%2Cnull%2Cnull%2C%5B%5D%5D%2C%5B45765927%2Cnull%2Cnull%2C%5B%5D%5D%2C%5B45734716%2Cnull%2Cnull%2C%5B%5D%5D%2C%5B45735891%2Cnull%2Cnull%2C%5B%5D%5D%2C%5B45663239%2Cnull%2Cnull%2C%5B%5D%5D%2C%5B45715032%2Cnull%2Cnull%2C%5B1%5D%5D%2C%5B45661356%2Cnull%2Cnull%2C%5B%5D%5D%2C%5B839547366%2Cnull%2Cnull%2C%5B1%5D%5D%2C%5B45676441%2Cnull%2Cnull%2C%5B%5D%5D%2C%5Bnull%2C45645574%2Cnull%2C%5B%5D%5D%2C%5B45688859%2Cnull%2Cnull%2C%5B%5D%5D%2C%5B45656766%2Cnull%2Cnull%2C%5B%5D%5D%2C%5B45710689%2Cnull%2Cnull%2C%5B%5D%5D%2C%5B45710688%2Cnull%2Cnull%2C%5B1%5D%5D%2C%5B45685601%2Cnull%2Cnull%2C%5B%5D%5D%2C%5Bnull%2C45685602%2Cnull%2C%5Bnull%2C500%5D%5D%2C%5Bnull%2C45767902%2Cnull%2C%5Bnull%2C500%5D%5D%2C%5B45756824%2Cnull%2Cnull%2C%5B%5D%5D%2C%5B45747172%2Cnull%2Cnull%2C%5B%5D%5D%2C%5B775241416%2Cnull%2Cnull%2C%5B%5D%5D%2C%5B781107959%2Cnull%2Cnull%2C%5B%5D%5D%2C%5B781107958%2Cnull%2Cnull%2C%5B%5D%5D%2C%5B792614055%2Cnull%2Cnull%2C%5B%5D%5D%2C%5B781107957%2Cnull%2Cnull%2C%5B%5D%5D%2C%5B45729602%2Cnull%2Cnull%2C%5B%5D%5D%2C%5B45753603%2Cnull%2Cnull%2C%5B%5D%5D%2C%5B45753604%2Cnull%2Cnull%2C%5B%5D%5D%5D%2C%5B%5B16%2C%5B%5B1%2C%5B%5B31089630%5D%2C%5B31089631%2C%5B%5B45668885%2Cnull%2Cnull%2C%5B1%5D%5D%5D%5D%5D%5D%2C%5B10%2C%5B%5B31097690%5D%2C%5B31097691%2C%5B%5B846355750%2Cnull%2Cnull%2C%5B1%5D%5D%5D%5D%5D%5D%2C%5B1000%2C%5B%5B95332046%5D%5D%5D%2C%5Bnull%2C%5B%5B95332047%5D%5D%5D%2C%5B10%2C%5B%5B95338769%2C%5B%5Bnull%2C45645574%2Cnull%2C%5Bnull%2C1%5D%5D%5D%5D%2C%5B95338770%2C%5B%5Bnull%2C45645574%2Cnull%2C%5Bnull%2C2%5D%5D%5D%5D%5D%5D%2C%5B50%2C%5B%5B95345206%5D%2C%5B95345207%2C%5B%5B45661356%2Cnull%2Cnull%2C%5B1%5D%5D%5D%5D%5D%5D%2C%5B1%2C%5B%5B95351425%5D%2C%5B95351426%2C%5B%5B45676441%2Cnull%2Cnull%2C%5B1%5D%5D%5D%5D%5D%5D%2C%5B1%2C%5B%5B95373378%2C%5B%5B792614055%2Cnull%2Cnull%2C%5B1%5D%5D%5D%5D%2C%5B95373379%2C%5B%5B45747172%2Cnull%2Cnull%2C%5B1%5D%5D%2C%5B781107959%2Cnull%2Cnull%2C%5B1%5D%5D%2C%5B792614055%2Cnull%2Cnull%2C%5B1%5D%5D%2C%5B781107957%2Cnull%2Cnull%2C%5B1%5D%5D%5D%5D%5D%5D%2C%5B10%2C%5B%5B95378629%5D%2C%5B95378630%2C%5B%5B45729602%2Cnull%2Cnull%2C%5B1%5D%5D%5D%5D%2C%5B95381582%2C%5B%5B45729602%2Cnull%2Cnull%2C%5B1%5D%5D%2C%5B45753603%2Cnull%2Cnull%2C%5B1%5D%5D%5D%5D%2C%5B95381583%2C%5B%5B45729602%2Cnull%2Cnull%2C%5B1%5D%5D%2C%5B45753604%2Cnull%2Cnull%2C%5B1%5D%5D%5D%5D%5D%5D%2C%5B50%2C%5B%5B95382403%5D%2C%5B95386528%2C%5B%5Bnull%2C45767902%2Cnull%2C%5B%5D%5D%2C%5B45756824%2Cnull%2Cnull%2C%5B1%5D%5D%5D%5D%5D%5D%2C%5B10%2C%5B%5B95385193%5D%2C%5B95385194%2C%5B%5B45765927%2Cnull%2Cnull%2C%5B1%5D%5D%5D%5D%5D%5D%2C%5B100%2C%5B%5B95387816%5D%2C%5B95387817%2C%5B%5B45774999%2Cnull%2Cnull%2C%5B1%5D%5D%5D%5D%5D%5D%2C%5B10%2C%5B%5B95389581%5D%2C%5B95389582%2C%5B%5B635466687%2Cnull%2Cnull%2C%5B1%5D%5D%5D%5D%5D%5D%5D%5D%5D%2Cnull%2Cnull%2C%5Bnull%2C1000%2C1%2C1000%5D%5D%22%7D&imalib_experiments=%5B420706098%2C95322027%2C95331589%2C95332046%2C95386528%5D&is_eap_loader=false&managed_js_experiment_id=0&page_correlator=3648945635837611&pvsid=5986195056770879&top_accessible_page_url=%22https%3A%2F%2Fmediatakeout.com%2Fteyana-taylor-throws-awazing-pre-met-gala-party-nia-gabrielle-lala-more%2F%22:0
[ 4292133ms] [LOG] EVENT:  MessageEvent @ :8
[ 4292133ms] [LOG] EVENT:  MessageEvent @ :8
[ 4292137ms] [LOG] EVENT:  MessageEvent @ :8
[ 4292141ms] [LOG] EVENT:  MessageEvent @ :8
[ 4292142ms] [LOG] EVENT:  MessageEvent @ :8
[ 4292168ms] [LOG] EVENT:  MessageEvent @ :8
[ 4292168ms] [LOG] EVENT:  MessageEvent @ :8
[ 4292168ms] [LOG] EVENT:  MessageEvent @ :8
[ 4292169ms] [LOG] EVENT:  MessageEvent @ :8
[ 4292170ms] [LOG] EVENT:  MessageEvent @ :8
[ 4292170ms] [LOG] EVENT:  MessageEvent @ :8
[ 4292172ms] [LOG] 2026-05-06T00:18:43.033Z [LOG] {"duration":30,"skippableState":false,"vuInstr":"https://aax-events-cell01-cf.us-east.aps.axp.amazon-adsystem.com/x/px/ROiI199iqMEn0Ovd-6KejDEAAAGd-qa2lwEAAAJYBEFhcHNfdHhuX2JpZDIgICBhcHNfdHhuX2ltcDEgICADiS0n/","adCfid":"589460975912280795","vuParams":{"bidRequestId":"fA29RSYW5SSRPWKJBEX9mw","srcName":"CS","creativeId":"578442410299588759","clickDestnUrl":"https://www.disneyplus.com/","evet":"1","tungstenCSMLoggingFrameworkUrl":"tungsten-service.prod.na.adsqtungsten.a9.amazon.dev/csm/","expname":"UNITAG_VIDEO_ROLLOUT_5486","zone":"USEast","sourcetype":"dtb","sourceid":"600","su":"https://aax-events-cell01-cf.us-east.aps.axp.amazon-adsystem.com/x/px/ROiI199iqMEn0Ovd-6KejDEAAAGd-qa2lwEAAAJYBEFhcHNfdHhuX2JpZDIgICBhcHNfdHhuX2ltcDEgICADiS0n/?t=%24%7BAAX_TYPE%7D&p=%24%7BAAX_PAYLOAD%7D&bx=v1_CGrnR1wY_LmQ2DmUB9wW-RrvY1JRf4pksYh9nmLSr5PdOcUTo6wiTcwX5X9lngHv3Ys8w69ToiGZ7HymeVtbInEb3UfjNqiJThFcOh8pGgT8Td8m528uxaoyDxS-brX6HNXQYU-m5JlKTRJ4xgCDFhodbhRSX5khVQ04A_9tBkvTkrbo0AhkCQTuYMaxaOaUanMAbcSOz9dRRnJsPJpJZPsDi8yvj5wnCl_QNqJu3QoWpIJu27ukQw0zm0qkyVxJHmb1NOzDuE51gXJDB9JaYDmkUV23ggnvHPmm7Z7TZqIFNVCo8rOc5y23fhfOH6Gx68sK5sVuVuDokp_wDsKZIMJQ6dxYcwRr_oQl2YVOL6cF0FFGKHKK8QOMw74qRnvkcSBXsRujrTgylQjZJpS3AmNjZpbZv-RAesNADmhp7i1HOsx_vTVVFGhsvcd7V1s2JqeWf8rGutGBEX4kVBGev8YRW1CSrgbCOnExJck684T1Sy4Ek8_frm-sNBUeU9fqy4E1k2AfROlJwlrYzgzS6vexdF48WV48Chq9cRTYHubFXwrybl0P6nU8GHPkWUfDStQfs98nSx2ns4txlvk2TXbsGjhJhTJois44gpGCo3gTlaeJ7oMdTxWQjG3tAOzSUwsxVdhugXN4sJTbHQDEaGH5CHVtNRqo","campaignId":"591616348673785234","expbucket":"T","ep":["ara","vue","forensics","forensics-ntd"],"bidId":"6IjX32KowSfQ6937op6MMQ","advertiserId":"1768199101","adId":"589460975912280795","au":"https://aes.us-east.3px.axp.amazon-adsystem.com/x/px?t=${AAX_TYPE}&bi=v1_CGrnR1wY_LmQ2DmUB9wW-RrvY1JRf4pksYh9nmLSr5PdOcUTo6wiTcwX5X9lngHv3Ys8w69ToiGZ7HymeVtbInEb3UfjNqiJThFcOh8pGgT8Td8m528uxaoyDxS-brX6HNXQYU-m5JlKTRJ4xgCDFhodbhRSX5khVQ04A_9tBkvTkrbo0AhkCQTuYMaxaOaUanMAbcSOz9dRRnJsPJpJZPsDi8yvj5wnCl_QNqJu3QoWpIJu27ukQw0zm0qkyVxJHmb1NOzDuE51gXJDB9JaYDmkUV23ggnvHPmm7Z7TZqIFNVCo8rOc5y23fhfOH6Gx68sK5sVuVuDokp_wDsKZIMJQ6dxYcwRr_oQl2YVOL6cF0FFGKHKK8QOMw74qRnvkcSBXsRujrTgylQjZJpS3AmNjZpbZv-RAesNADmhp7i1HOsx_vTVVFGhsvcd7V1s2JqeWf8rGutGBEX4kVBGev8YRW1CSrgbCOnExJck684T1Sy4Ek8_frm-sNBUeU9fqy4E1k2AfROlJwlrYzgzS6vexdF48WV48Chq9cRTYHubFXwrybl0P6nU8GHPkWUfDStQfs98nSx2ns4txlvk2TXbsGjhJhTJois44gpGCo3gTlaeJ7oMdTxWQjG3tAOzSUwsxVdhugXN4sJTbHQDEaGH5CHVtNRqo&c=${AAX_PAYLOAD}","th":8000,"is3p":true,"ntdUrl":"www.btd-cmh.tq-tungsten.com/","traffictype":"site","msrTechnique":"vpaid","pm":{"ev":["au"],"bt":["au"],"ac":["su"],"at":["su"],"av":["su"],"v":["su"],"vp":["su"]},"mediatype":"video","instrUrl":"https://aax-events-cell01-cf.us-east.aps.axp.amazon-adsystem.com/x/px/ROiI199iqMEn0Ovd-6KejDEAAAGd-qa2lwEAAAJYBEFhcHNfdHhuX2JpZDIgICBhcHNfdHhuX2ltcDEgICADiS0n/"},"creativeCfid":"578442410299588759","vastUrl":"https://ad.doubleclick.net/ddm/pfadx/N6344.3360166AAPAMAZON/B34030071.444745027;sz=0x0;dsp_campaignid_0_=591616348673785234;dsp_creativeid_0_=578442410299588759;dsp_id_0_=33;dsp_xappb_0_=;dsp_placementid_0_=589460975912280795;dsp_xsId_0_=775,907,715,255,852,241;ord=${u.getRandomNumber()};dc_lat=;dc_rdid=;tag_for_child_directed_treatment=;tfua=;dc_tdv=1;dcmt=text/xml;dc_sdk_apis=[APIFRAMEWORKS];dc_omid_p=[OMIDPARTNER];gdpr=0;gdpr_consent=;dc_mpos=[BREAKPOSITION];ltd=","iconsElem":"<Icons> <Icon program=\"adchoices\" width=\"15\" height=\"15\" xPosition=\"left\" yPosition=\"top\"> <StaticResource creativeType=\"image/png\"> https://images-na.ssl-images-amazon.com/images/G/01/da/adchoices.png </StaticResource> <IconClicks> <IconClickThrough> https://www.amazon.com/adprefs/ref=third_party_video_{%creative_cfid} </IconClickThrough> </IconClicks> </Icon> </Icons>","vpaidVersion":"2.0","vu":"https://ts.amazon-adsystem.com/?s=%7B%22sourceid%22%3A%22600%22%2C%22expname%22%3A%22UNITAG_VIDEO_ROLLOUT_5486%22%2C%22expbucket%22%3A%22T%22%2C%22sourcetype%22%3A%22dtb%22%2C%22traffictype%22%3A%22site%22%2C%22msrTechnique%22%3A%22vpaid%22%2C%22mediatype%22%3A%22video%22%7D&p=%7B%22bidRequestId%22%3A%22fA29RSYW5SSRPWKJBEX9mw%22%2C%22srcName%22%3A%22CS%22%2C%22su%22%3A%22https%3A%2F%2Faax-events-cell01-cf.us-east.aps.axp.amazon-adsystem.com%2Fx%2Fpx%2FROiI199iqMEn0Ovd-6KejDEAAAGd-qa2lwEAAAJYBEFhcHNfdHhuX2JpZDIgICBhcHNfdHhuX2ltcDEgICADiS0n%2F%3Ft%3D%2524%257BAAX_TYPE%257D%26p%3D%2524%257BAAX_PAYLOAD%257D%26bx%3Dv1_CGrnR1wY_LmQ2DmUB9wW-RrvY1JRf4pksYh9nmLSr5PdOcUTo6wiTcwX5X9lngHv3Ys8w69ToiGZ7HymeVtbInEb3UfjNqiJThFcOh8pGgT8Td8m528uxaoyDxS-brX6HNXQYU-m5JlKTRJ4xgCDFhodbhRSX5khVQ04A_9tBkvTkrbo0AhkCQTuYMaxaOaUanMAbcSOz9dRRnJsPJpJZPsDi8yvj5wnCl_QNqJu3QoWpIJu27ukQw0zm0qkyVxJHmb1NOzDuE51gXJDB9JaYDmkUV23ggnvHPmm7Z7TZqIFNVCo8rOc5y23fhfOH6Gx68sK5sVuVuDokp_wDsKZIMJQ6dxYcwRr_oQl2YVOL6cF0FFGKHKK8QOMw74qRnvkcSBXsRujrTgylQjZJpS3AmNjZpbZv-RAesNADmhp7i1HOsx_vTVVFGhsvcd7V1s2JqeWf8rGutGBEX4kVBGev8YRW1CSrgbCOnExJck684T1Sy4Ek8_frm-sNBUeU9fqy4E1k2AfROlJwlrYzgzS6vexdF48WV48Chq9cRTYHubFXwrybl0P6nU8GHPkWUfDStQfs98nSx2ns4txlvk2TXbsGjhJhTJois44gpGCo3gTlaeJ7oMdTxWQjG3tAOzSUwsxVdhugXN4sJTbHQDEaGH5CHVtNRqo%22%2C%22campaignId%22%3A%22591616348673785234%22%2C%22ep%22%3A%5B%22ara%22%2C%22vue%22%2C%22forensics%22%2C%22forensics-ntd%22%5D%2C%22creativeId%22%3A%22578442410299588759%22%2C%22bidId%22%3A%226IjX32KowSfQ6937op6MMQ%22%2C%22advertiserId%22%3A%221768199101%22%2C%22clickDestnUrl%22%3A%22https%3A%2F%2Fwww.disneyplus.com%2F%22%2C%22evet%22%3A%221%22%2C%22tungstenCSMLoggingFrameworkUrl%22%3A%22tungsten-service.prod.na.adsqtungsten.a9.amazon.dev%2Fcsm%2F%22%2C%22adId%22%3A%22589460975912280795%22%2C%22au%22%3A%22https%3A%2F%2Faes.us-east.3px.axp.amazon-adsystem.com%2Fx%2Fpx%3Ft%3D%24%7BAAX_TYPE%7D%26bi%3Dv1_CGrnR1wY_LmQ2DmUB9wW-RrvY1JRf4pksYh9nmLSr5PdOcUTo6wiTcwX5X9lngHv3Ys8w69ToiGZ7HymeVtbInEb3UfjNqiJThFcOh8pGgT8Td8m528uxaoyDxS-brX6HNXQYU-m5JlKTRJ4xgCDFhodbhRSX5khVQ04A_9tBkvTkrbo0AhkCQTuYMaxaOaUanMAbcSOz9dRRnJsPJpJZPsDi8yvj5wnCl_QNqJu3QoWpIJu27ukQw0zm0qkyVxJHmb1NOzDuE51gXJDB9JaYDmkUV23ggnvHPmm7Z7TZqIFNVCo8rOc5y23fhfOH6Gx68sK5sVuVuDokp_wDsKZIMJQ6dxYcwRr_oQl2YVOL6cF0FFGKHKK8QOMw74qRnvkcSBXsRujrTgylQjZJpS3AmNjZpbZv-RAesNADmhp7i1HOsx_vTVVFGhsvcd7V1s2JqeWf8rGutGBEX4kVBGev8YRW1CSrgbCOnExJck684T1Sy4Ek8_frm-sNBUeU9fqy4E1k2AfROlJwlrYzgzS6vexdF48WV48Chq9cRTYHubFXwrybl0P6nU8GHPkWUfDStQfs98nSx2ns4txlvk2TXbsGjhJhTJois44gpGCo3gTlaeJ7oMdTxWQjG3tAOzSUwsxVdhugXN4sJTbHQDEaGH5CHVtNRqo%26c%3D%24%7BAAX_PAYLOAD%7D%22%2C%22th%22%3A8000%2C%22zone%22%3A%22USEast%22%2C%22is3p%22%3Atrue%2C%22ntdUrl%22%3A%22www.btd-cmh.tq-tungsten.com%2F%22%2C%22pm%22%3A%7B%22ev%22%3A%5B%22au%22%5D%2C%22bt%22%3A%5B%22au%22%5D%2C%22ac%22%3A%5B%22su%22%5D%2C%22at%22%3A%5B%22su%22%5D%2C%22av%22%3A%5B%22su%22%5D%2C%22v%22%3A%5B%22su%22%5D%2C%22vp%22%3A%5B%22su%22%5D%7D%2C%22instrUrl%22%3A%22https%3A%2F%2Faax-events-cell01-cf.us-east.aps.axp.amazon-adsystem.com%2Fx%2Fpx%2FROiI199iqMEn0Ovd-6KejDEAAAGd-qa2lwEAAAJYBEFhcHNfdHhuX2JpZDIgICBhcHNfdHhuX2ltcDEgICADiS0n%2F%22%7D"} @ https://c.amazon-adsystem.com/bao-csm/webvideo/3p/amzn_vpaid_wrapper.js:0
[ 4292193ms] [LOG] EVENT:  MessageEvent @ :8
[ 4292243ms] [LOG] EVENT:  MessageEvent @ :8
[ 4292244ms] [LOG] EVENT:  MessageEvent @ :8
[ 4292244ms] [LOG] EVENT:  MessageEvent @ :8
[ 4292244ms] [LOG] 2026-05-06T00:18:43.105Z [LOG] [startAd] invoked @ https://c.amazon-adsystem.com/bao-csm/webvideo/3p/amzn_vpaid_wrapper.js:0
[ 4292244ms] [LOG] EVENT:  MessageEvent @ :8
[ 4292245ms] [LOG] EVENT:  MessageEvent @ :8
[ 4292245ms] [LOG] EVENT:  MessageEvent @ :8
[ 4292245ms] [LOG] EVENT:  MessageEvent @ :8
[ 4292245ms] [LOG] EVENT:  MessageEvent @ :8
[ 4292248ms] [LOG] EVENT:  MessageEvent @ :8
[ 4292252ms] [LOG] EVENT:  MessageEvent @ :8
[ 4292253ms] [LOG] EVENT:  MessageEvent @ :8
[ 4292254ms] [LOG] EVENT:  MessageEvent @ :8
[ 4292295ms] [LOG] EVENT:  MessageEvent @ :8
[ 4292369ms] [LOG] EVENT:  MessageEvent @ :8
[ 4292395ms] [LOG] EVENT:  MessageEvent @ :8
[ 4292440ms] [LOG] EVENT:  MessageEvent @ :8
[ 4292440ms] [LOG] EVENT:  MessageEvent @ :8
[ 4292497ms] [LOG] EVENT:  MessageEvent @ :8
[ 4292598ms] [LOG] EVENT:  MessageEvent @ :8
[ 4292645ms] [LOG] 2026-05-06T00:18:43.506Z [LOG] AdVideoStart @ https://c.amazon-adsystem.com/bao-csm/webvideo/3p/amzn_vpaid_wrapper.js:0
[ 4292646ms] [LOG] EVENT:  MessageEvent @ :8
[ 4292700ms] [LOG] EVENT:  MessageEvent @ :8
[ 4292745ms] [LOG] EVENT:  MessageEvent @ :8
[ 4292745ms] [LOG] EVENT:  MessageEvent @ :8
[ 4292746ms] [LOG] EVENT:  MessageEvent @ :8
[ 4292801ms] [LOG] EVENT:  MessageEvent @ :8
[ 4292902ms] [LOG] EVENT:  MessageEvent @ :8
[ 4292942ms] [LOG] EVENT:  MessageEvent @ :8
[ 4293003ms] [LOG] EVENT:  MessageEvent @ :8
[ 4293106ms] [LOG] EVENT:  MessageEvent @ :8
[ 4293207ms] [LOG] EVENT:  MessageEvent @ :8
[ 4293247ms] [LOG] EVENT:  MessageEvent @ :8
[ 4293249ms] [LOG] EVENT:  MessageEvent @ :8
[ 4293251ms] [LOG] EVENT:  MessageEvent @ :8
[ 4293309ms] [LOG] EVENT:  MessageEvent @ :8
[ 4293345ms] [LOG] EVENT:  MessageEvent @ :8
[ 4293410ms] [LOG] EVENT:  MessageEvent @ :8
[ 4293441ms] [LOG] EVENT:  MessageEvent @ :8
[ 4293441ms] [LOG] EVENT:  MessageEvent @ :8
[ 4293512ms] [LOG] EVENT:  MessageEvent @ :8
[ 4293613ms] [LOG] EVENT:  MessageEvent @ :8
[ 4293713ms] [LOG] EVENT:  MessageEvent @ :8
[ 4293749ms] [LOG] EVENT:  MessageEvent @ :8
[ 4293750ms] [LOG] EVENT:  MessageEvent @ :8
[ 4293751ms] [LOG] EVENT:  MessageEvent @ :8
[ 4293815ms] [LOG] EVENT:  MessageEvent @ :8
[ 4294794ms] [ERROR] Attestation check for Shared Storage on https://ara.paa-reporting-advertising.amazon failed. @ https://mediatakeout.com/teyana-taylor-throws-awazing-pre-met-gala-party-nia-gabrielle-lala-more/:0
[ 4300083ms] [LOG] 2026-05-06T00:18:50.944Z [LOG] AdVideoFirstQuartile @ https://c.amazon-adsystem.com/bao-csm/webvideo/3p/amzn_vpaid_wrapper.js:0
[ 4274174ms] [ERROR] Attestation check for Shared Storage on https://www.googleadservices.com failed. @ https://www.googleadservices.com/pagead/managed/js/activeview/current/reach_worklet.html:0
[ 4274378ms] [ERROR] Attestation check for Shared Storage on https://www.googleadservices.com failed. @ https://www.googleadservices.com/pagead/managed/js/activeview/current/reach_worklet.html:0
[ 4274561ms] [ERROR] Attestation check for Shared Storage on https://www.googleadservices.com failed. @ https://www.googleadservices.com/pagead/managed/js/activeview/current/reach_worklet.html:0
[ 4274733ms] [ERROR] Attestation check for Shared Storage on https://www.googleadservices.com failed. @ https://www.googleadservices.com/pagead/managed/js/activeview/current/reach_worklet.html:0
[ 4275099ms] [ERROR] Attestation check for Shared Storage on https://www.googleadservices.com failed. @ https://www.googleadservices.com/pagead/managed/js/activeview/current/reach_worklet.html:0
[ 4276027ms] [ERROR] Attestation check for Shared Storage on https://www.googleadservices.com failed. @ https://www.googleadservices.com/pagead/managed/js/activeview/current/reach_worklet.html:0
[ 4284145ms] [ERROR] Attestation check for Shared Storage on https://www.googleadservices.com failed. @ https://www.googleadservices.com/pagead/managed/js/activeview/current/reach_worklet.html:0
[ 4284366ms] [ERROR] Attestation check for Shared Storage on https://www.googleadservices.com failed. @ https://www.googleadservices.com/pagead/managed/js/activeview/current/reach_worklet.html:0
[ 4291638ms] [ERROR] Attestation check for Shared Storage on https://www.googleadservices.com failed. @ https://www.googleadservices.com/pagead/managed/js/activeview/current/reach_worklet.html:0
[ 4304453ms] [ERROR] Attestation check for Shared Storage on https://www.googleadservices.com failed. @ https://www.googleadservices.com/pagead/managed/js/activeview/current/reach_worklet.html:0
[ 4274931ms] [ERROR] Failed to load resource: the server responded with a status of 404 () @ https://2361416f75f94a8554974b5aa56673eb.safeframe.googlesyndication.com/safeframe/1-0-45/html/mraid.js:0
[ 4274931ms] [ERROR] Refused to execute script from 'https://2361416f75f94a8554974b5aa56673eb.safeframe.googlesyndication.com/safeframe/1-0-45/html/mraid.js' because its MIME type ('text/html') is not executable, and strict MIME type checking is enabled. @ about:srcdoc:0
[ 4274174ms] [ERROR] Attestation check for Shared Storage on https://www.googleadservices.com failed. @ https://www.googleadservices.com/pagead/managed/js/activeview/current/reach_worklet.html:0
[ 4274378ms] [ERROR] Attestation check for Shared Storage on https://www.googleadservices.com failed. @ https://www.googleadservices.com/pagead/managed/js/activeview/current/reach_worklet.html:0
[ 4274561ms] [ERROR] Attestation check for Shared Storage on https://www.googleadservices.com failed. @ https://www.googleadservices.com/pagead/managed/js/activeview/current/reach_worklet.html:0
[ 4274733ms] [ERROR] Attestation check for Shared Storage on https://www.googleadservices.com failed. @ https://www.googleadservices.com/pagead/managed/js/activeview/current/reach_worklet.html:0
[ 4275099ms] [ERROR] Attestation check for Shared Storage on https://www.googleadservices.com failed. @ https://www.googleadservices.com/pagead/managed/js/activeview/current/reach_worklet.html:0
[ 4276027ms] [ERROR] Attestation check for Shared Storage on https://www.googleadservices.com failed. @ https://www.googleadservices.com/pagead/managed/js/activeview/current/reach_worklet.html:0
[ 4284145ms] [ERROR] Attestation check for Shared Storage on https://www.googleadservices.com failed. @ https://www.googleadservices.com/pagead/managed/js/activeview/current/reach_worklet.html:0
[ 4284366ms] [ERROR] Attestation check for Shared Storage on https://www.googleadservices.com failed. @ https://www.googleadservices.com/pagead/managed/js/activeview/current/reach_worklet.html:0
[ 4291638ms] [ERROR] Attestation check for Shared Storage on https://www.googleadservices.com failed. @ https://www.googleadservices.com/pagead/managed/js/activeview/current/reach_worklet.html:0
[ 4304453ms] [ERROR] Attestation check for Shared Storage on https://www.googleadservices.com failed. @ https://www.googleadservices.com/pagead/managed/js/activeview/current/reach_worklet.html:0
[ 4304921ms] [ERROR] Attestation check for Shared Storage on https://www.googleadservices.com failed. @ https://www.googleadservices.com/pagead/managed/js/activeview/current/reach_worklet.html:0
[ 4307583ms] [LOG] 2026-05-06T00:18:58.443Z [LOG] AdVideoMidpoint @ https://c.amazon-adsystem.com/bao-csm/webvideo/3p/amzn_vpaid_wrapper.js:0
[ 4274931ms] [ERROR] Failed to load resource: the server responded with a status of 404 () @ https://2361416f75f94a8554974b5aa56673eb.safeframe.googlesyndication.com/safeframe/1-0-45/html/mraid.js:0
[ 4274931ms] [ERROR] Refused to execute script from 'https://2361416f75f94a8554974b5aa56673eb.safeframe.googlesyndication.com/safeframe/1-0-45/html/mraid.js' because its MIME type ('text/html') is not executable, and strict MIME type checking is enabled. @ about:srcdoc:0
[ 4313145ms] [ERROR] Access to fetch at 'https://ara.paa-reporting-advertising.amazon/register-source?eventType=view&lineId=586937991971157033&advertiserId=1760708001&bidId=UWpMfu77kuy.C1fRPDoV6Q&campaignId=580018877163603708&destination=https%3A%2F%2Fwww.allstate.com%2F&creativeId=591675168685516112&is3p=true&sourceName=CS' from origin 'null' has been blocked by CORS policy: The value of the 'Access-Control-Allow-Origin' header in the response must not be the wildcard '*' when the request's credentials mode is 'include'. @ about:srcdoc:0
[ 4313145ms] [ERROR] Failed to load resource: net::ERR_FAILED @ https://ara.paa-reporting-advertising.amazon/register-source?eventType=view&lineId=586937991971157033&advertiserId=1760708001&bidId=UWpMfu77kuy.C1fRPDoV6Q&campaignId=580018877163603708&destination=https%3A%2F%2Fwww.allstate.com%2F&creativeId=591675168685516112&is3p=true&sourceName=CS:0
[ 4274931ms] [ERROR] Failed to load resource: the server responded with a status of 404 () @ https://2361416f75f94a8554974b5aa56673eb.safeframe.googlesyndication.com/safeframe/1-0-45/html/mraid.js:0
[ 4274931ms] [ERROR] Refused to execute script from 'https://2361416f75f94a8554974b5aa56673eb.safeframe.googlesyndication.com/safeframe/1-0-45/html/mraid.js' because its MIME type ('text/html') is not executable, and strict MIME type checking is enabled. @ about:srcdoc:0
[ 4274174ms] [ERROR] Attestation check for Shared Storage on https://www.googleadservices.com failed. @ https://www.googleadservices.com/pagead/managed/js/activeview/current/reach_worklet.html:0
[ 4274378ms] [ERROR] Attestation check for Shared Storage on https://www.googleadservices.com failed. @ https://www.googleadservices.com/pagead/managed/js/activeview/current/reach_worklet.html:0
[ 4274561ms] [ERROR] Attestation check for Shared Storage on https://www.googleadservices.com failed. @ https://www.googleadservices.com/pagead/managed/js/activeview/current/reach_worklet.html:0
[ 4274733ms] [ERROR] Attestation check for Shared Storage on https://www.googleadservices.com failed. @ https://www.googleadservices.com/pagead/managed/js/activeview/current/reach_worklet.html:0
[ 4275099ms] [ERROR] Attestation check for Shared Storage on https://www.googleadservices.com failed. @ https://www.googleadservices.com/pagead/managed/js/activeview/current/reach_worklet.html:0
[ 4276027ms] [ERROR] Attestation check for Shared Storage on https://www.googleadservices.com failed. @ https://www.googleadservices.com/pagead/managed/js/activeview/current/reach_worklet.html:0
[ 4284145ms] [ERROR] Attestation check for Shared Storage on https://www.googleadservices.com failed. @ https://www.googleadservices.com/pagead/managed/js/activeview/current/reach_worklet.html:0
[ 4284366ms] [ERROR] Attestation check for Shared Storage on https://www.googleadservices.com failed. @ https://www.googleadservices.com/pagead/managed/js/activeview/current/reach_worklet.html:0
[ 4291638ms] [ERROR] Attestation check for Shared Storage on https://www.googleadservices.com failed. @ https://www.googleadservices.com/pagead/managed/js/activeview/current/reach_worklet.html:0
[ 4304453ms] [ERROR] Attestation check for Shared Storage on https://www.googleadservices.com failed. @ https://www.googleadservices.com/pagead/managed/js/activeview/current/reach_worklet.html:0
[ 4304921ms] [ERROR] Attestation check for Shared Storage on https://www.googleadservices.com failed. @ https://www.googleadservices.com/pagead/managed/js/activeview/current/reach_worklet.html:0
[ 4313922ms] [ERROR] Attestation check for Shared Storage on https://www.googleadservices.com failed. @ https://www.googleadservices.com/pagead/managed/js/activeview/current/reach_worklet.html:0
[ 4315117ms] [ERROR] Attestation check for Attribution Reporting on https://ara.paa-reporting-advertising.amazon failed. @ https://mediatakeout.com/teyana-taylor-throws-awazing-pre-met-gala-party-nia-gabrielle-lala-more/:0
[ 4315118ms] [ERROR] Attestation check for Shared Storage on https://ara.paa-reporting-advertising.amazon failed. @ https://aax-events-cell02-cf.us-east.3px.axp.amazon-adsystem.com/e/is/bb8e6d0b6c85b2b1fc673047a9802fc9/creative?b=JJuD5ocH1vU6ZlymyRzMimEAAAGd-qcF6AEAAAakAUEzcHhfdHhuX2JpZDIgICAzcHhfdHhuX2ltcDEgICBV5GT1&ct=https%3A%2F%2Fbeacon-nf.rubiconproject.com%2Fbeacon%2Fv3%2Frs%2Fiad6%2F0%2F918edda2-af47-4e08-b09e-694b8e09b18f%2F0%2F2eApVHUmKbMpyUz4xofWHOkhEcA%2F&bi=cfv1_CFisK2sJo_a0zyumB7o08QGLGlxJV6gqzFtihVXCDgGBdYD1Vo9d8Kp0kj1NnzyzmrR915NYwRDVsSCnZhp4V8gMFX1beI6Ja2oCX2BYcXKKMaYsjBVfz64dBUXsEPSDUKOtEhbQlMsXQHkNpW_NSHl2Bohla6IUPxsFMpgWIXqtx_f45HIzUmWUe_HCMbYuBn5eH_fckpdaT0GUSb0pYKE0j8i3neZwPwHUD40i9i86p6ZZpMhbLTpBz6cQ5QJmZYhNmkQTRpyOtDTAp2z0mOo3ixnCTvxe8RUjFViPBWHX5scIA1JhmYz6DST6INiEyf0D_f1lFunou5bCDeWzEetz0v5NVSMzt7Izq40xSMIarTYkVBD5vlXtos9fIRDnFUcw0BgZ9ANWxQ3OL4-ncVt2dpyWzY8-dLBAO0wWyw1CT74I-V4HWzgzps0hIhIkLeLTYNH9tPO7SStkGDmai4caQlWEmwHoezksdoJ7p4TzVm1FyJ_C7CWzZ0NaEs_q34V_2DF9FqkRkwbFrn2n93ribAlNaU1CEQ-tHwfvObpuHEyrNiF23H4BP71qTuEC39LpPwNChYcJNA:0
[ 4313145ms] [ERROR] Access to fetch at 'https://ara.paa-reporting-advertising.amazon/register-source?eventType=view&lineId=586937991971157033&advertiserId=1760708001&bidId=UWpMfu77kuy.C1fRPDoV6Q&campaignId=580018877163603708&destination=https%3A%2F%2Fwww.allstate.com%2F&creativeId=591675168685516112&is3p=true&sourceName=CS' from origin 'null' has been blocked by CORS policy: The value of the 'Access-Control-Allow-Origin' header in the response must not be the wildcard '*' when the request's credentials mode is 'include'. @ about:srcdoc:0
[ 4313145ms] [ERROR] Failed to load resource: net::ERR_FAILED @ https://ara.paa-reporting-advertising.amazon/register-source?eventType=view&lineId=586937991971157033&advertiserId=1760708001&bidId=UWpMfu77kuy.C1fRPDoV6Q&campaignId=580018877163603708&destination=https%3A%2F%2Fwww.allstate.com%2F&creativeId=591675168685516112&is3p=true&sourceName=CS:0
[ 4313145ms] [ERROR] Access to fetch at 'https://ara.paa-reporting-advertising.amazon/register-source?eventType=view&lineId=586937991971157033&advertiserId=1760708001&bidId=UWpMfu77kuy.C1fRPDoV6Q&campaignId=580018877163603708&destination=https%3A%2F%2Fwww.allstate.com%2F&creativeId=591675168685516112&is3p=true&sourceName=CS' from origin 'null' has been blocked by CORS policy: The value of the 'Access-Control-Allow-Origin' header in the response must not be the wildcard '*' when the request's credentials mode is 'include'. @ about:srcdoc:0
[ 4313145ms] [ERROR] Failed to load resource: net::ERR_FAILED @ https://ara.paa-reporting-advertising.amazon/register-source?eventType=view&lineId=586937991971157033&advertiserId=1760708001&bidId=UWpMfu77kuy.C1fRPDoV6Q&campaignId=580018877163603708&destination=https%3A%2F%2Fwww.allstate.com%2F&creativeId=591675168685516112&is3p=true&sourceName=CS:0
[ 4313145ms] [ERROR] Access to fetch at 'https://ara.paa-reporting-advertising.amazon/register-source?eventType=view&lineId=586937991971157033&advertiserId=1760708001&bidId=UWpMfu77kuy.C1fRPDoV6Q&campaignId=580018877163603708&destination=https%3A%2F%2Fwww.allstate.com%2F&creativeId=591675168685516112&is3p=true&sourceName=CS' from origin 'null' has been blocked by CORS policy: The value of the 'Access-Control-Allow-Origin' header in the response must not be the wildcard '*' when the request's credentials mode is 'include'. @ about:srcdoc:0
[ 4313145ms] [ERROR] Failed to load resource: net::ERR_FAILED @ https://ara.paa-reporting-advertising.amazon/register-source?eventType=view&lineId=586937991971157033&advertiserId=1760708001&bidId=UWpMfu77kuy.C1fRPDoV6Q&campaignId=580018877163603708&destination=https%3A%2F%2Fwww.allstate.com%2F&creativeId=591675168685516112&is3p=true&sourceName=CS:0
[ 4313145ms] [ERROR] Access to fetch at 'https://ara.paa-reporting-advertising.amazon/register-source?eventType=view&lineId=586937991971157033&advertiserId=1760708001&bidId=UWpMfu77kuy.C1fRPDoV6Q&campaignId=580018877163603708&destination=https%3A%2F%2Fwww.allstate.com%2F&creativeId=591675168685516112&is3p=true&sourceName=CS' from origin 'null' has been blocked by CORS policy: The value of the 'Access-Control-Allow-Origin' header in the response must not be the wildcard '*' when the request's credentials mode is 'include'. @ about:srcdoc:0
[ 4313145ms] [ERROR] Failed to load resource: net::ERR_FAILED @ https://ara.paa-reporting-advertising.amazon/register-source?eventType=view&lineId=586937991971157033&advertiserId=1760708001&bidId=UWpMfu77kuy.C1fRPDoV6Q&campaignId=580018877163603708&destination=https%3A%2F%2Fwww.allstate.com%2F&creativeId=591675168685516112&is3p=true&sourceName=CS:0
[ 4313145ms] [ERROR] Access to fetch at 'https://ara.paa-reporting-advertising.amazon/register-source?eventType=view&lineId=586937991971157033&advertiserId=1760708001&bidId=UWpMfu77kuy.C1fRPDoV6Q&campaignId=580018877163603708&destination=https%3A%2F%2Fwww.allstate.com%2F&creativeId=591675168685516112&is3p=true&sourceName=CS' from origin 'null' has been blocked by CORS policy: The value of the 'Access-Control-Allow-Origin' header in the response must not be the wildcard '*' when the request's credentials mode is 'include'. @ about:srcdoc:0
[ 4313145ms] [ERROR] Failed to load resource: net::ERR_FAILED @ https://ara.paa-reporting-advertising.amazon/register-source?eventType=view&lineId=586937991971157033&advertiserId=1760708001&bidId=UWpMfu77kuy.C1fRPDoV6Q&campaignId=580018877163603708&destination=https%3A%2F%2Fwww.allstate.com%2F&creativeId=591675168685516112&is3p=true&sourceName=CS:0
[ 4274931ms] [ERROR] Failed to load resource: the server responded with a status of 404 () @ https://2361416f75f94a8554974b5aa56673eb.safeframe.googlesyndication.com/safeframe/1-0-45/html/mraid.js:0
[ 4274931ms] [ERROR] Refused to execute script from 'https://2361416f75f94a8554974b5aa56673eb.safeframe.googlesyndication.com/safeframe/1-0-45/html/mraid.js' because its MIME type ('text/html') is not executable, and strict MIME type checking is enabled. @ about:srcdoc:0
[ 4330517ms] [ERROR] Access to fetch at 'https://ara.paa-reporting-advertising.amazon/register-source?eventType=view&lineId=586937991971157033&advertiserId=1760708001&bidId=uqsn5Xh6ho7NQTfduoinSA&campaignId=580018877163603708&destination=https%3A%2F%2Fwww.allstate.com%2F&creativeId=591675168685516112&is3p=true&sourceName=CS' from origin 'null' has been blocked by CORS policy: The value of the 'Access-Control-Allow-Origin' header in the response must not be the wildcard '*' when the request's credentials mode is 'include'. @ about:srcdoc:0
[ 4330517ms] [ERROR] Failed to load resource: net::ERR_FAILED @ https://ara.paa-reporting-advertising.amazon/register-source?eventType=view&lineId=586937991971157033&advertiserId=1760708001&bidId=uqsn5Xh6ho7NQTfduoinSA&campaignId=580018877163603708&destination=https%3A%2F%2Fwww.allstate.com%2F&creativeId=591675168685516112&is3p=true&sourceName=CS:0
[ 4274174ms] [ERROR] Attestation check for Shared Storage on https://www.googleadservices.com failed. @ https://www.googleadservices.com/pagead/managed/js/activeview/current/reach_worklet.html:0
[ 4274378ms] [ERROR] Attestation check for Shared Storage on https://www.googleadservices.com failed. @ https://www.googleadservices.com/pagead/managed/js/activeview/current/reach_worklet.html:0
[ 4274561ms] [ERROR] Attestation check for Shared Storage on https://www.googleadservices.com failed. @ https://www.googleadservices.com/pagead/managed/js/activeview/current/reach_worklet.html:0
[ 4274733ms] [ERROR] Attestation check for Shared Storage on https://www.googleadservices.com failed. @ https://www.googleadservices.com/pagead/managed/js/activeview/current/reach_worklet.html:0
[ 4275099ms] [ERROR] Attestation check for Shared Storage on https://www.googleadservices.com failed. @ https://www.googleadservices.com/pagead/managed/js/activeview/current/reach_worklet.html:0
[ 4276027ms] [ERROR] Attestation check for Shared Storage on https://www.googleadservices.com failed. @ https://www.googleadservices.com/pagead/managed/js/activeview/current/reach_worklet.html:0
[ 4284145ms] [ERROR] Attestation check for Shared Storage on https://www.googleadservices.com failed. @ https://www.googleadservices.com/pagead/managed/js/activeview/current/reach_worklet.html:0
[ 4284366ms] [ERROR] Attestation check for Shared Storage on https://www.googleadservices.com failed. @ https://www.googleadservices.com/pagead/managed/js/activeview/current/reach_worklet.html:0
[ 4291638ms] [ERROR] Attestation check for Shared Storage on https://www.googleadservices.com failed. @ https://www.googleadservices.com/pagead/managed/js/activeview/current/reach_worklet.html:0
[ 4304453ms] [ERROR] Attestation check for Shared Storage on https://www.googleadservices.com failed. @ https://www.googleadservices.com/pagead/managed/js/activeview/current/reach_worklet.html:0
[ 4304921ms] [ERROR] Attestation check for Shared Storage on https://www.googleadservices.com failed. @ https://www.googleadservices.com/pagead/managed/js/activeview/current/reach_worklet.html:0
[ 4313922ms] [ERROR] Attestation check for Shared Storage on https://www.googleadservices.com failed. @ https://www.googleadservices.com/pagead/managed/js/activeview/current/reach_worklet.html:0
[ 4334433ms] [ERROR] Attestation check for Shared Storage on https://www.googleadservices.com failed. @ https://www.googleadservices.com/pagead/managed/js/activeview/current/reach_worklet.html:0
[ 4334661ms] [LOG] IFRAME:  JSHandle@node @ :6
[ 4334692ms] [LOG] EVENT:  MessageEvent @ :8
[ 4334976ms] [LOG] EVENT:  MessageEvent @ :8
[ 4334976ms] [LOG] EVENT:  MessageEvent @ :8
[ 4334988ms] [ERROR] Failed to load resource: net::ERR_HTTP2_PROTOCOL_ERROR @ https://gpm.servicesadmedia.com/google-pixel-match?google_gid=&google_push=AXcoOmThFr9eNh5zAK6m_9t1Yqpnimnn5F_-TaISXAy4qUSXlkVBO3RbTo0zfd2k3pqx7Qty0Ur1YoMlRhQK_24HHyFwcp_vvWBPIQ:0
[ 4335020ms] [LOG] EVENT:  MessageEvent @ :8
[ 4335020ms] [LOG] EVENT:  MessageEvent @ :8
[ 4335021ms] [LOG] EVENT:  MessageEvent @ :8
[ 4335039ms] [LOG] EVENT:  MessageEvent @ :8
[ 4335039ms] [LOG] EVENT:  MessageEvent @ :8
[ 4335057ms] [LOG] EVENT:  MessageEvent @ :8
[ 4335416ms] [LOG] EVENT:  MessageEvent @ :8
[ 4335417ms] [LOG] EVENT:  MessageEvent @ :8
[ 4335418ms] [LOG] EVENT:  MessageEvent @ :8
[ 4335458ms] [LOG] EVENT:  MessageEvent @ :8
[ 4335521ms] [LOG] EVENT:  MessageEvent @ :8
[ 4335521ms] [LOG] EVENT:  MessageEvent @ :8
[ 4335522ms] [LOG] EVENT:  MessageEvent @ :8
[ 4335919ms] [LOG] EVENT:  MessageEvent @ :8
[ 4335920ms] [LOG] EVENT:  MessageEvent @ :8
[ 4335924ms] [LOG] EVENT:  MessageEvent @ :8
[ 4336022ms] [LOG] EVENT:  MessageEvent @ :8
[ 4336022ms] [LOG] EVENT:  MessageEvent @ :8
[ 4336023ms] [LOG] EVENT:  MessageEvent @ :8
[ 4336062ms] [LOG] EVENT:  MessageEvent @ :8
[ 4336418ms] [LOG] EVENT:  MessageEvent @ :8
[ 4336418ms] [LOG] EVENT:  MessageEvent @ :8
[ 4336420ms] [LOG] EVENT:  MessageEvent @ :8
[ 4336466ms] [LOG] EVENT:  MessageEvent @ :8
[ 4336524ms] [LOG] EVENT:  MessageEvent @ :8
[ 4336524ms] [LOG] EVENT:  MessageEvent @ :8
[ 4336526ms] [LOG] EVENT:  MessageEvent @ :8
[ 4337025ms] [LOG] EVENT:  MessageEvent @ :8
[ 4337025ms] [LOG] EVENT:  MessageEvent @ :8
[ 4337026ms] [LOG] EVENT:  MessageEvent @ :8
[ 4337070ms] [LOG] EVENT:  MessageEvent @ :8
[ 4337527ms] [LOG] EVENT:  MessageEvent @ :8
[ 4337528ms] [LOG] EVENT:  MessageEvent @ :8
[ 4337529ms] [LOG] EVENT:  MessageEvent @ :8
[ 4337667ms] [LOG] EVENT:  MessageEvent @ :8
[ 4337667ms] [LOG] EVENT:  MessageEvent @ :8
[ 4337669ms] [LOG] EVENT:  MessageEvent @ :8
[ 4337675ms] [LOG] EVENT:  MessageEvent @ :8
[ 4338028ms] [LOG] EVENT:  MessageEvent @ :8
[ 4338029ms] [LOG] EVENT:  MessageEvent @ :8
[ 4338031ms] [LOG] EVENT:  MessageEvent @ :8
[ 4338078ms] [LOG] EVENT:  MessageEvent @ :8
[ 4338530ms] [LOG] EVENT:  MessageEvent @ :8
[ 4338532ms] [LOG] EVENT:  MessageEvent @ :8
[ 4338533ms] [LOG] EVENT:  MessageEvent @ :8
[ 4338685ms] [LOG] EVENT:  MessageEvent @ :8
[ 4338917ms] [LOG] EVENT:  MessageEvent @ :8
[ 4338917ms] [LOG] EVENT:  MessageEvent @ :8
[ 4338918ms] [LOG] EVENT:  MessageEvent @ :8
[ 4339031ms] [LOG] EVENT:  MessageEvent @ :8
[ 4339032ms] [LOG] EVENT:  MessageEvent @ :8
[ 4339033ms] [LOG] EVENT:  MessageEvent @ :8
[ 4339085ms] [LOG] EVENT:  MessageEvent @ :8
[ 4339534ms] [LOG] EVENT:  MessageEvent @ :8
[ 4339534ms] [LOG] EVENT:  MessageEvent @ :8
[ 4339536ms] [LOG] EVENT:  MessageEvent @ :8
[ 4339666ms] [LOG] EVENT:  MessageEvent @ :8
[ 4339667ms] [LOG] EVENT:  MessageEvent @ :8
[ 4339672ms] [LOG] EVENT:  MessageEvent @ :8
[ 4339690ms] [LOG] EVENT:  MessageEvent @ :8
[ 4339922ms] [LOG] EVENT:  MessageEvent @ :8
[ 4339922ms] [LOG] EVENT:  MessageEvent @ :8
[ 4339924ms] [LOG] EVENT:  MessageEvent @ :8
[ 4340034ms] [LOG] EVENT:  MessageEvent @ :8
[ 4340035ms] [LOG] EVENT:  MessageEvent @ :8
[ 4340036ms] [LOG] EVENT:  MessageEvent @ :8
[ 4340094ms] [LOG] EVENT:  MessageEvent @ :8
[ 4340536ms] [LOG] EVENT:  MessageEvent @ :8
[ 4340536ms] [LOG] EVENT:  MessageEvent @ :8
[ 4340537ms] [LOG] EVENT:  MessageEvent @ :8
[ 4340699ms] [LOG] EVENT:  MessageEvent @ :8
[ 4341039ms] [LOG] EVENT:  MessageEvent @ :8
[ 4341041ms] [LOG] EVENT:  MessageEvent @ :8
[ 4341043ms] [LOG] EVENT:  MessageEvent @ :8
[ 4341099ms] [LOG] EVENT:  MessageEvent @ :8
[ 4341171ms] [LOG] EVENT:  MessageEvent @ :8
[ 4341171ms] [LOG] EVENT:  MessageEvent @ :8
[ 4341173ms] [LOG] EVENT:  MessageEvent @ :8
[ 4341302ms] [LOG] EVENT:  MessageEvent @ :8
[ 4341500ms] [LOG] EVENT:  MessageEvent @ :8
[ 4341500ms] [LOG] EVENT:  MessageEvent @ :8
[ 4341500ms] [LOG] EVENT:  MessageEvent @ :8
[ 4341500ms] [LOG] EVENT:  MessageEvent @ :8
[ 4341540ms] [LOG] EVENT:  MessageEvent @ :8
[ 4341540ms] [LOG] EVENT:  MessageEvent @ :8
[ 4341542ms] [LOG] EVENT:  MessageEvent @ :8
[ 4341703ms] [LOG] EVENT:  MessageEvent @ :8
[ 4342041ms] [LOG] EVENT:  MessageEvent @ :8
[ 4342041ms] [LOG] EVENT:  MessageEvent @ :8
[ 4342043ms] [LOG] EVENT:  MessageEvent @ :8
[ 4342107ms] [LOG] EVENT:  MessageEvent @ :8
[ 4342418ms] [LOG] EVENT:  MessageEvent @ :8
[ 4342419ms] [LOG] EVENT:  MessageEvent @ :8
[ 4342420ms] [LOG] EVENT:  MessageEvent @ :8
[ 4342509ms] [LOG] EVENT:  MessageEvent @ :8
[ 4342542ms] [LOG] EVENT:  MessageEvent @ :8
[ 4342542ms] [LOG] EVENT:  MessageEvent @ :8
[ 4342543ms] [LOG] EVENT:  MessageEvent @ :8
[ 4342979ms] [LOG] EVENT:  MessageEvent @ :8
[ 4342980ms] [LOG] EVENT:  MessageEvent @ :8
[ 4343041ms] [LOG] EVENT:  MessageEvent @ :8
[ 4343044ms] [LOG] EVENT:  MessageEvent @ :8
[ 4343044ms] [LOG] EVENT:  MessageEvent @ :8
[ 4343044ms] [LOG] EVENT:  MessageEvent @ :8
[ 4343046ms] [LOG] EVENT:  MessageEvent @ :8
[ 4343117ms] [LOG] EVENT:  MessageEvent @ :8
[ 4343231ms] [LOG] EVENT:  MessageEvent @ :8
[ 4343232ms] [LOG] EVENT:  MessageEvent @ :8
[ 4343234ms] [LOG] EVENT:  MessageEvent @ :8
[ 4343238ms] [LOG] EVENT:  MessageEvent @ :8
[ 4343240ms] [LOG] EVENT:  MessageEvent @ :8
[ 4343545ms] [LOG] EVENT:  MessageEvent @ :8
[ 4343546ms] [LOG] EVENT:  MessageEvent @ :8
[ 4343549ms] [LOG] EVENT:  MessageEvent @ :8
[ 4343720ms] [LOG] EVENT:  MessageEvent @ :8
[ 4274931ms] [ERROR] Failed to load resource: the server responded with a status of 404 () @ https://2361416f75f94a8554974b5aa56673eb.safeframe.googlesyndication.com/safeframe/1-0-45/html/mraid.js:0
[ 4274931ms] [ERROR] Refused to execute script from 'https://2361416f75f94a8554974b5aa56673eb.safeframe.googlesyndication.com/safeframe/1-0-45/html/mraid.js' because its MIME type ('text/html') is not executable, and strict MIME type checking is enabled. @ about:srcdoc:0
[ 4334988ms] [ERROR] Failed to load resource: net::ERR_HTTP2_PROTOCOL_ERROR @ https://gpm.servicesadmedia.com/google-pixel-match?google_gid=&google_push=AXcoOmThFr9eNh5zAK6m_9t1Yqpnimnn5F_-TaISXAy4qUSXlkVBO3RbTo0zfd2k3pqx7Qty0Ur1YoMlRhQK_24HHyFwcp_vvWBPIQ:0
[ 4343893ms] [LOG] EVENT:  MessageEvent @ :8
[ 4274174ms] [ERROR] Attestation check for Shared Storage on https://www.googleadservices.com failed. @ https://www.googleadservices.com/pagead/managed/js/activeview/current/reach_worklet.html:0
[ 4274378ms] [ERROR] Attestation check for Shared Storage on https://www.googleadservices.com failed. @ https://www.googleadservices.com/pagead/managed/js/activeview/current/reach_worklet.html:0
[ 4274561ms] [ERROR] Attestation check for Shared Storage on https://www.googleadservices.com failed. @ https://www.googleadservices.com/pagead/managed/js/activeview/current/reach_worklet.html:0
[ 4274733ms] [ERROR] Attestation check for Shared Storage on https://www.googleadservices.com failed. @ https://www.googleadservices.com/pagead/managed/js/activeview/current/reach_worklet.html:0
[ 4275099ms] [ERROR] Attestation check for Shared Storage on https://www.googleadservices.com failed. @ https://www.googleadservices.com/pagead/managed/js/activeview/current/reach_worklet.html:0
[ 4276027ms] [ERROR] Attestation check for Shared Storage on https://www.googleadservices.com failed. @ https://www.googleadservices.com/pagead/managed/js/activeview/current/reach_worklet.html:0
[ 4284145ms] [ERROR] Attestation check for Shared Storage on https://www.googleadservices.com failed. @ https://www.googleadservices.com/pagead/managed/js/activeview/current/reach_worklet.html:0
[ 4284366ms] [ERROR] Attestation check for Shared Storage on https://www.googleadservices.com failed. @ https://www.googleadservices.com/pagead/managed/js/activeview/current/reach_worklet.html:0
[ 4291638ms] [ERROR] Attestation check for Shared Storage on https://www.googleadservices.com failed. @ https://www.googleadservices.com/pagead/managed/js/activeview/current/reach_worklet.html:0
[ 4304453ms] [ERROR] Attestation check for Shared Storage on https://www.googleadservices.com failed. @ https://www.googleadservices.com/pagead/managed/js/activeview/current/reach_worklet.html:0
[ 4304921ms] [ERROR] Attestation check for Shared Storage on https://www.googleadservices.com failed. @ https://www.googleadservices.com/pagead/managed/js/activeview/current/reach_worklet.html:0
[ 4313922ms] [ERROR] Attestation check for Shared Storage on https://www.googleadservices.com failed. @ https://www.googleadservices.com/pagead/managed/js/activeview/current/reach_worklet.html:0
[ 4334433ms] [ERROR] Attestation check for Shared Storage on https://www.googleadservices.com failed. @ https://www.googleadservices.com/pagead/managed/js/activeview/current/reach_worklet.html:0
[ 4343904ms] [LOG] EVENT:  MessageEvent @ :8
[ 4343904ms] [LOG] EVENT:  MessageEvent @ :8
[ 4343904ms] [LOG] EVENT:  MessageEvent @ :8
[ 4343909ms] [LOG] EVENT:  MessageEvent @ :8
[ 4343914ms] [ERROR] Attestation check for Shared Storage on https://www.googleadservices.com failed. @ https://www.googleadservices.com/pagead/managed/js/activeview/current/reach_worklet.html:0
[ 4344046ms] [LOG] EVENT:  MessageEvent @ :8
[ 4344046ms] [LOG] EVENT:  MessageEvent @ :8
[ 4344046ms] [LOG] EVENT:  MessageEvent @ :8
[ 4344243ms] [LOG] EVENT:  MessageEvent @ :8
[ 4344244ms] [LOG] EVENT:  MessageEvent @ :8
[ 4344245ms] [LOG] EVENT:  MessageEvent @ :8
[ 4344245ms] [LOG] EVENT:  MessageEvent @ :8
[ 4344246ms] [LOG] EVENT:  MessageEvent @ :8
[ 4344247ms] [LOG] EVENT:  MessageEvent @ :8
[ 4344251ms] [LOG] EVENT:  MessageEvent @ :8
[ 4344251ms] [LOG] EVENT:  MessageEvent @ :8
[ 4344251ms] [LOG] EVENT:  MessageEvent @ :8
[ 4344252ms] [LOG] EVENT:  MessageEvent @ :8
[ 4344254ms] [LOG] EVENT:  MessageEvent @ :8
[ 4344498ms] [WARNING] The key "target-densitydpi" is not supported. @ https://s-static.innovid.com/mobileapps/s/js/default/24l9em?cb=8b018259-9be6-85bb-de28-1f59b73b35c4&deviceid=&ivc=cb%3D1778026764743%26ivc_cachebuster%3D1778026764743%26ivc_click_through%3Dhttps%253A%252F%252Fad-us-west.ipredictive.com%252Fd%252Ftrack%252Fclick%253Fsid%253D4d643b54-3d9d-44f7-94f4-dee4b2f85455-1%2526crid%253D24769491%2526adid%253D107875%2526oid%253D2635009%2526cid%253D543369%2526pubid%253D48%2526site_id%253D3893185370%2526auid%253D7187736%2526algid%253D11%2526offpc%253D2.3992615745116934%2526optpc%253D2.3992615745116934%2526cstpc%253D2.3992615745116934%2526xts%253D1778113164%2526pbap%253DCgczMDB4MjUwEAYaAWYqBkdvb2dsZTIGQ2hyb21lOgRPUyBYQgYyNi4zLjBSAmVuWhFQRVJTT05BTF9DT01QVVRFUmAAagZCQU5ORVKKAQItNZABAaUBLaEDQq0B9dnCwrIBBjE0NDA5M8ABAsgBAtIBBlBVQkxJQ9oBLQoNTUdOSS1BUC0yOTc1NhFwmGiQgmfzPxoFRklSU1QiBjE0NDA5MzAAQABIANoBKAoJUlAtQVAtMjQ1EXCYaJCCZ_M_GgVGSVJTVCIFMTc0ODcwAEAASADaASUKDU1HTkktQVAtMzI0NjIRcJhokIJn8z8aBUZJUlNUMABAAEgA2gEtCg1NR05JLUFQLTMyNDIzEXCYaJCCZ_M_GgVGSVJTVCIGMTQ4MTcxMABAAEgA2gElCg1NR05JLUFQLTMyNDE5EXCYaJCCZ_M_GgVGSVJTVDAAQABIANoBLQoNTUdOSS1BUC0zMDg3NBFwmGiQgmfzPxoFRklSU1QiBjE0NjYyODAAQABIANoBJQoNTUdOSS1BUC0zMjQzMRFwmGiQgmfzPxoFRklSU1QwAEAASADaAS4KDkFETC05MjYyLTAwMGVhEft0PGag8vI_GghCSURGTE9PUioDMTk3MABAAEgA2gElCg1NR05JLUFQLTMyNDYzEXCYaJCCZ_M_GgVGSVJTVDAAQABIANoBJwoIUlAtQVAtNDARcJhokIJn8z8aBUZJUlNUIgUyMjg5MjAAQABIANoBLAoNTUdOSS1BUC0xMzc0NhFwmGiQgmfzPxoFRklSU1QiBTM3NTk3MABAAEgA2gEsCg1NR05JLUFQLTI0NTE5EXCYaJCCZ_M_GgVGSVJTVCIFMjM2MTIwAEAASADaASUKDU1HTkktQVAtMzI0MzARcJhokIJn8z8aBUZJUlNUMABAAEgA2gElCg1NR05JLUFQLTMyNDIwEXCYaJCCZ_M_GgVGSVJTVDAAQABIANoBLwoQTUdOSS1NRC0xMDAtOTQ1MRFI4XoUrkf5PxoFRklSU1QiBTE3NDg3MABAAEgA-gEgNDRkZWJiYjJmODkyODMxMTAzNjM0MTM2MTg1YTAwMzmCAkZYaTE0NDg0bm9uOGdFc2F3N2hmOHJOUzYwX2RjZWhpclQ1dzM3ZWIybktMcUZ4dTZyYXB5RVZqZEp3Y1BEYU16OGVNOVlaigIMVEhJUkRQQVJUWUlEkgIKMTcyLjQuMi42M5oCAlhSoAIAsAIB8gJ1TW96aWxsYS81LjAgKE1hY2ludG9zaDsgSW50ZWwgTWFjIE9TIFggMTBfMTVfNykgQXBwbGVXZWJLaXQvNTM3LjM2IChLSFRNTCwgbGlrZSBHZWNrbykgQ2hyb21lLzE0Ny4wLjAuMCBTYWZhcmkvNTM3LjM2-gIOQ2hyb21lIERlc2t0b3CCAwU3NjE3OYoDCmZvcnQgd29ydGiSAwM2MjOaAwJUWKIDAlVTqgMCMTCxA_t0PGag8vI_wgMDNjIzygMNQVQmVCBJbnRlcm5ldNIDBHdpZmnaAxBtZWRpYXRha2VvdXQuY29t6gMoNTg2MDFkZDVkMTUwYWRkMWJhZWMwYzBjNmEyMjIzMGVhMmY1ODQxMPoDFTBiZmQ2NmQ1MjlhNTU4MDc6OTI2MrkEFK5H4XoU5j_hBCV1ApoIG-o_6gQEODkuMPIEBkNocm9tZfoEAlRYggUEMVlOWZIFBDkyNjKaBQ1NR05JLUFQLTI5NzU2ygUBMdIFKnJ1Ymljb24tdy1lYjRkZDdmNTE1YjExNmE2NmE4YzRiMGZlNmRmNTRiZvAFAoAGAZkGoHwhsbgTuj-iBgoxNzIuNC4yLjYzqQYAAAAAAACwP9AGAOIGOgoIQURFTFBISUMSJDE5MDkzNTI1LWI2MDUtNGM1MC1hMDBiLWVlOTVkYzJkMDdkZRoIQURFTFBISUPpBgAAAAAAAAAAggdeCgxUSElSRFBBUlRZSUQSRlhpMTQ0ODRub244Z0VzYXc3aGY4ck5TNjBfZGNlaGlyVDV3MzdlYjJuS0xxRnh1NnJhcHlFVmpkSndjUERhTXo4ZU05WVoaBlJBTVBJRIoHBlJBTVBJRLgHAcAHANoHCkJJRFJFUVVFU1TiBy01NDc6NTEwMDY0MzgsZXZpZG9uOiw1Mjk6MTQ5MTI0NSw1MzI6ODIwMzExNzDqBxkzNV81Mjk6MTQ5Mzc1MSwwX2V2aWRvbjow-AcCgAgAmghGWGkxNDQ4NG5vbjhnRXNhdzdoZjhyTlM2MF9kY2VoaXJUNXczN2ViMm5LTHFGeHU2cmFweUVWamRKd2NQRGFNejhlTTlZWg%2526ez_p%253D%2526rd%253D%26ivc_sessionid%3D4d643b54-3d9d-44f7-94f4-dee4b2f85455-1%26iv_geo_dma%3D623%26iv_geo_country%3DUS%26iv_geo_city%3DFort+Worth%26iv_geo_state%3DTX%26iv_geo_zip%3D76179%26iv_geo_lat%3D32.9074%26iv_geo_lon%3D-97.4257&pref=false:31
[ 4344501ms] [LOG] PTP: called init @ https://s-static.innovid.com/mobileapps/s/js/default/24l9em?cb=8b018259-9be6-85bb-de28-1f59b73b35c4&deviceid=&ivc=cb%3D1778026764743%26ivc_cachebuster%3D1778026764743%26ivc_click_through%3Dhttps%253A%252F%252Fad-us-west.ipredictive.com%252Fd%252Ftrack%252Fclick%253Fsid%253D4d643b54-3d9d-44f7-94f4-dee4b2f85455-1%2526crid%253D24769491%2526adid%253D107875%2526oid%253D2635009%2526cid%253D543369%2526pubid%253D48%2526site_id%253D3893185370%2526auid%253D7187736%2526algid%253D11%2526offpc%253D2.3992615745116934%2526optpc%253D2.3992615745116934%2526cstpc%253D2.3992615745116934%2526xts%253D1778113164%2526pbap%253DCgczMDB4MjUwEAYaAWYqBkdvb2dsZTIGQ2hyb21lOgRPUyBYQgYyNi4zLjBSAmVuWhFQRVJTT05BTF9DT01QVVRFUmAAagZCQU5ORVKKAQItNZABAaUBLaEDQq0B9dnCwrIBBjE0NDA5M8ABAsgBAtIBBlBVQkxJQ9oBLQoNTUdOSS1BUC0yOTc1NhFwmGiQgmfzPxoFRklSU1QiBjE0NDA5MzAAQABIANoBKAoJUlAtQVAtMjQ1EXCYaJCCZ_M_GgVGSVJTVCIFMTc0ODcwAEAASADaASUKDU1HTkktQVAtMzI0NjIRcJhokIJn8z8aBUZJUlNUMABAAEgA2gEtCg1NR05JLUFQLTMyNDIzEXCYaJCCZ_M_GgVGSVJTVCIGMTQ4MTcxMABAAEgA2gElCg1NR05JLUFQLTMyNDE5EXCYaJCCZ_M_GgVGSVJTVDAAQABIANoBLQoNTUdOSS1BUC0zMDg3NBFwmGiQgmfzPxoFRklSU1QiBjE0NjYyODAAQABIANoBJQoNTUdOSS1BUC0zMjQzMRFwmGiQgmfzPxoFRklSU1QwAEAASADaAS4KDkFETC05MjYyLTAwMGVhEft0PGag8vI_GghCSURGTE9PUioDMTk3MABAAEgA2gElCg1NR05JLUFQLTMyNDYzEXCYaJCCZ_M_GgVGSVJTVDAAQABIANoBJwoIUlAtQVAtNDARcJhokIJn8z8aBUZJUlNUIgUyMjg5MjAAQABIANoBLAoNTUdOSS1BUC0xMzc0NhFwmGiQgmfzPxoFRklSU1QiBTM3NTk3MABAAEgA2gEsCg1NR05JLUFQLTI0NTE5EXCYaJCCZ_M_GgVGSVJTVCIFMjM2MTIwAEAASADaASUKDU1HTkktQVAtMzI0MzARcJhokIJn8z8aBUZJUlNUMABAAEgA2gElCg1NR05JLUFQLTMyNDIwEXCYaJCCZ_M_GgVGSVJTVDAAQABIANoBLwoQTUdOSS1NRC0xMDAtOTQ1MRFI4XoUrkf5PxoFRklSU1QiBTE3NDg3MABAAEgA-gEgNDRkZWJiYjJmODkyODMxMTAzNjM0MTM2MTg1YTAwMzmCAkZYaTE0NDg0bm9uOGdFc2F3N2hmOHJOUzYwX2RjZWhpclQ1dzM3ZWIybktMcUZ4dTZyYXB5RVZqZEp3Y1BEYU16OGVNOVlaigIMVEhJUkRQQVJUWUlEkgIKMTcyLjQuMi42M5oCAlhSoAIAsAIB8gJ1TW96aWxsYS81LjAgKE1hY2ludG9zaDsgSW50ZWwgTWFjIE9TIFggMTBfMTVfNykgQXBwbGVXZWJLaXQvNTM3LjM2IChLSFRNTCwgbGlrZSBHZWNrbykgQ2hyb21lLzE0Ny4wLjAuMCBTYWZhcmkvNTM3LjM2-gIOQ2hyb21lIERlc2t0b3CCAwU3NjE3OYoDCmZvcnQgd29ydGiSAwM2MjOaAwJUWKIDAlVTqgMCMTCxA_t0PGag8vI_wgMDNjIzygMNQVQmVCBJbnRlcm5ldNIDBHdpZmnaAxBtZWRpYXRha2VvdXQuY29t6gMoNTg2MDFkZDVkMTUwYWRkMWJhZWMwYzBjNmEyMjIzMGVhMmY1ODQxMPoDFTBiZmQ2NmQ1MjlhNTU4MDc6OTI2MrkEFK5H4XoU5j_hBCV1ApoIG-o_6gQEODkuMPIEBkNocm9tZfoEAlRYggUEMVlOWZIFBDkyNjKaBQ1NR05JLUFQLTI5NzU2ygUBMdIFKnJ1Ymljb24tdy1lYjRkZDdmNTE1YjExNmE2NmE4YzRiMGZlNmRmNTRiZvAFAoAGAZkGoHwhsbgTuj-iBgoxNzIuNC4yLjYzqQYAAAAAAACwP9AGAOIGOgoIQURFTFBISUMSJDE5MDkzNTI1LWI2MDUtNGM1MC1hMDBiLWVlOTVkYzJkMDdkZRoIQURFTFBISUPpBgAAAAAAAAAAggdeCgxUSElSRFBBUlRZSUQSRlhpMTQ0ODRub244Z0VzYXc3aGY4ck5TNjBfZGNlaGlyVDV3MzdlYjJuS0xxRnh1NnJhcHlFVmpkSndjUERhTXo4ZU05WVoaBlJBTVBJRIoHBlJBTVBJRLgHAcAHANoHCkJJRFJFUVVFU1TiBy01NDc6NTEwMDY0MzgsZXZpZG9uOiw1Mjk6MTQ5MTI0NSw1MzI6ODIwMzExNzDqBxkzNV81Mjk6MTQ5Mzc1MSwwX2V2aWRvbjow-AcCgAgAmghGWGkxNDQ4NG5vbjhnRXNhdzdoZjhyTlM2MF9kY2VoaXJUNXczN2ViMm5LTHFGeHU2cmFweUVWamRKd2NQRGFNejhlTTlZWg%2526ez_p%253D%2526rd%253D%26ivc_sessionid%3D4d643b54-3d9d-44f7-94f4-dee4b2f85455-1%26iv_geo_dma%3D623%26iv_geo_country%3DUS%26iv_geo_city%3DFort+Worth%26iv_geo_state%3DTX%26iv_geo_zip%3D76179%26iv_geo_lat%3D32.9074%26iv_geo_lon%3D-97.4257&pref=false:496
[ 4344502ms] [LOG] PTP: called getVolume @ https://s-static.innovid.com/mobileapps/s/js/default/24l9em?cb=8b018259-9be6-85bb-de28-1f59b73b35c4&deviceid=&ivc=cb%3D1778026764743%26ivc_cachebuster%3D1778026764743%26ivc_click_through%3Dhttps%253A%252F%252Fad-us-west.ipredictive.com%252Fd%252Ftrack%252Fclick%253Fsid%253D4d643b54-3d9d-44f7-94f4-dee4b2f85455-1%2526crid%253D24769491%2526adid%253D107875%2526oid%253D2635009%2526cid%253D543369%2526pubid%253D48%2526site_id%253D3893185370%2526auid%253D7187736%2526algid%253D11%2526offpc%253D2.3992615745116934%2526optpc%253D2.3992615745116934%2526cstpc%253D2.3992615745116934%2526xts%253D1778113164%2526pbap%253DCgczMDB4MjUwEAYaAWYqBkdvb2dsZTIGQ2hyb21lOgRPUyBYQgYyNi4zLjBSAmVuWhFQRVJTT05BTF9DT01QVVRFUmAAagZCQU5ORVKKAQItNZABAaUBLaEDQq0B9dnCwrIBBjE0NDA5M8ABAsgBAtIBBlBVQkxJQ9oBLQoNTUdOSS1BUC0yOTc1NhFwmGiQgmfzPxoFRklSU1QiBjE0NDA5MzAAQABIANoBKAoJUlAtQVAtMjQ1EXCYaJCCZ_M_GgVGSVJTVCIFMTc0ODcwAEAASADaASUKDU1HTkktQVAtMzI0NjIRcJhokIJn8z8aBUZJUlNUMABAAEgA2gEtCg1NR05JLUFQLTMyNDIzEXCYaJCCZ_M_GgVGSVJTVCIGMTQ4MTcxMABAAEgA2gElCg1NR05JLUFQLTMyNDE5EXCYaJCCZ_M_GgVGSVJTVDAAQABIANoBLQoNTUdOSS1BUC0zMDg3NBFwmGiQgmfzPxoFRklSU1QiBjE0NjYyODAAQABIANoBJQoNTUdOSS1BUC0zMjQzMRFwmGiQgmfzPxoFRklSU1QwAEAASADaAS4KDkFETC05MjYyLTAwMGVhEft0PGag8vI_GghCSURGTE9PUioDMTk3MABAAEgA2gElCg1NR05JLUFQLTMyNDYzEXCYaJCCZ_M_GgVGSVJTVDAAQABIANoBJwoIUlAtQVAtNDARcJhokIJn8z8aBUZJUlNUIgUyMjg5MjAAQABIANoBLAoNTUdOSS1BUC0xMzc0NhFwmGiQgmfzPxoFRklSU1QiBTM3NTk3MABAAEgA2gEsCg1NR05JLUFQLTI0NTE5EXCYaJCCZ_M_GgVGSVJTVCIFMjM2MTIwAEAASADaASUKDU1HTkktQVAtMzI0MzARcJhokIJn8z8aBUZJUlNUMABAAEgA2gElCg1NR05JLUFQLTMyNDIwEXCYaJCCZ_M_GgVGSVJTVDAAQABIANoBLwoQTUdOSS1NRC0xMDAtOTQ1MRFI4XoUrkf5PxoFRklSU1QiBTE3NDg3MABAAEgA-gEgNDRkZWJiYjJmODkyODMxMTAzNjM0MTM2MTg1YTAwMzmCAkZYaTE0NDg0bm9uOGdFc2F3N2hmOHJOUzYwX2RjZWhpclQ1dzM3ZWIybktMcUZ4dTZyYXB5RVZqZEp3Y1BEYU16OGVNOVlaigIMVEhJUkRQQVJUWUlEkgIKMTcyLjQuMi42M5oCAlhSoAIAsAIB8gJ1TW96aWxsYS81LjAgKE1hY2ludG9zaDsgSW50ZWwgTWFjIE9TIFggMTBfMTVfNykgQXBwbGVXZWJLaXQvNTM3LjM2IChLSFRNTCwgbGlrZSBHZWNrbykgQ2hyb21lLzE0Ny4wLjAuMCBTYWZhcmkvNTM3LjM2-gIOQ2hyb21lIERlc2t0b3CCAwU3NjE3OYoDCmZvcnQgd29ydGiSAwM2MjOaAwJUWKIDAlVTqgMCMTCxA_t0PGag8vI_wgMDNjIzygMNQVQmVCBJbnRlcm5ldNIDBHdpZmnaAxBtZWRpYXRha2VvdXQuY29t6gMoNTg2MDFkZDVkMTUwYWRkMWJhZWMwYzBjNmEyMjIzMGVhMmY1ODQxMPoDFTBiZmQ2NmQ1MjlhNTU4MDc6OTI2MrkEFK5H4XoU5j_hBCV1ApoIG-o_6gQEODkuMPIEBkNocm9tZfoEAlRYggUEMVlOWZIFBDkyNjKaBQ1NR05JLUFQLTI5NzU2ygUBMdIFKnJ1Ymljb24tdy1lYjRkZDdmNTE1YjExNmE2NmE4YzRiMGZlNmRmNTRiZvAFAoAGAZkGoHwhsbgTuj-iBgoxNzIuNC4yLjYzqQYAAAAAAACwP9AGAOIGOgoIQURFTFBISUMSJDE5MDkzNTI1LWI2MDUtNGM1MC1hMDBiLWVlOTVkYzJkMDdkZRoIQURFTFBISUPpBgAAAAAAAAAAggdeCgxUSElSRFBBUlRZSUQSRlhpMTQ0ODRub244Z0VzYXc3aGY4ck5TNjBfZGNlaGlyVDV3MzdlYjJuS0xxRnh1NnJhcHlFVmpkSndjUERhTXo4ZU05WVoaBlJBTVBJRIoHBlJBTVBJRLgHAcAHANoHCkJJRFJFUVVFU1TiBy01NDc6NTEwMDY0MzgsZXZpZG9uOiw1Mjk6MTQ5MTI0NSw1MzI6ODIwMzExNzDqBxkzNV81Mjk6MTQ5Mzc1MSwwX2V2aWRvbjow-AcCgAgAmghGWGkxNDQ4NG5vbjhnRXNhdzdoZjhyTlM2MF9kY2VoaXJUNXczN2ViMm5LTHFGeHU2cmFweUVWamRKd2NQRGFNejhlTTlZWg%2526ez_p%253D%2526rd%253D%26ivc_sessionid%3D4d643b54-3d9d-44f7-94f4-dee4b2f85455-1%26iv_geo_dma%3D623%26iv_geo_country%3DUS%26iv_geo_city%3DFort+Worth%26iv_geo_state%3DTX%26iv_geo_zip%3D76179%26iv_geo_lat%3D32.9074%26iv_geo_lon%3D-97.4257&pref=false:498
[ 4344508ms] [LOG] Initial Load Banner Id: iva-display-sub-load-html-banner @ https://s-static.innovid.com/mobileapps/s/js/default/24l9em?cb=8b018259-9be6-85bb-de28-1f59b73b35c4&deviceid=&ivc=cb%3D1778026764743%26ivc_cachebuster%3D1778026764743%26ivc_click_through%3Dhttps%253A%252F%252Fad-us-west.ipredictive.com%252Fd%252Ftrack%252Fclick%253Fsid%253D4d643b54-3d9d-44f7-94f4-dee4b2f85455-1%2526crid%253D24769491%2526adid%253D107875%2526oid%253D2635009%2526cid%253D543369%2526pubid%253D48%2526site_id%253D3893185370%2526auid%253D7187736%2526algid%253D11%2526offpc%253D2.3992615745116934%2526optpc%253D2.3992615745116934%2526cstpc%253D2.3992615745116934%2526xts%253D1778113164%2526pbap%253DCgczMDB4MjUwEAYaAWYqBkdvb2dsZTIGQ2hyb21lOgRPUyBYQgYyNi4zLjBSAmVuWhFQRVJTT05BTF9DT01QVVRFUmAAagZCQU5ORVKKAQItNZABAaUBLaEDQq0B9dnCwrIBBjE0NDA5M8ABAsgBAtIBBlBVQkxJQ9oBLQoNTUdOSS1BUC0yOTc1NhFwmGiQgmfzPxoFRklSU1QiBjE0NDA5MzAAQABIANoBKAoJUlAtQVAtMjQ1EXCYaJCCZ_M_GgVGSVJTVCIFMTc0ODcwAEAASADaASUKDU1HTkktQVAtMzI0NjIRcJhokIJn8z8aBUZJUlNUMABAAEgA2gEtCg1NR05JLUFQLTMyNDIzEXCYaJCCZ_M_GgVGSVJTVCIGMTQ4MTcxMABAAEgA2gElCg1NR05JLUFQLTMyNDE5EXCYaJCCZ_M_GgVGSVJTVDAAQABIANoBLQoNTUdOSS1BUC0zMDg3NBFwmGiQgmfzPxoFRklSU1QiBjE0NjYyODAAQABIANoBJQoNTUdOSS1BUC0zMjQzMRFwmGiQgmfzPxoFRklSU1QwAEAASADaAS4KDkFETC05MjYyLTAwMGVhEft0PGag8vI_GghCSURGTE9PUioDMTk3MABAAEgA2gElCg1NR05JLUFQLTMyNDYzEXCYaJCCZ_M_GgVGSVJTVDAAQABIANoBJwoIUlAtQVAtNDARcJhokIJn8z8aBUZJUlNUIgUyMjg5MjAAQABIANoBLAoNTUdOSS1BUC0xMzc0NhFwmGiQgmfzPxoFRklSU1QiBTM3NTk3MABAAEgA2gEsCg1NR05JLUFQLTI0NTE5EXCYaJCCZ_M_GgVGSVJTVCIFMjM2MTIwAEAASADaASUKDU1HTkktQVAtMzI0MzARcJhokIJn8z8aBUZJUlNUMABAAEgA2gElCg1NR05JLUFQLTMyNDIwEXCYaJCCZ_M_GgVGSVJTVDAAQABIANoBLwoQTUdOSS1NRC0xMDAtOTQ1MRFI4XoUrkf5PxoFRklSU1QiBTE3NDg3MABAAEgA-gEgNDRkZWJiYjJmODkyODMxMTAzNjM0MTM2MTg1YTAwMzmCAkZYaTE0NDg0bm9uOGdFc2F3N2hmOHJOUzYwX2RjZWhpclQ1dzM3ZWIybktMcUZ4dTZyYXB5RVZqZEp3Y1BEYU16OGVNOVlaigIMVEhJUkRQQVJUWUlEkgIKMTcyLjQuMi42M5oCAlhSoAIAsAIB8gJ1TW96aWxsYS81LjAgKE1hY2ludG9zaDsgSW50ZWwgTWFjIE9TIFggMTBfMTVfNykgQXBwbGVXZWJLaXQvNTM3LjM2IChLSFRNTCwgbGlrZSBHZWNrbykgQ2hyb21lLzE0Ny4wLjAuMCBTYWZhcmkvNTM3LjM2-gIOQ2hyb21lIERlc2t0b3CCAwU3NjE3OYoDCmZvcnQgd29ydGiSAwM2MjOaAwJUWKIDAlVTqgMCMTCxA_t0PGag8vI_wgMDNjIzygMNQVQmVCBJbnRlcm5ldNIDBHdpZmnaAxBtZWRpYXRha2VvdXQuY29t6gMoNTg2MDFkZDVkMTUwYWRkMWJhZWMwYzBjNmEyMjIzMGVhMmY1ODQxMPoDFTBiZmQ2NmQ1MjlhNTU4MDc6OTI2MrkEFK5H4XoU5j_hBCV1ApoIG-o_6gQEODkuMPIEBkNocm9tZfoEAlRYggUEMVlOWZIFBDkyNjKaBQ1NR05JLUFQLTI5NzU2ygUBMdIFKnJ1Ymljb24tdy1lYjRkZDdmNTE1YjExNmE2NmE4YzRiMGZlNmRmNTRiZvAFAoAGAZkGoHwhsbgTuj-iBgoxNzIuNC4yLjYzqQYAAAAAAACwP9AGAOIGOgoIQURFTFBISUMSJDE5MDkzNTI1LWI2MDUtNGM1MC1hMDBiLWVlOTVkYzJkMDdkZRoIQURFTFBISUPpBgAAAAAAAAAAggdeCgxUSElSRFBBUlRZSUQSRlhpMTQ0ODRub244Z0VzYXc3aGY4ck5TNjBfZGNlaGlyVDV3MzdlYjJuS0xxRnh1NnJhcHlFVmpkSndjUERhTXo4ZU05WVoaBlJBTVBJRIoHBlJBTVBJRLgHAcAHANoHCkJJRFJFUVVFU1TiBy01NDc6NTEwMDY0MzgsZXZpZG9uOiw1Mjk6MTQ5MTI0NSw1MzI6ODIwMzExNzDqBxkzNV81Mjk6MTQ5Mzc1MSwwX2V2aWRvbjow-AcCgAgAmghGWGkxNDQ4NG5vbjhnRXNhdzdoZjhyTlM2MF9kY2VoaXJUNXczN2ViMm5LTHFGeHU2cmFweUVWamRKd2NQRGFNejhlTTlZWg%2526ez_p%253D%2526rd%253D%26ivc_sessionid%3D4d643b54-3d9d-44f7-94f4-dee4b2f85455-1%26iv_geo_dma%3D623%26iv_geo_country%3DUS%26iv_geo_city%3DFort+Worth%26iv_geo_state%3DTX%26iv_geo_zip%3D76179%26iv_geo_lat%3D32.9074%26iv_geo_lon%3D-97.4257&pref=false:791
[ 4344508ms] [LOG] PTP: called preparePlay @ https://s-static.innovid.com/mobileapps/s/js/default/24l9em?cb=8b018259-9be6-85bb-de28-1f59b73b35c4&deviceid=&ivc=cb%3D1778026764743%26ivc_cachebuster%3D1778026764743%26ivc_click_through%3Dhttps%253A%252F%252Fad-us-west.ipredictive.com%252Fd%252Ftrack%252Fclick%253Fsid%253D4d643b54-3d9d-44f7-94f4-dee4b2f85455-1%2526crid%253D24769491%2526adid%253D107875%2526oid%253D2635009%2526cid%253D543369%2526pubid%253D48%2526site_id%253D3893185370%2526auid%253D7187736%2526algid%253D11%2526offpc%253D2.3992615745116934%2526optpc%253D2.3992615745116934%2526cstpc%253D2.3992615745116934%2526xts%253D1778113164%2526pbap%253DCgczMDB4MjUwEAYaAWYqBkdvb2dsZTIGQ2hyb21lOgRPUyBYQgYyNi4zLjBSAmVuWhFQRVJTT05BTF9DT01QVVRFUmAAagZCQU5ORVKKAQItNZABAaUBLaEDQq0B9dnCwrIBBjE0NDA5M8ABAsgBAtIBBlBVQkxJQ9oBLQoNTUdOSS1BUC0yOTc1NhFwmGiQgmfzPxoFRklSU1QiBjE0NDA5MzAAQABIANoBKAoJUlAtQVAtMjQ1EXCYaJCCZ_M_GgVGSVJTVCIFMTc0ODcwAEAASADaASUKDU1HTkktQVAtMzI0NjIRcJhokIJn8z8aBUZJUlNUMABAAEgA2gEtCg1NR05JLUFQLTMyNDIzEXCYaJCCZ_M_GgVGSVJTVCIGMTQ4MTcxMABAAEgA2gElCg1NR05JLUFQLTMyNDE5EXCYaJCCZ_M_GgVGSVJTVDAAQABIANoBLQoNTUdOSS1BUC0zMDg3NBFwmGiQgmfzPxoFRklSU1QiBjE0NjYyODAAQABIANoBJQoNTUdOSS1BUC0zMjQzMRFwmGiQgmfzPxoFRklSU1QwAEAASADaAS4KDkFETC05MjYyLTAwMGVhEft0PGag8vI_GghCSURGTE9PUioDMTk3MABAAEgA2gElCg1NR05JLUFQLTMyNDYzEXCYaJCCZ_M_GgVGSVJTVDAAQABIANoBJwoIUlAtQVAtNDARcJhokIJn8z8aBUZJUlNUIgUyMjg5MjAAQABIANoBLAoNTUdOSS1BUC0xMzc0NhFwmGiQgmfzPxoFRklSU1QiBTM3NTk3MABAAEgA2gEsCg1NR05JLUFQLTI0NTE5EXCYaJCCZ_M_GgVGSVJTVCIFMjM2MTIwAEAASADaASUKDU1HTkktQVAtMzI0MzARcJhokIJn8z8aBUZJUlNUMABAAEgA2gElCg1NR05JLUFQLTMyNDIwEXCYaJCCZ_M_GgVGSVJTVDAAQABIANoBLwoQTUdOSS1NRC0xMDAtOTQ1MRFI4XoUrkf5PxoFRklSU1QiBTE3NDg3MABAAEgA-gEgNDRkZWJiYjJmODkyODMxMTAzNjM0MTM2MTg1YTAwMzmCAkZYaTE0NDg0bm9uOGdFc2F3N2hmOHJOUzYwX2RjZWhpclQ1dzM3ZWIybktMcUZ4dTZyYXB5RVZqZEp3Y1BEYU16OGVNOVlaigIMVEhJUkRQQVJUWUlEkgIKMTcyLjQuMi42M5oCAlhSoAIAsAIB8gJ1TW96aWxsYS81LjAgKE1hY2ludG9zaDsgSW50ZWwgTWFjIE9TIFggMTBfMTVfNykgQXBwbGVXZWJLaXQvNTM3LjM2IChLSFRNTCwgbGlrZSBHZWNrbykgQ2hyb21lLzE0Ny4wLjAuMCBTYWZhcmkvNTM3LjM2-gIOQ2hyb21lIERlc2t0b3CCAwU3NjE3OYoDCmZvcnQgd29ydGiSAwM2MjOaAwJUWKIDAlVTqgMCMTCxA_t0PGag8vI_wgMDNjIzygMNQVQmVCBJbnRlcm5ldNIDBHdpZmnaAxBtZWRpYXRha2VvdXQuY29t6gMoNTg2MDFkZDVkMTUwYWRkMWJhZWMwYzBjNmEyMjIzMGVhMmY1ODQxMPoDFTBiZmQ2NmQ1MjlhNTU4MDc6OTI2MrkEFK5H4XoU5j_hBCV1ApoIG-o_6gQEODkuMPIEBkNocm9tZfoEAlRYggUEMVlOWZIFBDkyNjKaBQ1NR05JLUFQLTI5NzU2ygUBMdIFKnJ1Ymljb24tdy1lYjRkZDdmNTE1YjExNmE2NmE4YzRiMGZlNmRmNTRiZvAFAoAGAZkGoHwhsbgTuj-iBgoxNzIuNC4yLjYzqQYAAAAAAACwP9AGAOIGOgoIQURFTFBISUMSJDE5MDkzNTI1LWI2MDUtNGM1MC1hMDBiLWVlOTVkYzJkMDdkZRoIQURFTFBISUPpBgAAAAAAAAAAggdeCgxUSElSRFBBUlRZSUQSRlhpMTQ0ODRub244Z0VzYXc3aGY4ck5TNjBfZGNlaGlyVDV3MzdlYjJuS0xxRnh1NnJhcHlFVmpkSndjUERhTXo4ZU05WVoaBlJBTVBJRIoHBlJBTVBJRLgHAcAHANoHCkJJRFJFUVVFU1TiBy01NDc6NTEwMDY0MzgsZXZpZG9uOiw1Mjk6MTQ5MTI0NSw1MzI6ODIwMzExNzDqBxkzNV81Mjk6MTQ5Mzc1MSwwX2V2aWRvbjow-AcCgAgAmghGWGkxNDQ4NG5vbjhnRXNhdzdoZjhyTlM2MF9kY2VoaXJUNXczN2ViMm5LTHFGeHU2cmFweUVWamRKd2NQRGFNejhlTTlZWg%2526ez_p%253D%2526rd%253D%26ivc_sessionid%3D4d643b54-3d9d-44f7-94f4-dee4b2f85455-1%26iv_geo_dma%3D623%26iv_geo_country%3DUS%26iv_geo_city%3DFort+Worth%26iv_geo_state%3DTX%26iv_geo_zip%3D76179%26iv_geo_lat%3D32.9074%26iv_geo_lon%3D-97.4257&pref=false:498
[ 4344745ms] [LOG] >>> Innovid Display Connector: Version 5 @ https://s-files.innovid.com/creative/ct_dev/5/innovid_display_connector.js:28
[ 4344749ms] [LOG] >>> Innovid Enable Interactions @ https://s-files.innovid.com/creative/ct_dev/5/innovid_display_connector.js:177
[ 4344750ms] [LOG] Disabling Main Click thru @ https://s-static.innovid.com/mobileapps/s/js/default/24l9em?cb=8b018259-9be6-85bb-de28-1f59b73b35c4&deviceid=&ivc=cb%3D1778026764743%26ivc_cachebuster%3D1778026764743%26ivc_click_through%3Dhttps%253A%252F%252Fad-us-west.ipredictive.com%252Fd%252Ftrack%252Fclick%253Fsid%253D4d643b54-3d9d-44f7-94f4-dee4b2f85455-1%2526crid%253D24769491%2526adid%253D107875%2526oid%253D2635009%2526cid%253D543369%2526pubid%253D48%2526site_id%253D3893185370%2526auid%253D7187736%2526algid%253D11%2526offpc%253D2.3992615745116934%2526optpc%253D2.3992615745116934%2526cstpc%253D2.3992615745116934%2526xts%253D1778113164%2526pbap%253DCgczMDB4MjUwEAYaAWYqBkdvb2dsZTIGQ2hyb21lOgRPUyBYQgYyNi4zLjBSAmVuWhFQRVJTT05BTF9DT01QVVRFUmAAagZCQU5ORVKKAQItNZABAaUBLaEDQq0B9dnCwrIBBjE0NDA5M8ABAsgBAtIBBlBVQkxJQ9oBLQoNTUdOSS1BUC0yOTc1NhFwmGiQgmfzPxoFRklSU1QiBjE0NDA5MzAAQABIANoBKAoJUlAtQVAtMjQ1EXCYaJCCZ_M_GgVGSVJTVCIFMTc0ODcwAEAASADaASUKDU1HTkktQVAtMzI0NjIRcJhokIJn8z8aBUZJUlNUMABAAEgA2gEtCg1NR05JLUFQLTMyNDIzEXCYaJCCZ_M_GgVGSVJTVCIGMTQ4MTcxMABAAEgA2gElCg1NR05JLUFQLTMyNDE5EXCYaJCCZ_M_GgVGSVJTVDAAQABIANoBLQoNTUdOSS1BUC0zMDg3NBFwmGiQgmfzPxoFRklSU1QiBjE0NjYyODAAQABIANoBJQoNTUdOSS1BUC0zMjQzMRFwmGiQgmfzPxoFRklSU1QwAEAASADaAS4KDkFETC05MjYyLTAwMGVhEft0PGag8vI_GghCSURGTE9PUioDMTk3MABAAEgA2gElCg1NR05JLUFQLTMyNDYzEXCYaJCCZ_M_GgVGSVJTVDAAQABIANoBJwoIUlAtQVAtNDARcJhokIJn8z8aBUZJUlNUIgUyMjg5MjAAQABIANoBLAoNTUdOSS1BUC0xMzc0NhFwmGiQgmfzPxoFRklSU1QiBTM3NTk3MABAAEgA2gEsCg1NR05JLUFQLTI0NTE5EXCYaJCCZ_M_GgVGSVJTVCIFMjM2MTIwAEAASADaASUKDU1HTkktQVAtMzI0MzARcJhokIJn8z8aBUZJUlNUMABAAEgA2gElCg1NR05JLUFQLTMyNDIwEXCYaJCCZ_M_GgVGSVJTVDAAQABIANoBLwoQTUdOSS1NRC0xMDAtOTQ1MRFI4XoUrkf5PxoFRklSU1QiBTE3NDg3MABAAEgA-gEgNDRkZWJiYjJmODkyODMxMTAzNjM0MTM2MTg1YTAwMzmCAkZYaTE0NDg0bm9uOGdFc2F3N2hmOHJOUzYwX2RjZWhpclQ1dzM3ZWIybktMcUZ4dTZyYXB5RVZqZEp3Y1BEYU16OGVNOVlaigIMVEhJUkRQQVJUWUlEkgIKMTcyLjQuMi42M5oCAlhSoAIAsAIB8gJ1TW96aWxsYS81LjAgKE1hY2ludG9zaDsgSW50ZWwgTWFjIE9TIFggMTBfMTVfNykgQXBwbGVXZWJLaXQvNTM3LjM2IChLSFRNTCwgbGlrZSBHZWNrbykgQ2hyb21lLzE0Ny4wLjAuMCBTYWZhcmkvNTM3LjM2-gIOQ2hyb21lIERlc2t0b3CCAwU3NjE3OYoDCmZvcnQgd29ydGiSAwM2MjOaAwJUWKIDAlVTqgMCMTCxA_t0PGag8vI_wgMDNjIzygMNQVQmVCBJbnRlcm5ldNIDBHdpZmnaAxBtZWRpYXRha2VvdXQuY29t6gMoNTg2MDFkZDVkMTUwYWRkMWJhZWMwYzBjNmEyMjIzMGVhMmY1ODQxMPoDFTBiZmQ2NmQ1MjlhNTU4MDc6OTI2MrkEFK5H4XoU5j_hBCV1ApoIG-o_6gQEODkuMPIEBkNocm9tZfoEAlRYggUEMVlOWZIFBDkyNjKaBQ1NR05JLUFQLTI5NzU2ygUBMdIFKnJ1Ymljb24tdy1lYjRkZDdmNTE1YjExNmE2NmE4YzRiMGZlNmRmNTRiZvAFAoAGAZkGoHwhsbgTuj-iBgoxNzIuNC4yLjYzqQYAAAAAAACwP9AGAOIGOgoIQURFTFBISUMSJDE5MDkzNTI1LWI2MDUtNGM1MC1hMDBiLWVlOTVkYzJkMDdkZRoIQURFTFBISUPpBgAAAAAAAAAAggdeCgxUSElSRFBBUlRZSUQSRlhpMTQ0ODRub244Z0VzYXc3aGY4ck5TNjBfZGNlaGlyVDV3MzdlYjJuS0xxRnh1NnJhcHlFVmpkSndjUERhTXo4ZU05WVoaBlJBTVBJRIoHBlJBTVBJRLgHAcAHANoHCkJJRFJFUVVFU1TiBy01NDc6NTEwMDY0MzgsZXZpZG9uOiw1Mjk6MTQ5MTI0NSw1MzI6ODIwMzExNzDqBxkzNV81Mjk6MTQ5Mzc1MSwwX2V2aWRvbjow-AcCgAgAmghGWGkxNDQ4NG5vbjhnRXNhdzdoZjhyTlM2MF9kY2VoaXJUNXczN2ViMm5LTHFGeHU2cmFweUVWamRKd2NQRGFNejhlTTlZWg%2526ez_p%253D%2526rd%253D%26ivc_sessionid%3D4d643b54-3d9d-44f7-94f4-dee4b2f85455-1%26iv_geo_dma%3D623%26iv_geo_country%3DUS%26iv_geo_city%3DFort+Worth%26iv_geo_state%3DTX%26iv_geo_zip%3D76179%26iv_geo_lat%3D32.9074%26iv_geo_lon%3D-97.4257&pref=false:187
[ 4344952ms] [LOG] EVENT:  MessageEvent @ :8
[ 4344975ms] [LOG] EVENT:  MessageEvent @ :8
[ 4344980ms] [LOG] EVENT:  MessageEvent @ :8
[ 4345100ms] [LOG] EVENT:  MessageEvent @ :8
[ 4345100ms] [LOG] EVENT:  MessageEvent @ :8
[ 4345184ms] [LOG] EVENT:  MessageEvent @ :8
[ 4345184ms] [LOG] EVENT:  MessageEvent @ :8
[ 4345187ms] [LOG] EVENT:  MessageEvent @ :8
[ 4345192ms] [LOG] EVENT:  MessageEvent @ :8
[ 4345193ms] [LOG] EVENT:  MessageEvent @ :8
[ 4345223ms] [LOG] EVENT:  MessageEvent @ :8
[ 4345226ms] [LOG] EVENT:  MessageEvent @ :8
[ 4345226ms] [LOG] EVENT:  MessageEvent @ :8
[ 4345227ms] [LOG] EVENT:  MessageEvent @ :8
[ 4345228ms] [LOG] EVENT:  MessageEvent @ :8
[ 4345231ms] [LOG] 2026-05-06T00:19:36.091Z [LOG] {"duration":6,"skippableState":false,"vuInstr":"https://aax-events-cell02-cf.us-west.3px.axp.amazon-adsystem.com/x/px/RBp-Lizgxhwn17dcOTc4ilgAAAGd-qeFywYAAAfFBEEzcHhfdHhuX2JpZDEgICAzcHhfdHhuX2ltcDEgICC_4T1q/","adCfid":"581125496523726534","vuParams":{"bidRequestId":"5G2NvpN5cug63uqZcDOLqA","srcName":"CS","creativeId":"580446725286190115","clickDestnUrl":"https://www.allstate.com/","evet":"0","tungstenCSMLoggingFrameworkUrl":"tungsten-service.prod.na.adsqtungsten.a9.amazon.dev/csm/","expname":"UNITAG_VIDEO_ROLLOUT_5486","zone":"US-PDX","sourcetype":"rtb","sourceid":"1989","su":"https://aax-events-cell02-cf.us-west.3px.axp.amazon-adsystem.com/x/px/RBp-Lizgxhwn17dcOTc4ilgAAAGd-qeFywYAAAfFBEEzcHhfdHhuX2JpZDEgICAzcHhfdHhuX2ltcDEgICC_4T1q/?t=%24%7BAAX_TYPE%7D&p=%24%7BAAX_PAYLOAD%7D&bx=v1_CGvnRw8e_M60-y72UfoinXnNWUJwfp0Rrb59mWXbp7IFR9ZbqUADhxYf-V9rmm2po48X87R2lU_U7jz8Rxd_JHdKT-v_ZOqRaRxdPxgrFgfwQtsm5mAsxKY0KRSZbLX-HNPSZ02h75hJRBN_wgisHj0RZxZRW50mVQ48A_xiAUrVk6PA6w5lBwXgac-xafVjvhocbcDE2tcYTHdrJsMSe_wKhcmslMVkBRCXJ6I4kgYav5dvm_aoQU9vnF-x2FVACGb2Lf3esR05zxkkZvxhQhuZblaVzAqQfb_kwITqRKICE2-6x4iUqAq8eQnoF42I1d85oPozVIjErMPdAfmPJOxw8t1LcBQP9v8z5tc4N6VhsVdGMG-fwBu3wa0pU3qGFyNRt3vevVBUmgTJJZ2tZz9fYqr4t_xXQeRJZWNM5VRTMcZ7kwRYA0ZNspZkcXcpObiKPNrs5LD4ZHVLYmiylr84fFqCimvxEnAxJdc55oXzTSsOlsrYrGKvNBIfV9HqxK4kmUtg0d0s5GSph2255Qf2fAlkImAvAmbSKk_eMZflUDOLGgV-7VseCQvPX1jXd9wAiu4wDxuzpJ1Ht9VeNi_xJjtdrjRX-tY3moiB3y1o1uDPhcJICUr67QGEcKjqsQeFqcuDVMITZpznHtVJUfGC","campaignId":"584227385334723557","expbucket":"T","ep":["ara","vue","forensics","forensics-ntd"],"bidId":"Gn4uLODGHCfXt1w5NziKWA","advertiserId":"1760708001","adId":"581125496523726534","au":"https://aes.us-west.3px.axp.amazon-adsystem.com/x/px?t=${AAX_TYPE}&bi=v1_CGvnRw8e_M60-y72UfoinXnNWUJwfp0Rrb59mWXbp7IFR9ZbqUADhxYf-V9rmm2po48X87R2lU_U7jz8Rxd_JHdKT-v_ZOqRaRxdPxgrFgfwQtsm5mAsxKY0KRSZbLX-HNPSZ02h75hJRBN_wgisHj0RZxZRW50mVQ48A_xiAUrVk6PA6w5lBwXgac-xafVjvhocbcDE2tcYTHdrJsMSe_wKhcmslMVkBRCXJ6I4kgYav5dvm_aoQU9vnF-x2FVACGb2Lf3esR05zxkkZvxhQhuZblaVzAqQfb_kwITqRKICE2-6x4iUqAq8eQnoF42I1d85oPozVIjErMPdAfmPJOxw8t1LcBQP9v8z5tc4N6VhsVdGMG-fwBu3wa0pU3qGFyNRt3vevVBUmgTJJZ2tZz9fYqr4t_xXQeRJZWNM5VRTMcZ7kwRYA0ZNspZkcXcpObiKPNrs5LD4ZHVLYmiylr84fFqCimvxEnAxJdc55oXzTSsOlsrYrGKvNBIfV9HqxK4kmUtg0d0s5GSph2255Qf2fAlkImAvAmbSKk_eMZflUDOLGgV-7VseCQvPX1jXd9wAiu4wDxuzpJ1Ht9VeNi_xJjtdrjRX-tY3moiB3y1o1uDPhcJICUr67QGEcKjqsQeFqcuDVMITZpznHtVJUfGC&c=${AAX_PAYLOAD}","is3p":true,"ntdUrl":"www.btd-cmh.tq-tungsten.com/","traffictype":"site","msrTechnique":"vpaid","pm":{"ev":["au"],"bt":["au"],"ac":["su"],"at":["su"],"av":["su"],"v":["su"],"vp":["su"]},"mediatype":"video","instrUrl":"https://aax-events-cell02-cf.us-west.3px.axp.amazon-adsystem.com/x/px/RBp-Lizgxhwn17dcOTc4ilgAAAGd-qeFywYAAAfFBEEzcHhfdHhuX2JpZDEgICAzcHhfdHhuX2ltcDEgICC_4T1q/"},"creativeCfid":"580446725286190115","vastUrl":"https://ad.doubleclick.net/ddm/pfadx/N5398.3897179AMAZONADVERTISINGPL/B34767320.435884165;sz=0x0;ord=${u.getRandomNumber()};dc_lat=;dc_rdid=;tag_for_child_directed_treatment=;tfua=;dc_tdv=1;dcmt=text/xml;dc_sdk_apis=[APIFRAMEWORKS];dc_omid_p=[OMIDPARTNER];gdpr=0;gdpr_consent=;dc_mpos=[BREAKPOSITION];ltd=","iconsElem":"<Icons> <Icon program=\"adchoices\" width=\"15\" height=\"15\" xPosition=\"left\" yPosition=\"top\"> <StaticResource creativeType=\"image/png\"> https://images-na.ssl-images-amazon.com/images/G/01/da/adchoices.png </StaticResource> <IconClicks> <IconClickThrough> https://www.amazon.com/adprefs/ref=third_party_video_{%creative_cfid} </IconClickThrough> </IconClicks> </Icon> </Icons>","vpaidVersion":"2.0","vu":"https://ts.amazon-adsystem.com/?s=%7B%22sourceid%22%3A%221989%22%2C%22expname%22%3A%22UNITAG_VIDEO_ROLLOUT_5486%22%2C%22expbucket%22%3A%22T%22%2C%22sourcetype%22%3A%22rtb%22%2C%22traffictype%22%3A%22site%22%2C%22msrTechnique%22%3A%22vpaid%22%2C%22mediatype%22%3A%22video%22%7D&p=%7B%22bidRequestId%22%3A%225G2NvpN5cug63uqZcDOLqA%22%2C%22srcName%22%3A%22CS%22%2C%22su%22%3A%22https%3A%2F%2Faax-events-cell02-cf.us-west.3px.axp.amazon-adsystem.com%2Fx%2Fpx%2FRBp-Lizgxhwn17dcOTc4ilgAAAGd-qeFywYAAAfFBEEzcHhfdHhuX2JpZDEgICAzcHhfdHhuX2ltcDEgICC_4T1q%2F%3Ft%3D%2524%257BAAX_TYPE%257D%26p%3D%2524%257BAAX_PAYLOAD%257D%26bx%3Dv1_CGvnRw8e_M60-y72UfoinXnNWUJwfp0Rrb59mWXbp7IFR9ZbqUADhxYf-V9rmm2po48X87R2lU_U7jz8Rxd_JHdKT-v_ZOqRaRxdPxgrFgfwQtsm5mAsxKY0KRSZbLX-HNPSZ02h75hJRBN_wgisHj0RZxZRW50mVQ48A_xiAUrVk6PA6w5lBwXgac-xafVjvhocbcDE2tcYTHdrJsMSe_wKhcmslMVkBRCXJ6I4kgYav5dvm_aoQU9vnF-x2FVACGb2Lf3esR05zxkkZvxhQhuZblaVzAqQfb_kwITqRKICE2-6x4iUqAq8eQnoF42I1d85oPozVIjErMPdAfmPJOxw8t1LcBQP9v8z5tc4N6VhsVdGMG-fwBu3wa0pU3qGFyNRt3vevVBUmgTJJZ2tZz9fYqr4t_xXQeRJZWNM5VRTMcZ7kwRYA0ZNspZkcXcpObiKPNrs5LD4ZHVLYmiylr84fFqCimvxEnAxJdc55oXzTSsOlsrYrGKvNBIfV9HqxK4kmUtg0d0s5GSph2255Qf2fAlkImAvAmbSKk_eMZflUDOLGgV-7VseCQvPX1jXd9wAiu4wDxuzpJ1Ht9VeNi_xJjtdrjRX-tY3moiB3y1o1uDPhcJICUr67QGEcKjqsQeFqcuDVMITZpznHtVJUfGC%22%2C%22campaignId%22%3A%22584227385334723557%22%2C%22ep%22%3A%5B%22ara%22%2C%22vue%22%2C%22forensics%22%2C%22forensics-ntd%22%5D%2C%22creativeId%22%3A%22580446725286190115%22%2C%22bidId%22%3A%22Gn4uLODGHCfXt1w5NziKWA%22%2C%22advertiserId%22%3A%221760708001%22%2C%22clickDestnUrl%22%3A%22https%3A%2F%2Fwww.allstate.com%2F%22%2C%22evet%22%3A%220%22%2C%22tungstenCSMLoggingFrameworkUrl%22%3A%22tungsten-service.prod.na.adsqtungsten.a9.amazon.dev%2Fcsm%2F%22%2C%22adId%22%3A%22581125496523726534%22%2C%22au%22%3A%22https%3A%2F%2Faes.us-west.3px.axp.amazon-adsystem.com%2Fx%2Fpx%3Ft%3D%24%7BAAX_TYPE%7D%26bi%3Dv1_CGvnRw8e_M60-y72UfoinXnNWUJwfp0Rrb59mWXbp7IFR9ZbqUADhxYf-V9rmm2po48X87R2lU_U7jz8Rxd_JHdKT-v_ZOqRaRxdPxgrFgfwQtsm5mAsxKY0KRSZbLX-HNPSZ02h75hJRBN_wgisHj0RZxZRW50mVQ48A_xiAUrVk6PA6w5lBwXgac-xafVjvhocbcDE2tcYTHdrJsMSe_wKhcmslMVkBRCXJ6I4kgYav5dvm_aoQU9vnF-x2FVACGb2Lf3esR05zxkkZvxhQhuZblaVzAqQfb_kwITqRKICE2-6x4iUqAq8eQnoF42I1d85oPozVIjErMPdAfmPJOxw8t1LcBQP9v8z5tc4N6VhsVdGMG-fwBu3wa0pU3qGFyNRt3vevVBUmgTJJZ2tZz9fYqr4t_xXQeRJZWNM5VRTMcZ7kwRYA0ZNspZkcXcpObiKPNrs5LD4ZHVLYmiylr84fFqCimvxEnAxJdc55oXzTSsOlsrYrGKvNBIfV9HqxK4kmUtg0d0s5GSph2255Qf2fAlkImAvAmbSKk_eMZflUDOLGgV-7VseCQvPX1jXd9wAiu4wDxuzpJ1Ht9VeNi_xJjtdrjRX-tY3moiB3y1o1uDPhcJICUr67QGEcKjqsQeFqcuDVMITZpznHtVJUfGC%26c%3D%24%7BAAX_PAYLOAD%7D%22%2C%22zone%22%3A%22US-PDX%22%2C%22is3p%22%3Atrue%2C%22ntdUrl%22%3A%22www.btd-cmh.tq-tungsten.com%2F%22%2C%22pm%22%3A%7B%22ev%22%3A%5B%22au%22%5D%2C%22bt%22%3A%5B%22au%22%5D%2C%22ac%22%3A%5B%22su%22%5D%2C%22at%22%3A%5B%22su%22%5D%2C%22av%22%3A%5B%22su%22%5D%2C%22v%22%3A%5B%22su%22%5D%2C%22vp%22%3A%5B%22su%22%5D%7D%2C%22instrUrl%22%3A%22https%3A%2F%2Faax-events-cell02-cf.us-west.3px.axp.amazon-adsystem.com%2Fx%2Fpx%2FRBp-Lizgxhwn17dcOTc4ilgAAAGd-qeFywYAAAfFBEEzcHhfdHhuX2JpZDEgICAzcHhfdHhuX2ltcDEgICC_4T1q%2F%22%7D"} @ https://c.amazon-adsystem.com/bao-csm/webvideo/3p/amzn_vpaid_wrapper.js:0
[ 4313145ms] [ERROR] Access to fetch at 'https://ara.paa-reporting-advertising.amazon/register-source?eventType=view&lineId=586937991971157033&advertiserId=1760708001&bidId=UWpMfu77kuy.C1fRPDoV6Q&campaignId=580018877163603708&destination=https%3A%2F%2Fwww.allstate.com%2F&creativeId=591675168685516112&is3p=true&sourceName=CS' from origin 'null' has been blocked by CORS policy: The value of the 'Access-Control-Allow-Origin' header in the response must not be the wildcard '*' when the request's credentials mode is 'include'. @ about:srcdoc:0
[ 4313145ms] [ERROR] Failed to load resource: net::ERR_FAILED @ https://ara.paa-reporting-advertising.amazon/register-source?eventType=view&lineId=586937991971157033&advertiserId=1760708001&bidId=UWpMfu77kuy.C1fRPDoV6Q&campaignId=580018877163603708&destination=https%3A%2F%2Fwww.allstate.com%2F&creativeId=591675168685516112&is3p=true&sourceName=CS:0
[ 4330517ms] [ERROR] Access to fetch at 'https://ara.paa-reporting-advertising.amazon/register-source?eventType=view&lineId=586937991971157033&advertiserId=1760708001&bidId=uqsn5Xh6ho7NQTfduoinSA&campaignId=580018877163603708&destination=https%3A%2F%2Fwww.allstate.com%2F&creativeId=591675168685516112&is3p=true&sourceName=CS' from origin 'null' has been blocked by CORS policy: The value of the 'Access-Control-Allow-Origin' header in the response must not be the wildcard '*' when the request's credentials mode is 'include'. @ about:srcdoc:0
[ 4330517ms] [ERROR] Failed to load resource: net::ERR_FAILED @ https://ara.paa-reporting-advertising.amazon/register-source?eventType=view&lineId=586937991971157033&advertiserId=1760708001&bidId=uqsn5Xh6ho7NQTfduoinSA&campaignId=580018877163603708&destination=https%3A%2F%2Fwww.allstate.com%2F&creativeId=591675168685516112&is3p=true&sourceName=CS:0
[ 4345391ms] [LOG] EVENT:  MessageEvent @ :8
[ 4345391ms] [LOG] EVENT:  MessageEvent @ :8
[ 4345407ms] [LOG] EVENT:  MessageEvent @ :8
[ 4345428ms] [LOG] EVENT:  MessageEvent @ :8
[ 4345428ms] [LOG] EVENT:  MessageEvent @ :8
[ 4275102ms] [ERROR] Attestation check for Shared Storage on https://securepubads.g.doubleclick.net failed. @ https://imasdk.googleapis.com/js/core/bridge3.761.0_en.html#deid=%22%22&eventfe_experiment_ids=%5B%5D&fid=%22goog_237198121%22&genotype_experiment_data=%7B%22experimentStateProto%22%3A%22%5B%5B%5B45713128%2Cnull%2Cnull%2C%5B%5D%5D%2C%5Bnull%2C745150931%2Cnull%2C%5Bnull%2C1%5D%5D%2C%5Bnull%2C749060184%2Cnull%2C%5Bnull%2C128%5D%5D%2C%5B841585769%2Cnull%2Cnull%2C%5B1%5D%5D%2C%5B45761044%2Cnull%2Cnull%2C%5B%5D%5D%2C%5B45722344%2Cnull%2Cnull%2C%5B%5D%5D%2C%5B45706017%2Cnull%2Cnull%2C%5B1%5D%5D%2C%5B45774999%2Cnull%2Cnull%2C%5B%5D%5D%2C%5B45776042%2Cnull%2Cnull%2C%5B%5D%5D%2C%5B45668885%2Cnull%2Cnull%2C%5B%5D%5D%2C%5B45685340%2Cnull%2Cnull%2C%5B%5D%5D%2C%5B45765927%2Cnull%2Cnull%2C%5B%5D%5D%2C%5B45734716%2Cnull%2Cnull%2C%5B%5D%5D%2C%5B45735891%2Cnull%2Cnull%2C%5B%5D%5D%2C%5B45663239%2Cnull%2Cnull%2C%5B%5D%5D%2C%5B45715032%2Cnull%2Cnull%2C%5B1%5D%5D%2C%5B45661356%2Cnull%2Cnull%2C%5B%5D%5D%2C%5B839547366%2Cnull%2Cnull%2C%5B1%5D%5D%2C%5B45676441%2Cnull%2Cnull%2C%5B%5D%5D%2C%5Bnull%2C45645574%2Cnull%2C%5B%5D%5D%2C%5B45688859%2Cnull%2Cnull%2C%5B%5D%5D%2C%5B45656766%2Cnull%2Cnull%2C%5B%5D%5D%2C%5B45710689%2Cnull%2Cnull%2C%5B%5D%5D%2C%5B45710688%2Cnull%2Cnull%2C%5B1%5D%5D%2C%5B45685601%2Cnull%2Cnull%2C%5B%5D%5D%2C%5Bnull%2C45685602%2Cnull%2C%5Bnull%2C500%5D%5D%2C%5Bnull%2C45767902%2Cnull%2C%5Bnull%2C500%5D%5D%2C%5B45756824%2Cnull%2Cnull%2C%5B%5D%5D%2C%5B45747172%2Cnull%2Cnull%2C%5B%5D%5D%2C%5B775241416%2Cnull%2Cnull%2C%5B%5D%5D%2C%5B781107959%2Cnull%2Cnull%2C%5B%5D%5D%2C%5B781107958%2Cnull%2Cnull%2C%5B%5D%5D%2C%5B792614055%2Cnull%2Cnull%2C%5B%5D%5D%2C%5B781107957%2Cnull%2Cnull%2C%5B%5D%5D%2C%5B45729602%2Cnull%2Cnull%2C%5B%5D%5D%2C%5B45753603%2Cnull%2Cnull%2C%5B%5D%5D%2C%5B45753604%2Cnull%2Cnull%2C%5B%5D%5D%5D%2C%5B%5B16%2C%5B%5B1%2C%5B%5B31089630%5D%2C%5B31089631%2C%5B%5B45668885%2Cnull%2Cnull%2C%5B1%5D%5D%5D%5D%5D%5D%2C%5B10%2C%5B%5B31097690%5D%2C%5B31097691%2C%5B%5B846355750%2Cnull%2Cnull%2C%5B1%5D%5D%5D%5D%5D%5D%2C%5B1000%2C%5B%5B95332046%5D%5D%5D%2C%5Bnull%2C%5B%5B95332047%5D%5D%5D%2C%5B10%2C%5B%5B95338769%2C%5B%5Bnull%2C45645574%2Cnull%2C%5Bnull%2C1%5D%5D%5D%5D%2C%5B95338770%2C%5B%5Bnull%2C45645574%2Cnull%2C%5Bnull%2C2%5D%5D%5D%5D%5D%5D%2C%5B50%2C%5B%5B95345206%5D%2C%5B95345207%2C%5B%5B45661356%2Cnull%2Cnull%2C%5B1%5D%5D%5D%5D%5D%5D%2C%5B1%2C%5B%5B95351425%5D%2C%5B95351426%2C%5B%5B45676441%2Cnull%2Cnull%2C%5B1%5D%5D%5D%5D%5D%5D%2C%5B1%2C%5B%5B95373378%2C%5B%5B792614055%2Cnull%2Cnull%2C%5B1%5D%5D%5D%5D%2C%5B95373379%2C%5B%5B45747172%2Cnull%2Cnull%2C%5B1%5D%5D%2C%5B781107959%2Cnull%2Cnull%2C%5B1%5D%5D%2C%5B792614055%2Cnull%2Cnull%2C%5B1%5D%5D%2C%5B781107957%2Cnull%2Cnull%2C%5B1%5D%5D%5D%5D%5D%5D%2C%5B10%2C%5B%5B95378629%5D%2C%5B95378630%2C%5B%5B45729602%2Cnull%2Cnull%2C%5B1%5D%5D%5D%5D%2C%5B95381582%2C%5B%5B45729602%2Cnull%2Cnull%2C%5B1%5D%5D%2C%5B45753603%2Cnull%2Cnull%2C%5B1%5D%5D%5D%5D%2C%5B95381583%2C%5B%5B45729602%2Cnull%2Cnull%2C%5B1%5D%5D%2C%5B45753604%2Cnull%2Cnull%2C%5B1%5D%5D%5D%5D%5D%5D%2C%5B50%2C%5B%5B95382403%5D%2C%5B95386528%2C%5B%5Bnull%2C45767902%2Cnull%2C%5B%5D%5D%2C%5B45756824%2Cnull%2Cnull%2C%5B1%5D%5D%5D%5D%5D%5D%2C%5B10%2C%5B%5B95385193%5D%2C%5B95385194%2C%5B%5B45765927%2Cnull%2Cnull%2C%5B1%5D%5D%5D%5D%5D%5D%2C%5B100%2C%5B%5B95387816%5D%2C%5B95387817%2C%5B%5B45774999%2Cnull%2Cnull%2C%5B1%5D%5D%5D%5D%5D%5D%2C%5B10%2C%5B%5B95389581%5D%2C%5B95389582%2C%5B%5B635466687%2Cnull%2Cnull%2C%5B1%5D%5D%5D%5D%5D%5D%5D%5D%5D%2Cnull%2Cnull%2C%5Bnull%2C1000%2C1%2C1000%5D%5D%22%7D&imalib_experiments=%5B420706098%2C95322027%2C95331589%2C95332046%2C95386528%5D&is_eap_loader=false&managed_js_experiment_id=0&page_correlator=1882649422201853&pvsid=5986195056770879&top_accessible_page_url=%22https%3A%2F%2Fmediatakeout.com%2Fteyana-taylor-throws-awazing-pre-met-gala-party-nia-gabrielle-lala-more%2F%22:0
[ 4275689ms] [ERROR] Attestation check for Shared Storage on https://securepubads.g.doubleclick.net failed. @ https://imasdk.googleapis.com/js/core/bridge3.761.0_en.html#deid=%22%22&eventfe_experiment_ids=%5B%5D&fid=%22goog_14223597%22&genotype_experiment_data=%7B%22experimentStateProto%22%3A%22%5B%5B%5B45713128%2Cnull%2Cnull%2C%5B%5D%5D%2C%5Bnull%2C745150931%2Cnull%2C%5Bnull%2C1%5D%5D%2C%5Bnull%2C749060184%2Cnull%2C%5Bnull%2C128%5D%5D%2C%5B841585769%2Cnull%2Cnull%2C%5B1%5D%5D%2C%5B45761044%2Cnull%2Cnull%2C%5B%5D%5D%2C%5B45722344%2Cnull%2Cnull%2C%5B%5D%5D%2C%5B45706017%2Cnull%2Cnull%2C%5B1%5D%5D%2C%5B45774999%2Cnull%2Cnull%2C%5B%5D%5D%2C%5B45776042%2Cnull%2Cnull%2C%5B%5D%5D%2C%5B45668885%2Cnull%2Cnull%2C%5B%5D%5D%2C%5B45685340%2Cnull%2Cnull%2C%5B%5D%5D%2C%5B45765927%2Cnull%2Cnull%2C%5B%5D%5D%2C%5B45734716%2Cnull%2Cnull%2C%5B%5D%5D%2C%5B45735891%2Cnull%2Cnull%2C%5B%5D%5D%2C%5B45663239%2Cnull%2Cnull%2C%5B%5D%5D%2C%5B45715032%2Cnull%2Cnull%2C%5B1%5D%5D%2C%5B45661356%2Cnull%2Cnull%2C%5B%5D%5D%2C%5B839547366%2Cnull%2Cnull%2C%5B1%5D%5D%2C%5B45676441%2Cnull%2Cnull%2C%5B%5D%5D%2C%5Bnull%2C45645574%2Cnull%2C%5B%5D%5D%2C%5B45688859%2Cnull%2Cnull%2C%5B%5D%5D%2C%5B45656766%2Cnull%2Cnull%2C%5B%5D%5D%2C%5B45710689%2Cnull%2Cnull%2C%5B%5D%5D%2C%5B45710688%2Cnull%2Cnull%2C%5B1%5D%5D%2C%5B45685601%2Cnull%2Cnull%2C%5B%5D%5D%2C%5Bnull%2C45685602%2Cnull%2C%5Bnull%2C500%5D%5D%2C%5Bnull%2C45767902%2Cnull%2C%5Bnull%2C500%5D%5D%2C%5B45756824%2Cnull%2Cnull%2C%5B%5D%5D%2C%5B45747172%2Cnull%2Cnull%2C%5B%5D%5D%2C%5B775241416%2Cnull%2Cnull%2C%5B%5D%5D%2C%5B781107959%2Cnull%2Cnull%2C%5B%5D%5D%2C%5B781107958%2Cnull%2Cnull%2C%5B%5D%5D%2C%5B792614055%2Cnull%2Cnull%2C%5B%5D%5D%2C%5B781107957%2Cnull%2Cnull%2C%5B%5D%5D%2C%5B45729602%2Cnull%2Cnull%2C%5B%5D%5D%2C%5B45753603%2Cnull%2Cnull%2C%5B%5D%5D%2C%5B45753604%2Cnull%2Cnull%2C%5B%5D%5D%5D%2C%5B%5B16%2C%5B%5B1%2C%5B%5B31089630%5D%2C%5B31089631%2C%5B%5B45668885%2Cnull%2Cnull%2C%5B1%5D%5D%5D%5D%5D%5D%2C%5B10%2C%5B%5B31097690%5D%2C%5B31097691%2C%5B%5B846355750%2Cnull%2Cnull%2C%5B1%5D%5D%5D%5D%5D%5D%2C%5B1000%2C%5B%5B95332046%5D%5D%5D%2C%5Bnull%2C%5B%5B95332047%5D%5D%5D%2C%5B10%2C%5B%5B95338769%2C%5B%5Bnull%2C45645574%2Cnull%2C%5Bnull%2C1%5D%5D%5D%5D%2C%5B95338770%2C%5B%5Bnull%2C45645574%2Cnull%2C%5Bnull%2C2%5D%5D%5D%5D%5D%5D%2C%5B50%2C%5B%5B95345206%5D%2C%5B95345207%2C%5B%5B45661356%2Cnull%2Cnull%2C%5B1%5D%5D%5D%5D%5D%5D%2C%5B1%2C%5B%5B95351425%5D%2C%5B95351426%2C%5B%5B45676441%2Cnull%2Cnull%2C%5B1%5D%5D%5D%5D%5D%5D%2C%5B1%2C%5B%5B95373378%2C%5B%5B792614055%2Cnull%2Cnull%2C%5B1%5D%5D%5D%5D%2C%5B95373379%2C%5B%5B45747172%2Cnull%2Cnull%2C%5B1%5D%5D%2C%5B781107959%2Cnull%2Cnull%2C%5B1%5D%5D%2C%5B792614055%2Cnull%2Cnull%2C%5B1%5D%5D%2C%5B781107957%2Cnull%2Cnull%2C%5B1%5D%5D%5D%5D%5D%5D%2C%5B10%2C%5B%5B95378629%5D%2C%5B95378630%2C%5B%5B45729602%2Cnull%2Cnull%2C%5B1%5D%5D%5D%5D%2C%5B95381582%2C%5B%5B45729602%2Cnull%2Cnull%2C%5B1%5D%5D%2C%5B45753603%2Cnull%2Cnull%2C%5B1%5D%5D%5D%5D%2C%5B95381583%2C%5B%5B45729602%2Cnull%2Cnull%2C%5B1%5D%5D%2C%5B45753604%2Cnull%2Cnull%2C%5B1%5D%5D%5D%5D%5D%5D%2C%5B50%2C%5B%5B95382403%5D%2C%5B95386528%2C%5B%5Bnull%2C45767902%2Cnull%2C%5B%5D%5D%2C%5B45756824%2Cnull%2Cnull%2C%5B1%5D%5D%5D%5D%5D%5D%2C%5B10%2C%5B%5B95385193%5D%2C%5B95385194%2C%5B%5B45765927%2Cnull%2Cnull%2C%5B1%5D%5D%5D%5D%5D%5D%2C%5B100%2C%5B%5B95387816%5D%2C%5B95387817%2C%5B%5B45774999%2Cnull%2Cnull%2C%5B1%5D%5D%5D%5D%5D%5D%2C%5B10%2C%5B%5B95389581%5D%2C%5B95389582%2C%5B%5B635466687%2Cnull%2Cnull%2C%5B1%5D%5D%5D%5D%5D%5D%5D%5D%5D%2Cnull%2Cnull%2C%5Bnull%2C1000%2C1%2C1000%5D%5D%22%7D&imalib_experiments=%5B95322027%2C95331589%2C95332046%2C95386528%5D&is_eap_loader=false&managed_js_experiment_id=0&page_correlator=1482781370534597&pvsid=5986195056770879&top_accessible_page_url=%22https%3A%2F%2Fmediatakeout.com%2Fteyana-taylor-throws-awazing-pre-met-gala-party-nia-gabrielle-lala-more%2F%22:0
[ 4292133ms] [ERROR] Attestation check for Shared Storage on https://securepubads.g.doubleclick.net failed. @ https://imasdk.googleapis.com/js/core/bridge3.761.0_en.html#deid=%22%22&eventfe_experiment_ids=%5B%5D&fid=%22goog_237198123%22&genotype_experiment_data=%7B%22experimentStateProto%22%3A%22%5B%5B%5B45713128%2Cnull%2Cnull%2C%5B%5D%5D%2C%5Bnull%2C745150931%2Cnull%2C%5Bnull%2C1%5D%5D%2C%5Bnull%2C749060184%2Cnull%2C%5Bnull%2C128%5D%5D%2C%5B841585769%2Cnull%2Cnull%2C%5B1%5D%5D%2C%5B45761044%2Cnull%2Cnull%2C%5B%5D%5D%2C%5B45722344%2Cnull%2Cnull%2C%5B%5D%5D%2C%5B45706017%2Cnull%2Cnull%2C%5B1%5D%5D%2C%5B45774999%2Cnull%2Cnull%2C%5B%5D%5D%2C%5B45776042%2Cnull%2Cnull%2C%5B%5D%5D%2C%5B45668885%2Cnull%2Cnull%2C%5B%5D%5D%2C%5B45685340%2Cnull%2Cnull%2C%5B%5D%5D%2C%5B45765927%2Cnull%2Cnull%2C%5B%5D%5D%2C%5B45734716%2Cnull%2Cnull%2C%5B%5D%5D%2C%5B45735891%2Cnull%2Cnull%2C%5B%5D%5D%2C%5B45663239%2Cnull%2Cnull%2C%5B%5D%5D%2C%5B45715032%2Cnull%2Cnull%2C%5B1%5D%5D%2C%5B45661356%2Cnull%2Cnull%2C%5B%5D%5D%2C%5B839547366%2Cnull%2Cnull%2C%5B1%5D%5D%2C%5B45676441%2Cnull%2Cnull%2C%5B%5D%5D%2C%5Bnull%2C45645574%2Cnull%2C%5B%5D%5D%2C%5B45688859%2Cnull%2Cnull%2C%5B%5D%5D%2C%5B45656766%2Cnull%2Cnull%2C%5B%5D%5D%2C%5B45710689%2Cnull%2Cnull%2C%5B%5D%5D%2C%5B45710688%2Cnull%2Cnull%2C%5B1%5D%5D%2C%5B45685601%2Cnull%2Cnull%2C%5B%5D%5D%2C%5Bnull%2C45685602%2Cnull%2C%5Bnull%2C500%5D%5D%2C%5Bnull%2C45767902%2Cnull%2C%5Bnull%2C500%5D%5D%2C%5B45756824%2Cnull%2Cnull%2C%5B%5D%5D%2C%5B45747172%2Cnull%2Cnull%2C%5B%5D%5D%2C%5B775241416%2Cnull%2Cnull%2C%5B%5D%5D%2C%5B781107959%2Cnull%2Cnull%2C%5B%5D%5D%2C%5B781107958%2Cnull%2Cnull%2C%5B%5D%5D%2C%5B792614055%2Cnull%2Cnull%2C%5B%5D%5D%2C%5B781107957%2Cnull%2Cnull%2C%5B%5D%5D%2C%5B45729602%2Cnull%2Cnull%2C%5B%5D%5D%2C%5B45753603%2Cnull%2Cnull%2C%5B%5D%5D%2C%5B45753604%2Cnull%2Cnull%2C%5B%5D%5D%5D%2C%5B%5B16%2C%5B%5B1%2C%5B%5B31089630%5D%2C%5B31089631%2C%5B%5B45668885%2Cnull%2Cnull%2C%5B1%5D%5D%5D%5D%5D%5D%2C%5B10%2C%5B%5B31097690%5D%2C%5B31097691%2C%5B%5B846355750%2Cnull%2Cnull%2C%5B1%5D%5D%5D%5D%5D%5D%2C%5B1000%2C%5B%5B95332046%5D%5D%5D%2C%5Bnull%2C%5B%5B95332047%5D%5D%5D%2C%5B10%2C%5B%5B95338769%2C%5B%5Bnull%2C45645574%2Cnull%2C%5Bnull%2C1%5D%5D%5D%5D%2C%5B95338770%2C%5B%5Bnull%2C45645574%2Cnull%2C%5Bnull%2C2%5D%5D%5D%5D%5D%5D%2C%5B50%2C%5B%5B95345206%5D%2C%5B95345207%2C%5B%5B45661356%2Cnull%2Cnull%2C%5B1%5D%5D%5D%5D%5D%5D%2C%5B1%2C%5B%5B95351425%5D%2C%5B95351426%2C%5B%5B45676441%2Cnull%2Cnull%2C%5B1%5D%5D%5D%5D%5D%5D%2C%5B1%2C%5B%5B95373378%2C%5B%5B792614055%2Cnull%2Cnull%2C%5B1%5D%5D%5D%5D%2C%5B95373379%2C%5B%5B45747172%2Cnull%2Cnull%2C%5B1%5D%5D%2C%5B781107959%2Cnull%2Cnull%2C%5B1%5D%5D%2C%5B792614055%2Cnull%2Cnull%2C%5B1%5D%5D%2C%5B781107957%2Cnull%2Cnull%2C%5B1%5D%5D%5D%5D%5D%5D%2C%5B10%2C%5B%5B95378629%5D%2C%5B95378630%2C%5B%5B45729602%2Cnull%2Cnull%2C%5B1%5D%5D%5D%5D%2C%5B95381582%2C%5B%5B45729602%2Cnull%2Cnull%2C%5B1%5D%5D%2C%5B45753603%2Cnull%2Cnull%2C%5B1%5D%5D%5D%5D%2C%5B95381583%2C%5B%5B45729602%2Cnull%2Cnull%2C%5B1%5D%5D%2C%5B45753604%2Cnull%2Cnull%2C%5B1%5D%5D%5D%5D%5D%5D%2C%5B50%2C%5B%5B95382403%5D%2C%5B95386528%2C%5B%5Bnull%2C45767902%2Cnull%2C%5B%5D%5D%2C%5B45756824%2Cnull%2Cnull%2C%5B1%5D%5D%5D%5D%5D%5D%2C%5B10%2C%5B%5B95385193%5D%2C%5B95385194%2C%5B%5B45765927%2Cnull%2Cnull%2C%5B1%5D%5D%5D%5D%5D%5D%2C%5B100%2C%5B%5B95387816%5D%2C%5B95387817%2C%5B%5B45774999%2Cnull%2Cnull%2C%5B1%5D%5D%5D%5D%5D%5D%2C%5B10%2C%5B%5B95389581%5D%2C%5B95389582%2C%5B%5B635466687%2Cnull%2Cnull%2C%5B1%5D%5D%5D%5D%5D%5D%5D%5D%5D%2Cnull%2Cnull%2C%5Bnull%2C1000%2C1%2C1000%5D%5D%22%7D&imalib_experiments=%5B420706098%2C95322027%2C95331589%2C95332046%2C95386528%5D&is_eap_loader=false&managed_js_experiment_id=0&page_correlator=3648945635837611&pvsid=5986195056770879&top_accessible_page_url=%22https%3A%2F%2Fmediatakeout.com%2Fteyana-taylor-throws-awazing-pre-met-gala-party-nia-gabrielle-lala-more%2F%22:0
[ 4345498ms] [LOG] EVENT:  MessageEvent @ :8
[ 4345498ms] [LOG] EVENT:  MessageEvent @ :8
[ 4345499ms] [LOG] EVENT:  MessageEvent @ :8
[ 4345499ms] [LOG] EVENT:  MessageEvent @ :8
[ 4345499ms] [LOG] EVENT:  MessageEvent @ :8
[ 4345500ms] [LOG] EVENT:  MessageEvent @ :8
[ 4345500ms] [LOG] EVENT:  MessageEvent @ :8
[ 4345500ms] [LOG] EVENT:  MessageEvent @ :8
[ 4345600ms] [LOG] EVENT:  MessageEvent @ :8
[ 4345702ms] [LOG] EVENT:  MessageEvent @ :8
[ 4345803ms] [LOG] EVENT:  MessageEvent @ :8
[ 4345906ms] [LOG] EVENT:  MessageEvent @ :8
[ 4345906ms] [LOG] EVENT:  MessageEvent @ :8
[ 4346005ms] [LOG] EVENT:  MessageEvent @ :8
[ 4346014ms] [ERROR] Attestation check for Shared Storage on https://securepubads.g.doubleclick.net failed. @ https://imasdk.googleapis.com/js/core/bridge3.761.0_en.html#deid=%22%22&eventfe_experiment_ids=%5B%5D&fid=%22goog_905966968%22&genotype_experiment_data=%7B%22experimentStateProto%22%3A%22%5B%5B%5B45713128%2Cnull%2Cnull%2C%5B%5D%5D%2C%5Bnull%2C745150931%2Cnull%2C%5Bnull%2C1%5D%5D%2C%5Bnull%2C749060184%2Cnull%2C%5Bnull%2C128%5D%5D%2C%5B841585769%2Cnull%2Cnull%2C%5B1%5D%5D%2C%5B45761044%2Cnull%2Cnull%2C%5B%5D%5D%2C%5B45722344%2Cnull%2Cnull%2C%5B%5D%5D%2C%5B45706017%2Cnull%2Cnull%2C%5B1%5D%5D%2C%5B45774999%2Cnull%2Cnull%2C%5B%5D%5D%2C%5B45776042%2Cnull%2Cnull%2C%5B%5D%5D%2C%5B45668885%2Cnull%2Cnull%2C%5B%5D%5D%2C%5B45685340%2Cnull%2Cnull%2C%5B%5D%5D%2C%5B45765927%2Cnull%2Cnull%2C%5B%5D%5D%2C%5B45734716%2Cnull%2Cnull%2C%5B%5D%5D%2C%5B45735891%2Cnull%2Cnull%2C%5B%5D%5D%2C%5B45663239%2Cnull%2Cnull%2C%5B%5D%5D%2C%5B45715032%2Cnull%2Cnull%2C%5B1%5D%5D%2C%5B45661356%2Cnull%2Cnull%2C%5B%5D%5D%2C%5B839547366%2Cnull%2Cnull%2C%5B1%5D%5D%2C%5B45676441%2Cnull%2Cnull%2C%5B%5D%5D%2C%5Bnull%2C45645574%2Cnull%2C%5B%5D%5D%2C%5B45688859%2Cnull%2Cnull%2C%5B%5D%5D%2C%5B45656766%2Cnull%2Cnull%2C%5B%5D%5D%2C%5B45710689%2Cnull%2Cnull%2C%5B%5D%5D%2C%5B45710688%2Cnull%2Cnull%2C%5B1%5D%5D%2C%5B45685601%2Cnull%2Cnull%2C%5B%5D%5D%2C%5Bnull%2C45685602%2Cnull%2C%5Bnull%2C500%5D%5D%2C%5Bnull%2C45767902%2Cnull%2C%5Bnull%2C500%5D%5D%2C%5B45756824%2Cnull%2Cnull%2C%5B%5D%5D%2C%5B45747172%2Cnull%2Cnull%2C%5B%5D%5D%2C%5B775241416%2Cnull%2Cnull%2C%5B%5D%5D%2C%5B781107959%2Cnull%2Cnull%2C%5B%5D%5D%2C%5B781107958%2Cnull%2Cnull%2C%5B%5D%5D%2C%5B792614055%2Cnull%2Cnull%2C%5B%5D%5D%2C%5B781107957%2Cnull%2Cnull%2C%5B%5D%5D%2C%5B45729602%2Cnull%2Cnull%2C%5B%5D%5D%2C%5B45753603%2Cnull%2Cnull%2C%5B%5D%5D%2C%5B45753604%2Cnull%2Cnull%2C%5B%5D%5D%5D%2C%5B%5B16%2C%5B%5B1%2C%5B%5B31089630%5D%2C%5B31089631%2C%5B%5B45668885%2Cnull%2Cnull%2C%5B1%5D%5D%5D%5D%5D%5D%2C%5B10%2C%5B%5B31097690%5D%2C%5B31097691%2C%5B%5B846355750%2Cnull%2Cnull%2C%5B1%5D%5D%5D%5D%5D%5D%2C%5B1000%2C%5B%5B95332046%5D%5D%5D%2C%5Bnull%2C%5B%5B95332047%5D%5D%5D%2C%5B10%2C%5B%5B95338769%2C%5B%5Bnull%2C45645574%2Cnull%2C%5Bnull%2C1%5D%5D%5D%5D%2C%5B95338770%2C%5B%5Bnull%2C45645574%2Cnull%2C%5Bnull%2C2%5D%5D%5D%5D%5D%5D%2C%5B50%2C%5B%5B95345206%5D%2C%5B95345207%2C%5B%5B45661356%2Cnull%2Cnull%2C%5B1%5D%5D%5D%5D%5D%5D%2C%5B1%2C%5B%5B95351425%5D%2C%5B95351426%2C%5B%5B45676441%2Cnull%2Cnull%2C%5B1%5D%5D%5D%5D%5D%5D%2C%5B1%2C%5B%5B95373378%2C%5B%5B792614055%2Cnull%2Cnull%2C%5B1%5D%5D%5D%5D%2C%5B95373379%2C%5B%5B45747172%2Cnull%2Cnull%2C%5B1%5D%5D%2C%5B781107959%2Cnull%2Cnull%2C%5B1%5D%5D%2C%5B792614055%2Cnull%2Cnull%2C%5B1%5D%5D%2C%5B781107957%2Cnull%2Cnull%2C%5B1%5D%5D%5D%5D%5D%5D%2C%5B10%2C%5B%5B95378629%5D%2C%5B95378630%2C%5B%5B45729602%2Cnull%2Cnull%2C%5B1%5D%5D%5D%5D%2C%5B95381582%2C%5B%5B45729602%2Cnull%2Cnull%2C%5B1%5D%5D%2C%5B45753603%2Cnull%2Cnull%2C%5B1%5D%5D%5D%5D%2C%5B95381583%2C%5B%5B45729602%2Cnull%2Cnull%2C%5B1%5D%5D%2C%5B45753604%2Cnull%2Cnull%2C%5B1%5D%5D%5D%5D%5D%5D%2C%5B50%2C%5B%5B95382403%5D%2C%5B95386528%2C%5B%5Bnull%2C45767902%2Cnull%2C%5B%5D%5D%2C%5B45756824%2Cnull%2Cnull%2C%5B1%5D%5D%5D%5D%5D%5D%2C%5B10%2C%5B%5B95385193%5D%2C%5B95385194%2C%5B%5B45765927%2Cnull%2Cnull%2C%5B1%5D%5D%5D%5D%5D%5D%2C%5B100%2C%5B%5B95387816%5D%2C%5B95387817%2C%5B%5B45774999%2Cnull%2Cnull%2C%5B1%5D%5D%5D%5D%5D%5D%2C%5B10%2C%5B%5B95389581%5D%2C%5B95389582%2C%5B%5B635466687%2Cnull%2Cnull%2C%5B1%5D%5D%5D%5D%5D%5D%5D%5D%5D%2Cnull%2Cnull%2C%5Bnull%2C1000%2C1%2C1000%5D%5D%22%7D&imalib_experiments=%5B44752996%2C95322027%2C95331589%2C95332046%2C95345206%5D&is_eap_loader=false&managed_js_experiment_id=0&page_correlator=4311204510159722&pvsid=8195969749321899&top_accessible_page_url=%22https%3A%2F%2Fmediatakeout.com%2Fteyana-taylor-throws-awazing-pre-met-gala-party-nia-gabrielle-lala-more%2F%22:0
[ 4346015ms] [LOG] EVENT:  MessageEvent @ :8
[ 4346016ms] [LOG] EVENT:  MessageEvent @ :8
[ 4346016ms] [LOG] EVENT:  MessageEvent @ :8
[ 4346016ms] [LOG] 2026-05-06T00:19:36.877Z [LOG] [startAd] invoked @ https://c.amazon-adsystem.com/bao-csm/webvideo/3p/amzn_vpaid_wrapper.js:0
[ 4346017ms] [LOG] EVENT:  MessageEvent @ :8
[ 4346018ms] [LOG] EVENT:  MessageEvent @ :8
[ 4346018ms] [LOG] EVENT:  MessageEvent @ :8
[ 4346025ms] [LOG] EVENT:  MessageEvent @ :8
[ 4346052ms] [LOG] EVENT:  MessageEvent @ :8
[ 4346053ms] [LOG] EVENT:  MessageEvent @ :8
[ 4313145ms] [ERROR] Access to fetch at 'https://ara.paa-reporting-advertising.amazon/register-source?eventType=view&lineId=586937991971157033&advertiserId=1760708001&bidId=UWpMfu77kuy.C1fRPDoV6Q&campaignId=580018877163603708&destination=https%3A%2F%2Fwww.allstate.com%2F&creativeId=591675168685516112&is3p=true&sourceName=CS' from origin 'null' has been blocked by CORS policy: The value of the 'Access-Control-Allow-Origin' header in the response must not be the wildcard '*' when the request's credentials mode is 'include'. @ about:srcdoc:0
[ 4313145ms] [ERROR] Failed to load resource: net::ERR_FAILED @ https://ara.paa-reporting-advertising.amazon/register-source?eventType=view&lineId=586937991971157033&advertiserId=1760708001&bidId=UWpMfu77kuy.C1fRPDoV6Q&campaignId=580018877163603708&destination=https%3A%2F%2Fwww.allstate.com%2F&creativeId=591675168685516112&is3p=true&sourceName=CS:0
[ 4330517ms] [ERROR] Access to fetch at 'https://ara.paa-reporting-advertising.amazon/register-source?eventType=view&lineId=586937991971157033&advertiserId=1760708001&bidId=uqsn5Xh6ho7NQTfduoinSA&campaignId=580018877163603708&destination=https%3A%2F%2Fwww.allstate.com%2F&creativeId=591675168685516112&is3p=true&sourceName=CS' from origin 'null' has been blocked by CORS policy: The value of the 'Access-Control-Allow-Origin' header in the response must not be the wildcard '*' when the request's credentials mode is 'include'. @ about:srcdoc:0
[ 4330517ms] [ERROR] Failed to load resource: net::ERR_FAILED @ https://ara.paa-reporting-advertising.amazon/register-source?eventType=view&lineId=586937991971157033&advertiserId=1760708001&bidId=uqsn5Xh6ho7NQTfduoinSA&campaignId=580018877163603708&destination=https%3A%2F%2Fwww.allstate.com%2F&creativeId=591675168685516112&is3p=true&sourceName=CS:0
[ 4346106ms] [LOG] EVENT:  MessageEvent @ :8
[ 4346187ms] [LOG] EVENT:  MessageEvent @ :8
[ 4346188ms] [LOG] EVENT:  MessageEvent @ :8
[ 4346189ms] [LOG] EVENT:  MessageEvent @ :8
[ 4346190ms] [LOG] EVENT:  MessageEvent @ :8
[ 4346190ms] [LOG] EVENT:  MessageEvent @ :8
[ 4274931ms] [ERROR] Failed to load resource: the server responded with a status of 404 () @ https://2361416f75f94a8554974b5aa56673eb.safeframe.googlesyndication.com/safeframe/1-0-45/html/mraid.js:0
[ 4274931ms] [ERROR] Refused to execute script from 'https://2361416f75f94a8554974b5aa56673eb.safeframe.googlesyndication.com/safeframe/1-0-45/html/mraid.js' because its MIME type ('text/html') is not executable, and strict MIME type checking is enabled. @ about:srcdoc:0
[ 4334988ms] [ERROR] Failed to load resource: net::ERR_HTTP2_PROTOCOL_ERROR @ https://gpm.servicesadmedia.com/google-pixel-match?google_gid=&google_push=AXcoOmThFr9eNh5zAK6m_9t1Yqpnimnn5F_-TaISXAy4qUSXlkVBO3RbTo0zfd2k3pqx7Qty0Ur1YoMlRhQK_24HHyFwcp_vvWBPIQ:0
[ 4344498ms] [WARNING] The key "target-densitydpi" is not supported. @ https://s-static.innovid.com/mobileapps/s/js/default/24l9em?cb=8b018259-9be6-85bb-de28-1f59b73b35c4&deviceid=&ivc=cb%3D1778026764743%26ivc_cachebuster%3D1778026764743%26ivc_click_through%3Dhttps%253A%252F%252Fad-us-west.ipredictive.com%252Fd%252Ftrack%252Fclick%253Fsid%253D4d643b54-3d9d-44f7-94f4-dee4b2f85455-1%2526crid%253D24769491%2526adid%253D107875%2526oid%253D2635009%2526cid%253D543369%2526pubid%253D48%2526site_id%253D3893185370%2526auid%253D7187736%2526algid%253D11%2526offpc%253D2.3992615745116934%2526optpc%253D2.3992615745116934%2526cstpc%253D2.3992615745116934%2526xts%253D1778113164%2526pbap%253DCgczMDB4MjUwEAYaAWYqBkdvb2dsZTIGQ2hyb21lOgRPUyBYQgYyNi4zLjBSAmVuWhFQRVJTT05BTF9DT01QVVRFUmAAagZCQU5ORVKKAQItNZABAaUBLaEDQq0B9dnCwrIBBjE0NDA5M8ABAsgBAtIBBlBVQkxJQ9oBLQoNTUdOSS1BUC0yOTc1NhFwmGiQgmfzPxoFRklSU1QiBjE0NDA5MzAAQABIANoBKAoJUlAtQVAtMjQ1EXCYaJCCZ_M_GgVGSVJTVCIFMTc0ODcwAEAASADaASUKDU1HTkktQVAtMzI0NjIRcJhokIJn8z8aBUZJUlNUMABAAEgA2gEtCg1NR05JLUFQLTMyNDIzEXCYaJCCZ_M_GgVGSVJTVCIGMTQ4MTcxMABAAEgA2gElCg1NR05JLUFQLTMyNDE5EXCYaJCCZ_M_GgVGSVJTVDAAQABIANoBLQoNTUdOSS1BUC0zMDg3NBFwmGiQgmfzPxoFRklSU1QiBjE0NjYyODAAQABIANoBJQoNTUdOSS1BUC0zMjQzMRFwmGiQgmfzPxoFRklSU1QwAEAASADaAS4KDkFETC05MjYyLTAwMGVhEft0PGag8vI_GghCSURGTE9PUioDMTk3MABAAEgA2gElCg1NR05JLUFQLTMyNDYzEXCYaJCCZ_M_GgVGSVJTVDAAQABIANoBJwoIUlAtQVAtNDARcJhokIJn8z8aBUZJUlNUIgUyMjg5MjAAQABIANoBLAoNTUdOSS1BUC0xMzc0NhFwmGiQgmfzPxoFRklSU1QiBTM3NTk3MABAAEgA2gEsCg1NR05JLUFQLTI0NTE5EXCYaJCCZ_M_GgVGSVJTVCIFMjM2MTIwAEAASADaASUKDU1HTkktQVAtMzI0MzARcJhokIJn8z8aBUZJUlNUMABAAEgA2gElCg1NR05JLUFQLTMyNDIwEXCYaJCCZ_M_GgVGSVJTVDAAQABIANoBLwoQTUdOSS1NRC0xMDAtOTQ1MRFI4XoUrkf5PxoFRklSU1QiBTE3NDg3MABAAEgA-gEgNDRkZWJiYjJmODkyODMxMTAzNjM0MTM2MTg1YTAwMzmCAkZYaTE0NDg0bm9uOGdFc2F3N2hmOHJOUzYwX2RjZWhpclQ1dzM3ZWIybktMcUZ4dTZyYXB5RVZqZEp3Y1BEYU16OGVNOVlaigIMVEhJUkRQQVJUWUlEkgIKMTcyLjQuMi42M5oCAlhSoAIAsAIB8gJ1TW96aWxsYS81LjAgKE1hY2ludG9zaDsgSW50ZWwgTWFjIE9TIFggMTBfMTVfNykgQXBwbGVXZWJLaXQvNTM3LjM2IChLSFRNTCwgbGlrZSBHZWNrbykgQ2hyb21lLzE0Ny4wLjAuMCBTYWZhcmkvNTM3LjM2-gIOQ2hyb21lIERlc2t0b3CCAwU3NjE3OYoDCmZvcnQgd29ydGiSAwM2MjOaAwJUWKIDAlVTqgMCMTCxA_t0PGag8vI_wgMDNjIzygMNQVQmVCBJbnRlcm5ldNIDBHdpZmnaAxBtZWRpYXRha2VvdXQuY29t6gMoNTg2MDFkZDVkMTUwYWRkMWJhZWMwYzBjNmEyMjIzMGVhMmY1ODQxMPoDFTBiZmQ2NmQ1MjlhNTU4MDc6OTI2MrkEFK5H4XoU5j_hBCV1ApoIG-o_6gQEODkuMPIEBkNocm9tZfoEAlRYggUEMVlOWZIFBDkyNjKaBQ1NR05JLUFQLTI5NzU2ygUBMdIFKnJ1Ymljb24tdy1lYjRkZDdmNTE1YjExNmE2NmE4YzRiMGZlNmRmNTRiZvAFAoAGAZkGoHwhsbgTuj-iBgoxNzIuNC4yLjYzqQYAAAAAAACwP9AGAOIGOgoIQURFTFBISUMSJDE5MDkzNTI1LWI2MDUtNGM1MC1hMDBiLWVlOTVkYzJkMDdkZRoIQURFTFBISUPpBgAAAAAAAAAAggdeCgxUSElSRFBBUlRZSUQSRlhpMTQ0ODRub244Z0VzYXc3aGY4ck5TNjBfZGNlaGlyVDV3MzdlYjJuS0xxRnh1NnJhcHlFVmpkSndjUERhTXo4ZU05WVoaBlJBTVBJRIoHBlJBTVBJRLgHAcAHANoHCkJJRFJFUVVFU1TiBy01NDc6NTEwMDY0MzgsZXZpZG9uOiw1Mjk6MTQ5MTI0NSw1MzI6ODIwMzExNzDqBxkzNV81Mjk6MTQ5Mzc1MSwwX2V2aWRvbjow-AcCgAgAmghGWGkxNDQ4NG5vbjhnRXNhdzdoZjhyTlM2MF9kY2VoaXJUNXczN2ViMm5LTHFGeHU2cmFweUVWamRKd2NQRGFNejhlTTlZWg%2526ez_p%253D%2526rd%253D%26ivc_sessionid%3D4d643b54-3d9d-44f7-94f4-dee4b2f85455-1%26iv_geo_dma%3D623%26iv_geo_country%3DUS%26iv_geo_city%3DFort+Worth%26iv_geo_state%3DTX%26iv_geo_zip%3D76179%26iv_geo_lat%3D32.9074%26iv_geo_lon%3D-97.4257&pref=false:31
[ 4346208ms] [LOG] EVENT:  MessageEvent @ :8
[ 4346270ms] [LOG] EVENT:  MessageEvent @ :8
[ 4346270ms] [LOG] EVENT:  MessageEvent @ :8
[ 4346272ms] [LOG] EVENT:  MessageEvent @ :8
[ 4346273ms] [LOG] EVENT:  MessageEvent @ :8
[ 4346310ms] [LOG] EVENT:  MessageEvent @ :8
[ 4346411ms] [LOG] EVENT:  MessageEvent @ :8
[ 4346420ms] [LOG] EVENT:  MessageEvent @ :8
[ 4346420ms] [LOG] EVENT:  MessageEvent @ :8
[ 4346420ms] [LOG] EVENT:  MessageEvent @ :8
[ 4346429ms] [LOG] EVENT:  MessageEvent @ :8
[ 4346429ms] [LOG] EVENT:  MessageEvent @ :8
[ 4346512ms] [LOG] EVENT:  MessageEvent @ :8
[ 4346516ms] [LOG] EVENT:  MessageEvent @ :8
[ 4346516ms] [LOG] EVENT:  MessageEvent @ :8
[ 4346517ms] [LOG] EVENT:  MessageEvent @ :8
[ 4346595ms] [LOG] EVENT:  MessageEvent @ :8
[ 4346613ms] [LOG] EVENT:  MessageEvent @ :8
[ 4346672ms] [LOG] EVENT:  MessageEvent @ :8
[ 4346673ms] [LOG] EVENT:  MessageEvent @ :8
[ 4346673ms] [LOG] EVENT:  MessageEvent @ :8
[ 4346673ms] [LOG] EVENT:  MessageEvent @ :8
[ 4346673ms] [LOG] EVENT:  MessageEvent @ :8
[ 4346677ms] [LOG] EVENT:  MessageEvent @ :8
[ 4346677ms] [LOG] EVENT:  MessageEvent @ :8
[ 4346677ms] [LOG] EVENT:  MessageEvent @ :8
[ 4346679ms] [LOG] EVENT:  MessageEvent @ :8
[ 4346681ms] [LOG] EVENT:  MessageEvent @ :8
[ 4346704ms] [LOG] EVENT:  MessageEvent @ :8
[ 4346704ms] [LOG] EVENT:  MessageEvent @ :8
[ 4346705ms] [LOG] 2026-05-06T00:19:37.565Z [LOG] [resizeAd] invoked with 300x169 normal @ https://c.amazon-adsystem.com/bao-csm/webvideo/3p/amzn_vpaid_wrapper.js:0
[ 4346705ms] [LOG] EVENT:  MessageEvent @ :8
[ 4346705ms] [LOG] EVENT:  MessageEvent @ :8
[ 4346706ms] [LOG] EVENT:  MessageEvent @ :8
[ 4346706ms] [LOG] EVENT:  MessageEvent @ :8
[ 4346706ms] [LOG] EVENT:  MessageEvent @ :8
[ 4346706ms] [LOG] EVENT:  MessageEvent @ :8
[ 4346706ms] [LOG] EVENT:  MessageEvent @ :8
[ 4346706ms] [LOG] EVENT:  MessageEvent @ :8
[ 4346706ms] [LOG] EVENT:  MessageEvent @ :8
[ 4346713ms] [LOG] EVENT:  MessageEvent @ :8
[ 4346741ms] [LOG] EVENT:  MessageEvent @ :8
[ 4346742ms] [LOG] EVENT:  MessageEvent @ :8
[ 4346814ms] [LOG] EVENT:  MessageEvent @ :8
[ 4346915ms] [LOG] EVENT:  MessageEvent @ :8
[ 4347016ms] [LOG] EVENT:  MessageEvent @ :8
[ 4347017ms] [LOG] EVENT:  MessageEvent @ :8
[ 4347017ms] [LOG] EVENT:  MessageEvent @ :8
[ 4347018ms] [LOG] EVENT:  MessageEvent @ :8
[ 4347117ms] [LOG] EVENT:  MessageEvent @ :8
[ 4347179ms] [LOG] EVENT:  MessageEvent @ :8
[ 4347180ms] [LOG] EVENT:  MessageEvent @ :8
[ 4347190ms] [LOG] EVENT:  MessageEvent @ :8
[ 4347191ms] [LOG] EVENT:  MessageEvent @ :8
[ 4347199ms] [LOG] EVENT:  MessageEvent @ :8
[ 4347218ms] [LOG] EVENT:  MessageEvent @ :8
[ 4347319ms] [LOG] EVENT:  MessageEvent @ :8
[ 4274931ms] [ERROR] Failed to load resource: the server responded with a status of 404 () @ https://2361416f75f94a8554974b5aa56673eb.safeframe.googlesyndication.com/safeframe/1-0-45/html/mraid.js:0
[ 4274931ms] [ERROR] Refused to execute script from 'https://2361416f75f94a8554974b5aa56673eb.safeframe.googlesyndication.com/safeframe/1-0-45/html/mraid.js' because its MIME type ('text/html') is not executable, and strict MIME type checking is enabled. @ about:srcdoc:0
[ 4334988ms] [ERROR] Failed to load resource: net::ERR_HTTP2_PROTOCOL_ERROR @ https://gpm.servicesadmedia.com/google-pixel-match?google_gid=&google_push=AXcoOmThFr9eNh5zAK6m_9t1Yqpnimnn5F_-TaISXAy4qUSXlkVBO3RbTo0zfd2k3pqx7Qty0Ur1YoMlRhQK_24HHyFwcp_vvWBPIQ:0
[ 4344498ms] [WARNING] The key "target-densitydpi" is not supported. @ https://s-static.innovid.com/mobileapps/s/js/default/24l9em?cb=8b018259-9be6-85bb-de28-1f59b73b35c4&deviceid=&ivc=cb%3D1778026764743%26ivc_cachebuster%3D1778026764743%26ivc_click_through%3Dhttps%253A%252F%252Fad-us-west.ipredictive.com%252Fd%252Ftrack%252Fclick%253Fsid%253D4d643b54-3d9d-44f7-94f4-dee4b2f85455-1%2526crid%253D24769491%2526adid%253D107875%2526oid%253D2635009%2526cid%253D543369%2526pubid%253D48%2526site_id%253D3893185370%2526auid%253D7187736%2526algid%253D11%2526offpc%253D2.3992615745116934%2526optpc%253D2.3992615745116934%2526cstpc%253D2.3992615745116934%2526xts%253D1778113164%2526pbap%253DCgczMDB4MjUwEAYaAWYqBkdvb2dsZTIGQ2hyb21lOgRPUyBYQgYyNi4zLjBSAmVuWhFQRVJTT05BTF9DT01QVVRFUmAAagZCQU5ORVKKAQItNZABAaUBLaEDQq0B9dnCwrIBBjE0NDA5M8ABAsgBAtIBBlBVQkxJQ9oBLQoNTUdOSS1BUC0yOTc1NhFwmGiQgmfzPxoFRklSU1QiBjE0NDA5MzAAQABIANoBKAoJUlAtQVAtMjQ1EXCYaJCCZ_M_GgVGSVJTVCIFMTc0ODcwAEAASADaASUKDU1HTkktQVAtMzI0NjIRcJhokIJn8z8aBUZJUlNUMABAAEgA2gEtCg1NR05JLUFQLTMyNDIzEXCYaJCCZ_M_GgVGSVJTVCIGMTQ4MTcxMABAAEgA2gElCg1NR05JLUFQLTMyNDE5EXCYaJCCZ_M_GgVGSVJTVDAAQABIANoBLQoNTUdOSS1BUC0zMDg3NBFwmGiQgmfzPxoFRklSU1QiBjE0NjYyODAAQABIANoBJQoNTUdOSS1BUC0zMjQzMRFwmGiQgmfzPxoFRklSU1QwAEAASADaAS4KDkFETC05MjYyLTAwMGVhEft0PGag8vI_GghCSURGTE9PUioDMTk3MABAAEgA2gElCg1NR05JLUFQLTMyNDYzEXCYaJCCZ_M_GgVGSVJTVDAAQABIANoBJwoIUlAtQVAtNDARcJhokIJn8z8aBUZJUlNUIgUyMjg5MjAAQABIANoBLAoNTUdOSS1BUC0xMzc0NhFwmGiQgmfzPxoFRklSU1QiBTM3NTk3MABAAEgA2gEsCg1NR05JLUFQLTI0NTE5EXCYaJCCZ_M_GgVGSVJTVCIFMjM2MTIwAEAASADaASUKDU1HTkktQVAtMzI0MzARcJhokIJn8z8aBUZJUlNUMABAAEgA2gElCg1NR05JLUFQLTMyNDIwEXCYaJCCZ_M_GgVGSVJTVDAAQABIANoBLwoQTUdOSS1NRC0xMDAtOTQ1MRFI4XoUrkf5PxoFRklSU1QiBTE3NDg3MABAAEgA-gEgNDRkZWJiYjJmODkyODMxMTAzNjM0MTM2MTg1YTAwMzmCAkZYaTE0NDg0bm9uOGdFc2F3N2hmOHJOUzYwX2RjZWhpclQ1dzM3ZWIybktMcUZ4dTZyYXB5RVZqZEp3Y1BEYU16OGVNOVlaigIMVEhJUkRQQVJUWUlEkgIKMTcyLjQuMi42M5oCAlhSoAIAsAIB8gJ1TW96aWxsYS81LjAgKE1hY2ludG9zaDsgSW50ZWwgTWFjIE9TIFggMTBfMTVfNykgQXBwbGVXZWJLaXQvNTM3LjM2IChLSFRNTCwgbGlrZSBHZWNrbykgQ2hyb21lLzE0Ny4wLjAuMCBTYWZhcmkvNTM3LjM2-gIOQ2hyb21lIERlc2t0b3CCAwU3NjE3OYoDCmZvcnQgd29ydGiSAwM2MjOaAwJUWKIDAlVTqgMCMTCxA_t0PGag8vI_wgMDNjIzygMNQVQmVCBJbnRlcm5ldNIDBHdpZmnaAxBtZWRpYXRha2VvdXQuY29t6gMoNTg2MDFkZDVkMTUwYWRkMWJhZWMwYzBjNmEyMjIzMGVhMmY1ODQxMPoDFTBiZmQ2NmQ1MjlhNTU4MDc6OTI2MrkEFK5H4XoU5j_hBCV1ApoIG-o_6gQEODkuMPIEBkNocm9tZfoEAlRYggUEMVlOWZIFBDkyNjKaBQ1NR05JLUFQLTI5NzU2ygUBMdIFKnJ1Ymljb24tdy1lYjRkZDdmNTE1YjExNmE2NmE4YzRiMGZlNmRmNTRiZvAFAoAGAZkGoHwhsbgTuj-iBgoxNzIuNC4yLjYzqQYAAAAAAACwP9AGAOIGOgoIQURFTFBISUMSJDE5MDkzNTI1LWI2MDUtNGM1MC1hMDBiLWVlOTVkYzJkMDdkZRoIQURFTFBISUPpBgAAAAAAAAAAggdeCgxUSElSRFBBUlRZSUQSRlhpMTQ0ODRub244Z0VzYXc3aGY4ck5TNjBfZGNlaGlyVDV3MzdlYjJuS0xxRnh1NnJhcHlFVmpkSndjUERhTXo4ZU05WVoaBlJBTVBJRIoHBlJBTVBJRLgHAcAHANoHCkJJRFJFUVVFU1TiBy01NDc6NTEwMDY0MzgsZXZpZG9uOiw1Mjk6MTQ5MTI0NSw1MzI6ODIwMzExNzDqBxkzNV81Mjk6MTQ5Mzc1MSwwX2V2aWRvbjow-AcCgAgAmghGWGkxNDQ4NG5vbjhnRXNhdzdoZjhyTlM2MF9kY2VoaXJUNXczN2ViMm5LTHFGeHU2cmFweUVWamRKd2NQRGFNejhlTTlZWg%2526ez_p%253D%2526rd%253D%26ivc_sessionid%3D4d643b54-3d9d-44f7-94f4-dee4b2f85455-1%26iv_geo_dma%3D623%26iv_geo_country%3DUS%26iv_geo_city%3DFort+Worth%26iv_geo_state%3DTX%26iv_geo_zip%3D76179%26iv_geo_lat%3D32.9074%26iv_geo_lon%3D-97.4257&pref=false:31
[ 4347421ms] [LOG] EVENT:  MessageEvent @ :8
[ 4347435ms] [LOG] EVENT:  MessageEvent @ :8
[ 4274174ms] [ERROR] Attestation check for Shared Storage on https://www.googleadservices.com failed. @ https://www.googleadservices.com/pagead/managed/js/activeview/current/reach_worklet.html:0
[ 4274378ms] [ERROR] Attestation check for Shared Storage on https://www.googleadservices.com failed. @ https://www.googleadservices.com/pagead/managed/js/activeview/current/reach_worklet.html:0
[ 4274561ms] [ERROR] Attestation check for Shared Storage on https://www.googleadservices.com failed. @ https://www.googleadservices.com/pagead/managed/js/activeview/current/reach_worklet.html:0
[ 4274733ms] [ERROR] Attestation check for Shared Storage on https://www.googleadservices.com failed. @ https://www.googleadservices.com/pagead/managed/js/activeview/current/reach_worklet.html:0
[ 4275099ms] [ERROR] Attestation check for Shared Storage on https://www.googleadservices.com failed. @ https://www.googleadservices.com/pagead/managed/js/activeview/current/reach_worklet.html:0
[ 4276027ms] [ERROR] Attestation check for Shared Storage on https://www.googleadservices.com failed. @ https://www.googleadservices.com/pagead/managed/js/activeview/current/reach_worklet.html:0
[ 4284145ms] [ERROR] Attestation check for Shared Storage on https://www.googleadservices.com failed. @ https://www.googleadservices.com/pagead/managed/js/activeview/current/reach_worklet.html:0
[ 4284366ms] [ERROR] Attestation check for Shared Storage on https://www.googleadservices.com failed. @ https://www.googleadservices.com/pagead/managed/js/activeview/current/reach_worklet.html:0
[ 4291638ms] [ERROR] Attestation check for Shared Storage on https://www.googleadservices.com failed. @ https://www.googleadservices.com/pagead/managed/js/activeview/current/reach_worklet.html:0
[ 4304453ms] [ERROR] Attestation check for Shared Storage on https://www.googleadservices.com failed. @ https://www.googleadservices.com/pagead/managed/js/activeview/current/reach_worklet.html:0
[ 4304921ms] [ERROR] Attestation check for Shared Storage on https://www.googleadservices.com failed. @ https://www.googleadservices.com/pagead/managed/js/activeview/current/reach_worklet.html:0
[ 4313922ms] [ERROR] Attestation check for Shared Storage on https://www.googleadservices.com failed. @ https://www.googleadservices.com/pagead/managed/js/activeview/current/reach_worklet.html:0
[ 4334433ms] [ERROR] Attestation check for Shared Storage on https://www.googleadservices.com failed. @ https://www.googleadservices.com/pagead/managed/js/activeview/current/reach_worklet.html:0
[ 4343914ms] [ERROR] Attestation check for Shared Storage on https://www.googleadservices.com failed. @ https://www.googleadservices.com/pagead/managed/js/activeview/current/reach_worklet.html:0
[ 4347444ms] [LOG] EVENT:  MessageEvent @ :8
[ 4347445ms] [LOG] EVENT:  MessageEvent @ :8
[ 4347445ms] [LOG] EVENT:  MessageEvent @ :8
[ 4347448ms] [LOG] EVENT:  MessageEvent @ :8
[ 4347456ms] [ERROR] Attestation check for Shared Storage on https://www.googleadservices.com failed. @ https://www.googleadservices.com/pagead/managed/js/activeview/current/reach_worklet.html:0
[ 4347518ms] [LOG] EVENT:  MessageEvent @ :8
[ 4347518ms] [LOG] EVENT:  MessageEvent @ :8
[ 4347519ms] [LOG] EVENT:  MessageEvent @ :8
[ 4347520ms] [LOG] EVENT:  MessageEvent @ :8
[ 4347602ms] [LOG] EVENT:  MessageEvent @ :8
[ 4347621ms] [LOG] EVENT:  MessageEvent @ :8
[ 4347674ms] [LOG] EVENT:  MessageEvent @ :8
[ 4347674ms] [LOG] EVENT:  MessageEvent @ :8
[ 4347677ms] [LOG] EVENT:  MessageEvent @ :8
[ 4347678ms] [LOG] EVENT:  MessageEvent @ :8
[ 4347692ms] [LOG] EVENT:  MessageEvent @ :8
[ 4347692ms] [LOG] EVENT:  MessageEvent @ :8
[ 4347722ms] [LOG] EVENT:  MessageEvent @ :8
[ 4347728ms] [LOG] EVENT:  MessageEvent @ :8
[ 4347804ms] [LOG] EVENT:  MessageEvent @ :8
[ 4347823ms] [LOG] EVENT:  MessageEvent @ :8
[ 4347925ms] [LOG] EVENT:  MessageEvent @ :8
[ 4348019ms] [LOG] EVENT:  MessageEvent @ :8
[ 4348020ms] [LOG] EVENT:  MessageEvent @ :8
[ 4348020ms] [LOG] EVENT:  MessageEvent @ :8
[ 4348026ms] [LOG] EVENT:  MessageEvent @ :8
[ 4348128ms] [LOG] EVENT:  MessageEvent @ :8
[ 4348177ms] [LOG] EVENT:  MessageEvent @ :8
[ 4348179ms] [LOG] EVENT:  MessageEvent @ :8
[ 4348179ms] [LOG] EVENT:  MessageEvent @ :8
[ 4348184ms] [LOG] EVENT:  MessageEvent @ :8
[ 4348184ms] [LOG] EVENT:  MessageEvent @ :8
[ 4348188ms] [LOG] EVENT:  MessageEvent @ :8
[ 4348194ms] [LOG] EVENT:  MessageEvent @ :8
[ 4348194ms] [LOG] EVENT:  MessageEvent @ :8
[ 4348208ms] [LOG] EVENT:  MessageEvent @ :8
[ 4348230ms] [LOG] EVENT:  MessageEvent @ :8
[ 4348265ms] [ERROR] Attestation check for Attribution Reporting on https://ara.paa-reporting-advertising.amazon failed. @ https://mediatakeout.com/teyana-taylor-throws-awazing-pre-met-gala-party-nia-gabrielle-lala-more/:0
[ 4348265ms] [ERROR] Attestation check for Shared Storage on https://ara.paa-reporting-advertising.amazon failed. @ https://mediatakeout.com/teyana-taylor-throws-awazing-pre-met-gala-party-nia-gabrielle-lala-more/:0
[ 4348331ms] [LOG] EVENT:  MessageEvent @ :8
[ 4348429ms] [LOG] EVENT:  MessageEvent @ :8
[ 4348430ms] [LOG] EVENT:  MessageEvent @ :8
[ 4348433ms] [LOG] EVENT:  MessageEvent @ :8
[ 4348520ms] [LOG] EVENT:  MessageEvent @ :8
[ 4348520ms] [LOG] EVENT:  MessageEvent @ :8
[ 4348521ms] [LOG] EVENT:  MessageEvent @ :8
[ 4348534ms] [LOG] EVENT:  MessageEvent @ :8
[ 4348610ms] [LOG] EVENT:  MessageEvent @ :8
[ 4348635ms] [LOG] EVENT:  MessageEvent @ :8
[ 4348682ms] [LOG] EVENT:  MessageEvent @ :8
[ 4348685ms] [LOG] EVENT:  MessageEvent @ :8
[ 4348695ms] [LOG] EVENT:  MessageEvent @ :8
[ 4348696ms] [LOG] EVENT:  MessageEvent @ :8
[ 4348736ms] [LOG] EVENT:  MessageEvent @ :8
[ 4348811ms] [LOG] EVENT:  MessageEvent @ :8
[ 4348837ms] [LOG] EVENT:  MessageEvent @ :8
[ 4348923ms] [LOG] EVENT:  MessageEvent @ :8
[ 4348923ms] [LOG] EVENT:  MessageEvent @ :8
[ 4348939ms] [LOG] EVENT:  MessageEvent @ :8
[ 4349022ms] [LOG] EVENT:  MessageEvent @ :8
[ 4349023ms] [LOG] EVENT:  MessageEvent @ :8
[ 4349023ms] [LOG] EVENT:  MessageEvent @ :8
[ 4349040ms] [LOG] EVENT:  MessageEvent @ :8
[ 4349141ms] [LOG] EVENT:  MessageEvent @ :8
[ 4349185ms] [LOG] EVENT:  MessageEvent @ :8
[ 4349186ms] [LOG] EVENT:  MessageEvent @ :8
[ 4349197ms] [LOG] EVENT:  MessageEvent @ :8
[ 4349197ms] [LOG] EVENT:  MessageEvent @ :8
[ 4349214ms] [LOG] EVENT:  MessageEvent @ :8
[ 4349251ms] [LOG] EVENT:  MessageEvent @ :8
[ 4349344ms] [LOG] EVENT:  MessageEvent @ :8
[ 4274931ms] [ERROR] Failed to load resource: the server responded with a status of 404 () @ https://2361416f75f94a8554974b5aa56673eb.safeframe.googlesyndication.com/safeframe/1-0-45/html/mraid.js:0
[ 4274931ms] [ERROR] Refused to execute script from 'https://2361416f75f94a8554974b5aa56673eb.safeframe.googlesyndication.com/safeframe/1-0-45/html/mraid.js' because its MIME type ('text/html') is not executable, and strict MIME type checking is enabled. @ about:srcdoc:0
[ 4334988ms] [ERROR] Failed to load resource: net::ERR_HTTP2_PROTOCOL_ERROR @ https://gpm.servicesadmedia.com/google-pixel-match?google_gid=&google_push=AXcoOmThFr9eNh5zAK6m_9t1Yqpnimnn5F_-TaISXAy4qUSXlkVBO3RbTo0zfd2k3pqx7Qty0Ur1YoMlRhQK_24HHyFwcp_vvWBPIQ:0
[ 4344498ms] [WARNING] The key "target-densitydpi" is not supported. @ https://s-static.innovid.com/mobileapps/s/js/default/24l9em?cb=8b018259-9be6-85bb-de28-1f59b73b35c4&deviceid=&ivc=cb%3D1778026764743%26ivc_cachebuster%3D1778026764743%26ivc_click_through%3Dhttps%253A%252F%252Fad-us-west.ipredictive.com%252Fd%252Ftrack%252Fclick%253Fsid%253D4d643b54-3d9d-44f7-94f4-dee4b2f85455-1%2526crid%253D24769491%2526adid%253D107875%2526oid%253D2635009%2526cid%253D543369%2526pubid%253D48%2526site_id%253D3893185370%2526auid%253D7187736%2526algid%253D11%2526offpc%253D2.3992615745116934%2526optpc%253D2.3992615745116934%2526cstpc%253D2.3992615745116934%2526xts%253D1778113164%2526pbap%253DCgczMDB4MjUwEAYaAWYqBkdvb2dsZTIGQ2hyb21lOgRPUyBYQgYyNi4zLjBSAmVuWhFQRVJTT05BTF9DT01QVVRFUmAAagZCQU5ORVKKAQItNZABAaUBLaEDQq0B9dnCwrIBBjE0NDA5M8ABAsgBAtIBBlBVQkxJQ9oBLQoNTUdOSS1BUC0yOTc1NhFwmGiQgmfzPxoFRklSU1QiBjE0NDA5MzAAQABIANoBKAoJUlAtQVAtMjQ1EXCYaJCCZ_M_GgVGSVJTVCIFMTc0ODcwAEAASADaASUKDU1HTkktQVAtMzI0NjIRcJhokIJn8z8aBUZJUlNUMABAAEgA2gEtCg1NR05JLUFQLTMyNDIzEXCYaJCCZ_M_GgVGSVJTVCIGMTQ4MTcxMABAAEgA2gElCg1NR05JLUFQLTMyNDE5EXCYaJCCZ_M_GgVGSVJTVDAAQABIANoBLQoNTUdOSS1BUC0zMDg3NBFwmGiQgmfzPxoFRklSU1QiBjE0NjYyODAAQABIANoBJQoNTUdOSS1BUC0zMjQzMRFwmGiQgmfzPxoFRklSU1QwAEAASADaAS4KDkFETC05MjYyLTAwMGVhEft0PGag8vI_GghCSURGTE9PUioDMTk3MABAAEgA2gElCg1NR05JLUFQLTMyNDYzEXCYaJCCZ_M_GgVGSVJTVDAAQABIANoBJwoIUlAtQVAtNDARcJhokIJn8z8aBUZJUlNUIgUyMjg5MjAAQABIANoBLAoNTUdOSS1BUC0xMzc0NhFwmGiQgmfzPxoFRklSU1QiBTM3NTk3MABAAEgA2gEsCg1NR05JLUFQLTI0NTE5EXCYaJCCZ_M_GgVGSVJTVCIFMjM2MTIwAEAASADaASUKDU1HTkktQVAtMzI0MzARcJhokIJn8z8aBUZJUlNUMABAAEgA2gElCg1NR05JLUFQLTMyNDIwEXCYaJCCZ_M_GgVGSVJTVDAAQABIANoBLwoQTUdOSS1NRC0xMDAtOTQ1MRFI4XoUrkf5PxoFRklSU1QiBTE3NDg3MABAAEgA-gEgNDRkZWJiYjJmODkyODMxMTAzNjM0MTM2MTg1YTAwMzmCAkZYaTE0NDg0bm9uOGdFc2F3N2hmOHJOUzYwX2RjZWhpclQ1dzM3ZWIybktMcUZ4dTZyYXB5RVZqZEp3Y1BEYU16OGVNOVlaigIMVEhJUkRQQVJUWUlEkgIKMTcyLjQuMi42M5oCAlhSoAIAsAIB8gJ1TW96aWxsYS81LjAgKE1hY2ludG9zaDsgSW50ZWwgTWFjIE9TIFggMTBfMTVfNykgQXBwbGVXZWJLaXQvNTM3LjM2IChLSFRNTCwgbGlrZSBHZWNrbykgQ2hyb21lLzE0Ny4wLjAuMCBTYWZhcmkvNTM3LjM2-gIOQ2hyb21lIERlc2t0b3CCAwU3NjE3OYoDCmZvcnQgd29ydGiSAwM2MjOaAwJUWKIDAlVTqgMCMTCxA_t0PGag8vI_wgMDNjIzygMNQVQmVCBJbnRlcm5ldNIDBHdpZmnaAxBtZWRpYXRha2VvdXQuY29t6gMoNTg2MDFkZDVkMTUwYWRkMWJhZWMwYzBjNmEyMjIzMGVhMmY1ODQxMPoDFTBiZmQ2NmQ1MjlhNTU4MDc6OTI2MrkEFK5H4XoU5j_hBCV1ApoIG-o_6gQEODkuMPIEBkNocm9tZfoEAlRYggUEMVlOWZIFBDkyNjKaBQ1NR05JLUFQLTI5NzU2ygUBMdIFKnJ1Ymljb24tdy1lYjRkZDdmNTE1YjExNmE2NmE4YzRiMGZlNmRmNTRiZvAFAoAGAZkGoHwhsbgTuj-iBgoxNzIuNC4yLjYzqQYAAAAAAACwP9AGAOIGOgoIQURFTFBISUMSJDE5MDkzNTI1LWI2MDUtNGM1MC1hMDBiLWVlOTVkYzJkMDdkZRoIQURFTFBISUPpBgAAAAAAAAAAggdeCgxUSElSRFBBUlRZSUQSRlhpMTQ0ODRub244Z0VzYXc3aGY4ck5TNjBfZGNlaGlyVDV3MzdlYjJuS0xxRnh1NnJhcHlFVmpkSndjUERhTXo4ZU05WVoaBlJBTVBJRIoHBlJBTVBJRLgHAcAHANoHCkJJRFJFUVVFU1TiBy01NDc6NTEwMDY0MzgsZXZpZG9uOiw1Mjk6MTQ5MTI0NSw1MzI6ODIwMzExNzDqBxkzNV81Mjk6MTQ5Mzc1MSwwX2V2aWRvbjow-AcCgAgAmghGWGkxNDQ4NG5vbjhnRXNhdzdoZjhyTlM2MF9kY2VoaXJUNXczN2ViMm5LTHFGeHU2cmFweUVWamRKd2NQRGFNejhlTTlZWg%2526ez_p%253D%2526rd%253D%26ivc_sessionid%3D4d643b54-3d9d-44f7-94f4-dee4b2f85455-1%26iv_geo_dma%3D623%26iv_geo_country%3DUS%26iv_geo_city%3DFort+Worth%26iv_geo_state%3DTX%26iv_geo_zip%3D76179%26iv_geo_lat%3D32.9074%26iv_geo_lon%3D-97.4257&pref=false:31
[ 4349445ms] [LOG] EVENT:  MessageEvent @ :8
[ 4274174ms] [ERROR] Attestation check for Shared Storage on https://www.googleadservices.com failed. @ https://www.googleadservices.com/pagead/managed/js/activeview/current/reach_worklet.html:0
[ 4274378ms] [ERROR] Attestation check for Shared Storage on https://www.googleadservices.com failed. @ https://www.googleadservices.com/pagead/managed/js/activeview/current/reach_worklet.html:0
[ 4274561ms] [ERROR] Attestation check for Shared Storage on https://www.googleadservices.com failed. @ https://www.googleadservices.com/pagead/managed/js/activeview/current/reach_worklet.html:0
[ 4274733ms] [ERROR] Attestation check for Shared Storage on https://www.googleadservices.com failed. @ https://www.googleadservices.com/pagead/managed/js/activeview/current/reach_worklet.html:0
[ 4275099ms] [ERROR] Attestation check for Shared Storage on https://www.googleadservices.com failed. @ https://www.googleadservices.com/pagead/managed/js/activeview/current/reach_worklet.html:0
[ 4276027ms] [ERROR] Attestation check for Shared Storage on https://www.googleadservices.com failed. @ https://www.googleadservices.com/pagead/managed/js/activeview/current/reach_worklet.html:0
[ 4284145ms] [ERROR] Attestation check for Shared Storage on https://www.googleadservices.com failed. @ https://www.googleadservices.com/pagead/managed/js/activeview/current/reach_worklet.html:0
[ 4284366ms] [ERROR] Attestation check for Shared Storage on https://www.googleadservices.com failed. @ https://www.googleadservices.com/pagead/managed/js/activeview/current/reach_worklet.html:0
[ 4291638ms] [ERROR] Attestation check for Shared Storage on https://www.googleadservices.com failed. @ https://www.googleadservices.com/pagead/managed/js/activeview/current/reach_worklet.html:0
[ 4304453ms] [ERROR] Attestation check for Shared Storage on https://www.googleadservices.com failed. @ https://www.googleadservices.com/pagead/managed/js/activeview/current/reach_worklet.html:0
[ 4304921ms] [ERROR] Attestation check for Shared Storage on https://www.googleadservices.com failed. @ https://www.googleadservices.com/pagead/managed/js/activeview/current/reach_worklet.html:0
[ 4313922ms] [ERROR] Attestation check for Shared Storage on https://www.googleadservices.com failed. @ https://www.googleadservices.com/pagead/managed/js/activeview/current/reach_worklet.html:0
[ 4334433ms] [ERROR] Attestation check for Shared Storage on https://www.googleadservices.com failed. @ https://www.googleadservices.com/pagead/managed/js/activeview/current/reach_worklet.html:0
[ 4343914ms] [ERROR] Attestation check for Shared Storage on https://www.googleadservices.com failed. @ https://www.googleadservices.com/pagead/managed/js/activeview/current/reach_worklet.html:0
[ 4347456ms] [ERROR] Attestation check for Shared Storage on https://www.googleadservices.com failed. @ https://www.googleadservices.com/pagead/managed/js/activeview/current/reach_worklet.html:0
[ 4349464ms] [ERROR] Attestation check for Shared Storage on https://www.googleadservices.com failed. @ https://www.googleadservices.com/pagead/managed/js/activeview/current/reach_worklet.html:0
[ 4349523ms] [LOG] EVENT:  MessageEvent @ :8
[ 4349523ms] [LOG] EVENT:  MessageEvent @ :8
[ 4349523ms] [LOG] EVENT:  MessageEvent @ :8
[ 4349546ms] [LOG] EVENT:  MessageEvent @ :8
[ 4349618ms] [LOG] EVENT:  MessageEvent @ :8
[ 4349648ms] [LOG] EVENT:  MessageEvent @ :8
[ 4349660ms] [LOG] EVENT:  MessageEvent @ :8
[ 4349670ms] [LOG] EVENT:  MessageEvent @ :8
[ 4349671ms] [LOG] EVENT:  MessageEvent @ :8
[ 4349672ms] [LOG] EVENT:  MessageEvent @ :8
[ 4349674ms] [LOG] EVENT:  MessageEvent @ :8
[ 4349683ms] [LOG] EVENT:  MessageEvent @ :8
[ 4349684ms] [LOG] EVENT:  MessageEvent @ :8
[ 4349697ms] [LOG] EVENT:  MessageEvent @ :8
[ 4349698ms] [LOG] EVENT:  MessageEvent @ :8
[ 4349749ms] [LOG] EVENT:  MessageEvent @ :8
[ 4349818ms] [LOG] EVENT:  MessageEvent @ :8
[ 4349851ms] [LOG] EVENT:  MessageEvent @ :8
[ 4349911ms] [ERROR] Attestation check for Attribution Reporting on https://ara.paa-reporting-advertising.amazon failed. @ https://mediatakeout.com/teyana-taylor-throws-awazing-pre-met-gala-party-nia-gabrielle-lala-more/:0
[ 4349911ms] [ERROR] Attestation check for Shared Storage on https://ara.paa-reporting-advertising.amazon failed. @ https://aax-events-cell02-cf.us-east.3px.axp.amazon-adsystem.com/e/is/bb8e6d0b6c85b2b1fc673047a9802fc9/creative?b=JEZ6Xq6Hpzfr5JRZ5wIHccgAAAGd-qZuzwEAAAakAUMzcHhfdHhuX2JpZDIgICAzcHhfdHhuX2ltcDEgICDJX0gh&ct=https%3A%2F%2Fbeacon-nf.rubiconproject.com%2Fbeacon%2Fv3%2Frs%2Fiad6%2F0%2Feafab549-8f57-4b7d-951b-6291868f2ce0%2F0%2F82pmfvk8BoBzPiP5XHBKHSm1CFM%2F&bi=cfv1_CFjDPE4St8-1vDOAR9osyHyPelokF5MqzFtihVXCDVeEdYD1Vo9d8Kp0kj1NnzyzmrR915NYwRDVsSCnZhp4V8gMFX1beI6Ja2oCX2BYcXKKMaYsjBVfz64dBUXsEPSDUKOtEhbQlMsXQHkNpW_NSHl2Bohla6IUPxsFMpgWIXqtx_f45HIzUmWUe_HCMbYuBn5eH_fckpdaT0GUSb0pX_sUh9Kvnt8HRgfSO4Au0iYQupV5tMhbLTpBz51onQJmZYhNmkQTRpyOtDSPmxm9jvQMgxnCTvxe8RUjFViPBWHX5scIA1JhmYz6DST6INiEyf0D_f1lFunou5bCDeWzEetz0v5NVSMzt7Izq40xSMIarT8lXxL_tVTorMhVJxrsFkIy0hgZ9ANWxQ3OL4-ncVt2dpyWzY8-dLBAO0wWyw1CT74I-V8DWz0zps4gJhIkLeLTYNH9tPO7SStkGDmai4caQlWEmwHoezksdoJ7p4TyVm1FyJ_C7CWzZ0NaEs_q34V_2DF9FqkRkwbFrn2n93ribAlNaU1CEQ-tHwfvObpuHEyrNiF23H4BnSHbkIhkyE8_-mWIr3yF0w:0
[ 4349955ms] [LOG] EVENT:  MessageEvent @ :8
[ 4350024ms] [LOG] EVENT:  MessageEvent @ :8
[ 4350024ms] [LOG] EVENT:  MessageEvent @ :8
[ 4350025ms] [LOG] EVENT:  MessageEvent @ :8
[ 4350052ms] [LOG] EVENT:  MessageEvent @ :8
[ 4350153ms] [LOG] EVENT:  MessageEvent @ :8
[ 4350171ms] [LOG] EVENT:  MessageEvent @ :8
[ 4350171ms] [LOG] EVENT:  MessageEvent @ :8
[ 4350178ms] [LOG] EVENT:  MessageEvent @ :8
[ 4350180ms] [LOG] EVENT:  MessageEvent @ :8
[ 4350200ms] [LOG] EVENT:  MessageEvent @ :8
[ 4350200ms] [LOG] EVENT:  MessageEvent @ :8
[ 4350220ms] [LOG] EVENT:  MessageEvent @ :8
[ 4350254ms] [LOG] EVENT:  MessageEvent @ :8
[ 4350357ms] [LOG] EVENT:  MessageEvent @ :8
[ 4350482ms] [LOG] EVENT:  MessageEvent @ :8
[ 4350485ms] [LOG] EVENT:  MessageEvent @ :8
[ 4350496ms] [LOG] EVENT:  MessageEvent @ :8
[ 4274174ms] [ERROR] Attestation check for Shared Storage on https://www.googleadservices.com failed. @ https://www.googleadservices.com/pagead/managed/js/activeview/current/reach_worklet.html:0
[ 4274378ms] [ERROR] Attestation check for Shared Storage on https://www.googleadservices.com failed. @ https://www.googleadservices.com/pagead/managed/js/activeview/current/reach_worklet.html:0
[ 4274561ms] [ERROR] Attestation check for Shared Storage on https://www.googleadservices.com failed. @ https://www.googleadservices.com/pagead/managed/js/activeview/current/reach_worklet.html:0
[ 4274733ms] [ERROR] Attestation check for Shared Storage on https://www.googleadservices.com failed. @ https://www.googleadservices.com/pagead/managed/js/activeview/current/reach_worklet.html:0
[ 4275099ms] [ERROR] Attestation check for Shared Storage on https://www.googleadservices.com failed. @ https://www.googleadservices.com/pagead/managed/js/activeview/current/reach_worklet.html:0
[ 4276027ms] [ERROR] Attestation check for Shared Storage on https://www.googleadservices.com failed. @ https://www.googleadservices.com/pagead/managed/js/activeview/current/reach_worklet.html:0
[ 4284145ms] [ERROR] Attestation check for Shared Storage on https://www.googleadservices.com failed. @ https://www.googleadservices.com/pagead/managed/js/activeview/current/reach_worklet.html:0
[ 4284366ms] [ERROR] Attestation check for Shared Storage on https://www.googleadservices.com failed. @ https://www.googleadservices.com/pagead/managed/js/activeview/current/reach_worklet.html:0
[ 4291638ms] [ERROR] Attestation check for Shared Storage on https://www.googleadservices.com failed. @ https://www.googleadservices.com/pagead/managed/js/activeview/current/reach_worklet.html:0
[ 4304453ms] [ERROR] Attestation check for Shared Storage on https://www.googleadservices.com failed. @ https://www.googleadservices.com/pagead/managed/js/activeview/current/reach_worklet.html:0
[ 4304921ms] [ERROR] Attestation check for Shared Storage on https://www.googleadservices.com failed. @ https://www.googleadservices.com/pagead/managed/js/activeview/current/reach_worklet.html:0
[ 4313922ms] [ERROR] Attestation check for Shared Storage on https://www.googleadservices.com failed. @ https://www.googleadservices.com/pagead/managed/js/activeview/current/reach_worklet.html:0
[ 4334433ms] [ERROR] Attestation check for Shared Storage on https://www.googleadservices.com failed. @ https://www.googleadservices.com/pagead/managed/js/activeview/current/reach_worklet.html:0
[ 4343914ms] [ERROR] Attestation check for Shared Storage on https://www.googleadservices.com failed. @ https://www.googleadservices.com/pagead/managed/js/activeview/current/reach_worklet.html:0
[ 4347456ms] [ERROR] Attestation check for Shared Storage on https://www.googleadservices.com failed. @ https://www.googleadservices.com/pagead/managed/js/activeview/current/reach_worklet.html:0
[ 4349464ms] [ERROR] Attestation check for Shared Storage on https://www.googleadservices.com failed. @ https://www.googleadservices.com/pagead/managed/js/activeview/current/reach_worklet.html:0
[ 4350550ms] [LOG] EVENT:  MessageEvent @ :8
[ 4350551ms] [LOG] EVENT:  MessageEvent @ :8
[ 4350551ms] [LOG] EVENT:  MessageEvent @ :8
[ 4350585ms] [ERROR] Attestation check for Shared Storage on https://www.googleadservices.com failed. @ https://www.googleadservices.com/pagead/managed/js/activeview/current/reach_worklet.html:0
[ 4350595ms] [LOG] EVENT:  MessageEvent @ :8
[ 4350611ms] [LOG] EVENT:  MessageEvent @ :8
[ 4350613ms] [LOG] EVENT:  MessageEvent @ :8
[ 4350678ms] [LOG] EVENT:  MessageEvent @ :8
[ 4350699ms] [LOG] EVENT:  MessageEvent @ :8
[ 4350702ms] [LOG] EVENT:  MessageEvent @ :8
[ 4350702ms] [LOG] EVENT:  MessageEvent @ :8
[ 4350712ms] [LOG] EVENT:  MessageEvent @ :8
[ 4350712ms] [LOG] EVENT:  MessageEvent @ :8
[ 4350712ms] [LOG] 2026-05-06T00:19:41.573Z [LOG] [resizeAd] invoked with 300x169 normal @ https://c.amazon-adsystem.com/bao-csm/webvideo/3p/amzn_vpaid_wrapper.js:0
[ 4350714ms] [LOG] EVENT:  MessageEvent @ :8
[ 4350775ms] [LOG] EVENT:  MessageEvent @ :8
[ 4350776ms] [LOG] EVENT:  MessageEvent @ :8
[ 4350776ms] [LOG] EVENT:  MessageEvent @ :8
[ 4350822ms] [LOG] EVENT:  MessageEvent @ :8
[ 4350825ms] [LOG] EVENT:  MessageEvent @ :8
[ 4274174ms] [ERROR] Attestation check for Shared Storage on https://www.googleadservices.com failed. @ https://www.googleadservices.com/pagead/managed/js/activeview/current/reach_worklet.html:0
[ 4274378ms] [ERROR] Attestation check for Shared Storage on https://www.googleadservices.com failed. @ https://www.googleadservices.com/pagead/managed/js/activeview/current/reach_worklet.html:0
[ 4274561ms] [ERROR] Attestation check for Shared Storage on https://www.googleadservices.com failed. @ https://www.googleadservices.com/pagead/managed/js/activeview/current/reach_worklet.html:0
[ 4274733ms] [ERROR] Attestation check for Shared Storage on https://www.googleadservices.com failed. @ https://www.googleadservices.com/pagead/managed/js/activeview/current/reach_worklet.html:0
[ 4275099ms] [ERROR] Attestation check for Shared Storage on https://www.googleadservices.com failed. @ https://www.googleadservices.com/pagead/managed/js/activeview/current/reach_worklet.html:0
[ 4276027ms] [ERROR] Attestation check for Shared Storage on https://www.googleadservices.com failed. @ https://www.googleadservices.com/pagead/managed/js/activeview/current/reach_worklet.html:0
[ 4284145ms] [ERROR] Attestation check for Shared Storage on https://www.googleadservices.com failed. @ https://www.googleadservices.com/pagead/managed/js/activeview/current/reach_worklet.html:0
[ 4284366ms] [ERROR] Attestation check for Shared Storage on https://www.googleadservices.com failed. @ https://www.googleadservices.com/pagead/managed/js/activeview/current/reach_worklet.html:0
[ 4291638ms] [ERROR] Attestation check for Shared Storage on https://www.googleadservices.com failed. @ https://www.googleadservices.com/pagead/managed/js/activeview/current/reach_worklet.html:0
[ 4304453ms] [ERROR] Attestation check for Shared Storage on https://www.googleadservices.com failed. @ https://www.googleadservices.com/pagead/managed/js/activeview/current/reach_worklet.html:0
[ 4304921ms] [ERROR] Attestation check for Shared Storage on https://www.googleadservices.com failed. @ https://www.googleadservices.com/pagead/managed/js/activeview/current/reach_worklet.html:0
[ 4313922ms] [ERROR] Attestation check for Shared Storage on https://www.googleadservices.com failed. @ https://www.googleadservices.com/pagead/managed/js/activeview/current/reach_worklet.html:0
[ 4334433ms] [ERROR] Attestation check for Shared Storage on https://www.googleadservices.com failed. @ https://www.googleadservices.com/pagead/managed/js/activeview/current/reach_worklet.html:0
[ 4343914ms] [ERROR] Attestation check for Shared Storage on https://www.googleadservices.com failed. @ https://www.googleadservices.com/pagead/managed/js/activeview/current/reach_worklet.html:0
[ 4347456ms] [ERROR] Attestation check for Shared Storage on https://www.googleadservices.com failed. @ https://www.googleadservices.com/pagead/managed/js/activeview/current/reach_worklet.html:0
[ 4349464ms] [ERROR] Attestation check for Shared Storage on https://www.googleadservices.com failed. @ https://www.googleadservices.com/pagead/managed/js/activeview/current/reach_worklet.html:0
[ 4350585ms] [ERROR] Attestation check for Shared Storage on https://www.googleadservices.com failed. @ https://www.googleadservices.com/pagead/managed/js/activeview/current/reach_worklet.html:0
[ 4350834ms] [ERROR] Attestation check for Shared Storage on https://www.googleadservices.com failed. @ https://www.googleadservices.com/pagead/managed/js/activeview/current/reach_worklet.html:0
[ 4350843ms] [LOG] EVENT:  MessageEvent @ :8
[ 4351025ms] [LOG] EVENT:  MessageEvent @ :8
[ 4351025ms] [LOG] EVENT:  MessageEvent @ :8
[ 4351026ms] [LOG] EVENT:  MessageEvent @ :8
[ 4351096ms] [LOG] EVENT:  MessageEvent @ :8
[ 4351170ms] [LOG] EVENT:  MessageEvent @ :8
[ 4351171ms] [LOG] EVENT:  MessageEvent @ :8
[ 4351173ms] [LOG] EVENT:  MessageEvent @ :8
[ 4351175ms] [LOG] EVENT:  MessageEvent @ :8
[ 4351185ms] [LOG] EVENT:  MessageEvent @ :8
[ 4351186ms] [LOG] EVENT:  MessageEvent @ :8
[ 4351201ms] [LOG] EVENT:  MessageEvent @ :8
[ 4351201ms] [LOG] EVENT:  MessageEvent @ :8
[ 4351231ms] [LOG] EVENT:  MessageEvent @ :8
[ 4351420ms] [LOG] EVENT:  MessageEvent @ :8
[ 4351420ms] [LOG] EVENT:  MessageEvent @ :8
[ 4351527ms] [LOG] EVENT:  MessageEvent @ :8
[ 4351527ms] [LOG] EVENT:  MessageEvent @ :8
[ 4351528ms] [LOG] EVENT:  MessageEvent @ :8
[ 4351627ms] [LOG] EVENT:  MessageEvent @ :8
[ 4351678ms] [LOG] EVENT:  MessageEvent @ :8
[ 4351680ms] [LOG] EVENT:  MessageEvent @ :8
[ 4351703ms] [LOG] EVENT:  MessageEvent @ :8
[ 4351704ms] [LOG] EVENT:  MessageEvent @ :8
[ 4351829ms] [LOG] EVENT:  MessageEvent @ :8
[ 4352029ms] [LOG] EVENT:  MessageEvent @ :8
[ 4352029ms] [LOG] EVENT:  MessageEvent @ :8
[ 4352030ms] [LOG] EVENT:  MessageEvent @ :8
[ 4352155ms] [ERROR] TypeError: Failed to fetch
    at fe.fetchRequest (https://ads.adthrive.com/builds/core/b39b659/es2018/js/adthrive.min.js?deployment=2026-05-05-09:rpsc-822:b39b659:4&bucket=flex-14&deliveryFeatures=additiveRaptiveFloors,altsdm,altv2,amazonBetaApstag,cfbd,consentManagerCMP,cv2,ddbd,dlc,es2021,hb_crid,hbd,i262,ld,nvc,ok,pbis,raptiveFloors,raptiveManualCookieSync,recencyFrequency,reissuingSticky,removeAdHost,rpbsecs,rpr,rrassf,stickyBucketsLocalStorage,stickyV2,switzerlandGdpr,trafficShaping,usdk,prebidLoad,gptLoad,amazonLoad,ttdSync&siteid=673bb9af6038737af8850b11:3:63012)
    at fe.fetchRequest (https://ads.adthrive.com/builds/core/b39b659/es2018/js/adthrive.min.js?deployment=2026-05-05-09:rpsc-822:b39b659:4&bucket=flex-14&deliveryFeatures=additiveRaptiveFloors,altsdm,altv2,amazonBetaApstag,cfbd,consentManagerCMP,cv2,ddbd,dlc,es2021,hb_crid,hbd,i262,ld,nvc,ok,pbis,raptiveFloors,raptiveManualCookieSync,recencyFrequency,reissuingSticky,removeAdHost,rpbsecs,rpr,rrassf,stickyBucketsLocalStorage,stickyV2,switzerlandGdpr,trafficShaping,usdk,prebidLoad,gptLoad,amazonLoad,ttdSync&siteid=673bb9af6038737af8850b11:3:62952)
    at fe.makeRequest (https://ads.adthrive.com/builds/core/b39b659/es2018/js/adthrive.min.js?deployment=2026-05-05-09:rpsc-822:b39b659:4&bucket=flex-14&deliveryFeatures=additiveRaptiveFloors,altsdm,altv2,amazonBetaApstag,cfbd,consentManagerCMP,cv2,ddbd,dlc,es2021,hb_crid,hbd,i262,ld,nvc,ok,pbis,raptiveFloors,raptiveManualCookieSync,recencyFrequency,reissuingSticky,removeAdHost,rpbsecs,rpr,rrassf,stickyBucketsLocalStorage,stickyV2,switzerlandGdpr,trafficShaping,usdk,prebidLoad,gptLoad,amazonLoad,ttdSync&siteid=673bb9af6038737af8850b11:3:61547)
    at fe.fetchEvent (https://ads.adthrive.com/builds/core/b39b659/es2018/js/adthrive.min.js?deployment=2026-05-05-09:rpsc-822:b39b659:4&bucket=flex-14&deliveryFeatures=additiveRaptiveFloors,altsdm,altv2,amazonBetaApstag,cfbd,consentManagerCMP,cv2,ddbd,dlc,es2021,hb_crid,hbd,i262,ld,nvc,ok,pbis,raptiveFloors,raptiveManualCookieSync,recencyFrequency,reissuingSticky,removeAdHost,rpbsecs,rpr,rrassf,stickyBucketsLocalStorage,stickyV2,switzerlandGdpr,trafficShaping,usdk,prebidLoad,gptLoad,amazonLoad,ttdSync&siteid=673bb9af6038737af8850b11:3:59017)
    at z.logWebVitals (https://ads.adthrive.com/builds/core/b39b659/es2018/js/adthrive.min.js?deployment=2026-05-05-09:rpsc-822:b39b659:4&bucket=flex-14&deliveryFeatures=additiveRaptiveFloors,altsdm,altv2,amazonBetaApstag,cfbd,consentManagerCMP,cv2,ddbd,dlc,es2021,hb_crid,hbd,i262,ld,nvc,ok,pbis,raptiveFloors,raptiveManualCookieSync,recencyFrequency,reissuingSticky,removeAdHost,rpbsecs,rpr,rrassf,stickyBucketsLocalStorage,stickyV2,switzerlandGdpr,trafficShaping,usdk,prebidLoad,gptLoad,amazonLoad,ttdSync&siteid=673bb9af6038737af8850b11:437:134371)
    at z.<anonymous> (https://ads.adthrive.com/builds/core/b39b659/es2018/js/adthrive.min.js?deployment=2026-05-05-09:rpsc-822:b39b659:4&bucket=flex-14&deliveryFeatures=additiveRaptiveFloors,altsdm,altv2,amazonBetaApstag,cfbd,consentManagerCMP,cv2,ddbd,dlc,es2021,hb_crid,hbd,i262,ld,nvc,ok,pbis,raptiveFloors,raptiveManualCookieSync,recencyFrequency,reissuingSticky,removeAdHost,rpbsecs,rpr,rrassf,stickyBucketsLocalStorage,stickyV2,switzerlandGdpr,trafficShaping,usdk,prebidLoad,gptLoad,amazonLoad,ttdSync&siteid=673bb9af6038737af8850b11:3:49348)
    at document.addEventListener.once (https://ads.adthrive.com/builds/core/b39b659/es2018/js/adthrive.min.js?deployment=2026-05-05-09:rpsc-822:b39b659:4&bucket=flex-14&deliveryFeatures=additiveRaptiveFloors,altsdm,altv2,amazonBetaApstag,cfbd,consentManagerCMP,cv2,ddbd,dlc,es2021,hb_crid,hbd,i262,ld,nvc,ok,pbis,raptiveFloors,raptiveManualCookieSync,recencyFrequency,reissuingSticky,removeAdHost,rpbsecs,rpr,rrassf,stickyBucketsLocalStorage,stickyV2,switzerlandGdpr,trafficShaping,usdk,prebidLoad,gptLoad,amazonLoad,ttdSync&siteid=673bb9af6038737af8850b11:437:133612) @ https://ads.adthrive.com/builds/core/b39b659/es2018/js/adthrive.min.js?deployment=2026-05-05-09:rpsc-822:b39b659:4&bucket=flex-14&deliveryFeatures=additiveRaptiveFloors,altsdm,altv2,amazonBetaApstag,cfbd,consentManagerCMP,cv2,ddbd,dlc,es2021,hb_crid,hbd,i262,ld,nvc,ok,pbis,raptiveFloors,raptiveManualCookieSync,recencyFrequency,reissuingSticky,removeAdHost,rpbsecs,rpr,rrassf,stickyBucketsLocalStorage,stickyV2,switzerlandGdpr,trafficShaping,usdk,prebidLoad,gptLoad,amazonLoad,ttdSync&siteid=673bb9af6038737af8850b11:2
[ 4352232ms] [LOG] JQMIGRATE: Migrate is installed, version 3.4.1 @ https://mediatakeout.com/wp-includes/js/jquery/jquery-migrate.min.js?ver=3.4.1:1
[ 4352291ms] Unexpected token ';'
[ 4352286ms] [WARNING] adgb - not initialized. @ https://cdn.taboola.com/libtrc/mediatakeout-mediatakeout/loader.js:0
[ 4352902ms] [ERROR] Failed to load resource: the server responded with a status of 400 () @ https://ups.analytics.yahoo.com/ups/58404/fed?v=1&1p=0&gdpr=0&gdpr_consent=&us_privacy=&url=https://mediatakeout.com/&pixelId=58404&puid=cad246a8-153e-421d-80e2-40e38fa09335:0
[ 4352909ms] [WARNING] [GPT] PubAdsService.getTargeting is deprecated, use googletag.getConfig('targeting') instead.
https://goo.gle/gpt-message#200 @ https://securepubads.g.doubleclick.net/pagead/managed/js/gpt/m202604290101/pubads_impl.js:18
[ 4352912ms] [WARNING] [GPT] Slot.setTargeting is deprecated, use Slot.setConfig({targeting: ...}) instead.
https://goo.gle/gpt-message#171 @ https://securepubads.g.doubleclick.net/pagead/managed/js/gpt/m202604290101/pubads_impl.js:18
[ 4353080ms] [ERROR] Failed to load resource: the server responded with a status of 400 () @ https://ups.analytics.yahoo.com/ups/58404/fed?v=1&1p=0&gdpr=0&gdpr_consent=&us_privacy=1YNY&url=https://mediatakeout.com/&pixelId=58404&he=ca68b7dbe4ebc49c5fd2d6864f71530fa1afa0d7f27261d3b21446b0f9081848&puid=cad246a8-153e-421d-80e2-40e38fa09335:0
[ 4353444ms] [LOG] Called iframe: ads.pubmatic.com [] 
Number of topics:  0 @ https://ads.pubmatic.com/AdServer/js/topics/topics_frame.html?bidder=pubmatic:19
[ 4354712ms] [ERROR] Attestation check for Shared Storage on https://www.googleadservices.com failed. @ https://www.googleadservices.com/pagead/managed/js/activeview/current/reach_worklet.html:0
[ 4354757ms] [ERROR] Attestation check for Attribution Reporting on https://ad.doubleclick.net failed. @ https://mediatakeout.com/:0
[ 4354783ms] [ERROR] Attestation check for Attribution Reporting on https://ad.doubleclick.net failed. @ https://mediatakeout.com/:0
[ 4354712ms] [ERROR] Attestation check for Shared Storage on https://www.googleadservices.com failed. @ https://www.googleadservices.com/pagead/managed/js/activeview/current/reach_worklet.html:0
[ 4354794ms] [ERROR] Attestation check for Shared Storage on https://www.googleadservices.com failed. @ https://www.googleadservices.com/pagead/managed/js/activeview/current/reach_worklet.html:0
[ 4354712ms] [ERROR] Attestation check for Shared Storage on https://www.googleadservices.com failed. @ https://www.googleadservices.com/pagead/managed/js/activeview/current/reach_worklet.html:0
[ 4354794ms] [ERROR] Attestation check for Shared Storage on https://www.googleadservices.com failed. @ https://www.googleadservices.com/pagead/managed/js/activeview/current/reach_worklet.html:0
[ 4354897ms] [ERROR] Attestation check for Shared Storage on https://www.googleadservices.com failed. @ https://www.googleadservices.com/pagead/managed/js/activeview/current/reach_worklet.html:0
[ 4354712ms] [ERROR] Attestation check for Shared Storage on https://www.googleadservices.com failed. @ https://www.googleadservices.com/pagead/managed/js/activeview/current/reach_worklet.html:0
[ 4354794ms] [ERROR] Attestation check for Shared Storage on https://www.googleadservices.com failed. @ https://www.googleadservices.com/pagead/managed/js/activeview/current/reach_worklet.html:0
[ 4354897ms] [ERROR] Attestation check for Shared Storage on https://www.googleadservices.com failed. @ https://www.googleadservices.com/pagead/managed/js/activeview/current/reach_worklet.html:0
[ 4355008ms] [ERROR] Attestation check for Shared Storage on https://www.googleadservices.com failed. @ https://www.googleadservices.com/pagead/managed/js/activeview/current/reach_worklet.html:0
[ 4355315ms] [ERROR] Attestation check for Shared Storage on https://securepubads.g.doubleclick.net failed. @ https://imasdk.googleapis.com/js/core/bridge3.761.0_en.html#deid=%22%22&eventfe_experiment_ids=%5B%5D&fid=%22goog_510635579%22&genotype_experiment_data=%7B%22experimentStateProto%22%3A%22%5B%5B%5B45713128%2Cnull%2Cnull%2C%5B%5D%5D%2C%5Bnull%2C745150931%2Cnull%2C%5Bnull%2C1%5D%5D%2C%5Bnull%2C749060184%2Cnull%2C%5Bnull%2C128%5D%5D%2C%5B841585769%2Cnull%2Cnull%2C%5B1%5D%5D%2C%5B45761044%2Cnull%2Cnull%2C%5B%5D%5D%2C%5B45722344%2Cnull%2Cnull%2C%5B%5D%5D%2C%5B45706017%2Cnull%2Cnull%2C%5B1%5D%5D%2C%5B45774999%2Cnull%2Cnull%2C%5B%5D%5D%2C%5B45776042%2Cnull%2Cnull%2C%5B%5D%5D%2C%5B45668885%2Cnull%2Cnull%2C%5B%5D%5D%2C%5B45685340%2Cnull%2Cnull%2C%5B%5D%5D%2C%5B45765927%2Cnull%2Cnull%2C%5B%5D%5D%2C%5B45734716%2Cnull%2Cnull%2C%5B%5D%5D%2C%5B45735891%2Cnull%2Cnull%2C%5B%5D%5D%2C%5B45663239%2Cnull%2Cnull%2C%5B%5D%5D%2C%5B45715032%2Cnull%2Cnull%2C%5B1%5D%5D%2C%5B45661356%2Cnull%2Cnull%2C%5B%5D%5D%2C%5B839547366%2Cnull%2Cnull%2C%5B1%5D%5D%2C%5B45676441%2Cnull%2Cnull%2C%5B%5D%5D%2C%5Bnull%2C45645574%2Cnull%2C%5B%5D%5D%2C%5B45688859%2Cnull%2Cnull%2C%5B%5D%5D%2C%5B45656766%2Cnull%2Cnull%2C%5B%5D%5D%2C%5B45710689%2Cnull%2Cnull%2C%5B%5D%5D%2C%5B45710688%2Cnull%2Cnull%2C%5B1%5D%5D%2C%5B45685601%2Cnull%2Cnull%2C%5B%5D%5D%2C%5Bnull%2C45685602%2Cnull%2C%5Bnull%2C500%5D%5D%2C%5Bnull%2C45767902%2Cnull%2C%5Bnull%2C500%5D%5D%2C%5B45756824%2Cnull%2Cnull%2C%5B%5D%5D%2C%5B45747172%2Cnull%2Cnull%2C%5B%5D%5D%2C%5B775241416%2Cnull%2Cnull%2C%5B%5D%5D%2C%5B781107959%2Cnull%2Cnull%2C%5B%5D%5D%2C%5B781107958%2Cnull%2Cnull%2C%5B%5D%5D%2C%5B792614055%2Cnull%2Cnull%2C%5B%5D%5D%2C%5B781107957%2Cnull%2Cnull%2C%5B%5D%5D%2C%5B45729602%2Cnull%2Cnull%2C%5B%5D%5D%2C%5B45753603%2Cnull%2Cnull%2C%5B%5D%5D%2C%5B45753604%2Cnull%2Cnull%2C%5B%5D%5D%5D%2C%5B%5B16%2C%5B%5B1%2C%5B%5B31089630%5D%2C%5B31089631%2C%5B%5B45668885%2Cnull%2Cnull%2C%5B1%5D%5D%5D%5D%5D%5D%2C%5B10%2C%5B%5B31097690%5D%2C%5B31097691%2C%5B%5B846355750%2Cnull%2Cnull%2C%5B1%5D%5D%5D%5D%5D%5D%2C%5B1000%2C%5B%5B95332046%5D%5D%5D%2C%5Bnull%2C%5B%5B95332047%5D%5D%5D%2C%5B10%2C%5B%5B95338769%2C%5B%5Bnull%2C45645574%2Cnull%2C%5Bnull%2C1%5D%5D%5D%5D%2C%5B95338770%2C%5B%5Bnull%2C45645574%2Cnull%2C%5Bnull%2C2%5D%5D%5D%5D%5D%5D%2C%5B50%2C%5B%5B95345206%5D%2C%5B95345207%2C%5B%5B45661356%2Cnull%2Cnull%2C%5B1%5D%5D%5D%5D%5D%5D%2C%5B1%2C%5B%5B95351425%5D%2C%5B95351426%2C%5B%5B45676441%2Cnull%2Cnull%2C%5B1%5D%5D%5D%5D%5D%5D%2C%5B1%2C%5B%5B95373378%2C%5B%5B792614055%2Cnull%2Cnull%2C%5B1%5D%5D%5D%5D%2C%5B95373379%2C%5B%5B45747172%2Cnull%2Cnull%2C%5B1%5D%5D%2C%5B781107959%2Cnull%2Cnull%2C%5B1%5D%5D%2C%5B792614055%2Cnull%2Cnull%2C%5B1%5D%5D%2C%5B781107957%2Cnull%2Cnull%2C%5B1%5D%5D%5D%5D%5D%5D%2C%5B10%2C%5B%5B95378629%5D%2C%5B95378630%2C%5B%5B45729602%2Cnull%2Cnull%2C%5B1%5D%5D%5D%5D%2C%5B95381582%2C%5B%5B45729602%2Cnull%2Cnull%2C%5B1%5D%5D%2C%5B45753603%2Cnull%2Cnull%2C%5B1%5D%5D%5D%5D%2C%5B95381583%2C%5B%5B45729602%2Cnull%2Cnull%2C%5B1%5D%5D%2C%5B45753604%2Cnull%2Cnull%2C%5B1%5D%5D%5D%5D%5D%5D%2C%5B50%2C%5B%5B95382403%5D%2C%5B95386528%2C%5B%5Bnull%2C45767902%2Cnull%2C%5B%5D%5D%2C%5B45756824%2Cnull%2Cnull%2C%5B1%5D%5D%5D%5D%5D%5D%2C%5B10%2C%5B%5B95385193%5D%2C%5B95385194%2C%5B%5B45765927%2Cnull%2Cnull%2C%5B1%5D%5D%5D%5D%5D%5D%2C%5B100%2C%5B%5B95387816%5D%2C%5B95387817%2C%5B%5B45774999%2Cnull%2Cnull%2C%5B1%5D%5D%5D%5D%5D%5D%2C%5B10%2C%5B%5B95389581%5D%2C%5B95389582%2C%5B%5B635466687%2Cnull%2Cnull%2C%5B1%5D%5D%5D%5D%5D%5D%5D%5D%5D%2Cnull%2Cnull%2C%5Bnull%2C1000%2C1%2C1000%5D%5D%22%7D&imalib_experiments=%5B95322027%2C95331589%2C95332046%2C31061690%5D&is_eap_loader=false&managed_js_experiment_id=0&page_correlator=3693469122148819&pvsid=8804270010218544&top_accessible_page_url=%22https%3A%2F%2Fmediatakeout.com%2F%22:0
[ 4355355ms] [TIMEEND] a: 0.0009765625 ms @ https://static.adsafeprotected.com/sca.17.6.4.js:31
[ 4354712ms] [ERROR] Attestation check for Shared Storage on https://www.googleadservices.com failed. @ https://www.googleadservices.com/pagead/managed/js/activeview/current/reach_worklet.html:0
[ 4354794ms] [ERROR] Attestation check for Shared Storage on https://www.googleadservices.com failed. @ https://www.googleadservices.com/pagead/managed/js/activeview/current/reach_worklet.html:0
[ 4354897ms] [ERROR] Attestation check for Shared Storage on https://www.googleadservices.com failed. @ https://www.googleadservices.com/pagead/managed/js/activeview/current/reach_worklet.html:0
[ 4355008ms] [ERROR] Attestation check for Shared Storage on https://www.googleadservices.com failed. @ https://www.googleadservices.com/pagead/managed/js/activeview/current/reach_worklet.html:0
[ 4355409ms] [ERROR] Attestation check for Shared Storage on https://www.googleadservices.com failed. @ https://www.googleadservices.com/pagead/managed/js/activeview/current/reach_worklet.html:0
[ 4354712ms] [ERROR] Attestation check for Shared Storage on https://www.googleadservices.com failed. @ https://www.googleadservices.com/pagead/managed/js/activeview/current/reach_worklet.html:0
[ 4354794ms] [ERROR] Attestation check for Shared Storage on https://www.googleadservices.com failed. @ https://www.googleadservices.com/pagead/managed/js/activeview/current/reach_worklet.html:0
[ 4354897ms] [ERROR] Attestation check for Shared Storage on https://www.googleadservices.com failed. @ https://www.googleadservices.com/pagead/managed/js/activeview/current/reach_worklet.html:0
[ 4355008ms] [ERROR] Attestation check for Shared Storage on https://www.googleadservices.com failed. @ https://www.googleadservices.com/pagead/managed/js/activeview/current/reach_worklet.html:0
[ 4355409ms] [ERROR] Attestation check for Shared Storage on https://www.googleadservices.com failed. @ https://www.googleadservices.com/pagead/managed/js/activeview/current/reach_worklet.html:0
[ 4355733ms] [ERROR] Attestation check for Shared Storage on https://www.googleadservices.com failed. @ https://www.googleadservices.com/pagead/managed/js/activeview/current/reach_worklet.html:0
[ 4355991ms] [WARNING] [GPT] Slot AdThrive_Sidebar_9_desktop rendered inside of the viewport.
https://goo.gle/gpt-message#169 @ https://securepubads.g.doubleclick.net/pagead/managed/js/gpt/m202604290101/pubads_impl.js:18
[ 4354712ms] [ERROR] Attestation check for Shared Storage on https://www.googleadservices.com failed. @ https://www.googleadservices.com/pagead/managed/js/activeview/current/reach_worklet.html:0
[ 4354794ms] [ERROR] Attestation check for Shared Storage on https://www.googleadservices.com failed. @ https://www.googleadservices.com/pagead/managed/js/activeview/current/reach_worklet.html:0
[ 4354897ms] [ERROR] Attestation check for Shared Storage on https://www.googleadservices.com failed. @ https://www.googleadservices.com/pagead/managed/js/activeview/current/reach_worklet.html:0
[ 4355008ms] [ERROR] Attestation check for Shared Storage on https://www.googleadservices.com failed. @ https://www.googleadservices.com/pagead/managed/js/activeview/current/reach_worklet.html:0
[ 4355409ms] [ERROR] Attestation check for Shared Storage on https://www.googleadservices.com failed. @ https://www.googleadservices.com/pagead/managed/js/activeview/current/reach_worklet.html:0
[ 4355733ms] [ERROR] Attestation check for Shared Storage on https://www.googleadservices.com failed. @ https://www.googleadservices.com/pagead/managed/js/activeview/current/reach_worklet.html:0
[ 4356057ms] [ERROR] Attestation check for Shared Storage on https://www.googleadservices.com failed. @ https://www.googleadservices.com/pagead/managed/js/activeview/current/reach_worklet.html:0
[ 4356137ms] [ERROR] Failed to load resource: net::ERR_CONNECTION_CLOSED @ https://csync.smilewanted.com/set_partner_userid_get/rubicon/MOTB50MW-1Q-L5SN?gdpr=0&us_privacy=1YNY:0
[ 4354712ms] [ERROR] Attestation check for Shared Storage on https://www.googleadservices.com failed. @ https://www.googleadservices.com/pagead/managed/js/activeview/current/reach_worklet.html:0
[ 4354794ms] [ERROR] Attestation check for Shared Storage on https://www.googleadservices.com failed. @ https://www.googleadservices.com/pagead/managed/js/activeview/current/reach_worklet.html:0
[ 4354897ms] [ERROR] Attestation check for Shared Storage on https://www.googleadservices.com failed. @ https://www.googleadservices.com/pagead/managed/js/activeview/current/reach_worklet.html:0
[ 4355008ms] [ERROR] Attestation check for Shared Storage on https://www.googleadservices.com failed. @ https://www.googleadservices.com/pagead/managed/js/activeview/current/reach_worklet.html:0
[ 4355409ms] [ERROR] Attestation check for Shared Storage on https://www.googleadservices.com failed. @ https://www.googleadservices.com/pagead/managed/js/activeview/current/reach_worklet.html:0
[ 4355733ms] [ERROR] Attestation check for Shared Storage on https://www.googleadservices.com failed. @ https://www.googleadservices.com/pagead/managed/js/activeview/current/reach_worklet.html:0
[ 4356057ms] [ERROR] Attestation check for Shared Storage on https://www.googleadservices.com failed. @ https://www.googleadservices.com/pagead/managed/js/activeview/current/reach_worklet.html:0
[ 4356158ms] [ERROR] Attestation check for Shared Storage on https://www.googleadservices.com failed. @ https://www.googleadservices.com/pagead/managed/js/activeview/current/reach_worklet.html:0
[ 4356137ms] [ERROR] Failed to load resource: net::ERR_CONNECTION_CLOSED @ https://csync.smilewanted.com/set_partner_userid_get/rubicon/MOTB50MW-1Q-L5SN?gdpr=0&us_privacy=1YNY:0
[ 4356353ms] [WARNING] The key "target-densitydpi" is not supported. @ https://s-static.innovid.com/mobileapps/s/js/default/24l9dt?cb=ff3aa6f9-3f9a-f7e7-e89a-49efeb039644&deviceid=&ivc=cb%3D1778026784729%26ivc_cachebuster%3D1778026784729%26ivc_click_through%3Dhttps%253A%252F%252Fevents-us-east-1b.ipredictive.com%252Fd%252Ftrack%252Fclick%253Fsid%253Dc389fe87-de90-48c0-b514-2ce6897a40e8-1%2526crid%253D24769481%2526adid%253D107875%2526oid%253D2635009%2526cid%253D543369%2526pubid%253D48%2526site_id%253D3893185370%2526auid%253D7187736%2526algid%253D14%2526offpc%253D2.5011249999999996%2526optpc%253D3.391505124934%2526cstpc%253D2.5011249999999996%2526xts%253D1778113184%2526pbap%253DCgcxNjB4NjAwEAcaAWYqBkdvb2dsZTIGQ2hyb21lOgRPUyBYQgYyNi4zLjBSAmVuWhFQRVJTT05BTF9DT01QVVRFUmAAagZCQU5ORVKKAQItNZABAaUBLaEDQq0B9dnCwrIBBjE0NDA5M8ABAsgBAtIBBlBVQkxJQ9oBLQoNTUdOSS1BUC0yOTc1NhFORwA3ixfDPxoFRklSU1QiBjE0NDA5MzAAQABIANoBLQoNTUdOSS1BUC0zMjQyMxFORwA3ixfDPxoFRklSU1QiBjE0ODE3MTAAQABIANoBJQoNTUdOSS1BUC0zMjQzMRFORwA3ixfDPxoFRklSU1QwAEAASADaASUKDU1HTkktQVAtMzI0NjIRTkcAN4sXwz8aBUZJUlNUMABAAEgA2gEvChBNR05JLU1ELTEwMC05NDUxEVK4HoXrUcg_GgVGSVJTVCIFMTc0ODcwAEAASADaASwKDU1HTkktQVAtMTM3NDYRTkcAN4sXwz8aBUZJUlNUIgUzNzU5NzAAQABIANoBLwoRTUdOSS1NRC0yOTQtMTkwMTARAAAAAAAA4D8aBUZJUlNUKgQyOTQ3MABAAEgA2gEtCg1NR05JLUFQLTMwODc0EU5HADeLF8M_GgVGSVJTVCIGMTQ2NjI4MABAAEgA2gEnCghSUC1BUC00MBFORwA3ixfDPxoFRklSU1QiBTIyODkyMABAAEgA2gEuCg5BREwtOTI2Mi0wMDBlYRF1WOGWj6TCPxoIQklERkxPT1IqAzE5NzAAQABIANoBJQoNTUdOSS1BUC0zMjQxORFORwA3ixfDPxoFRklSU1QwAEAASADaASgKCVJQLUFQLTI0NRFORwA3ixfDPxoFRklSU1QiBTE3NDg3MABAAEgA2gElCg1NR05JLUFQLTMyNDIwEU5HADeLF8M_GgVGSVJTVDAAQABIANoBJQoNTUdOSS1BUC0zMjQ2MxFORwA3ixfDPxoFRklSU1QwAEAASADaASUKDU1HTkktQVAtMzI0MzARTkcAN4sXwz8aBUZJUlNUMABAAEgA2gEsCg1NR05JLUFQLTI0NTE5EU5HADeLF8M_GgVGSVJTVCIFMjM2MTIwAEAASAD6ASBlMTg3MmIyNzE0MDRjMzZhOTJmOGQ3ZjhlYzJmOGJhOIICRlhpMTQ0ODRub244Z0VzYXc3aGY4ck5TNjBfZGNlaGlyVDV3MzdlYjJuS0xxRnh1NnJhcHlFVmpkSndjUERhTXo4ZU05WVqKAgxUSElSRFBBUlRZSUSSAgoxNzIuNC4yLjYzmgICWFKgAgCwAgHyAnVNb3ppbGxhLzUuMCAoTWFjaW50b3NoOyBJbnRlbCBNYWMgT1MgWCAxMF8xNV83KSBBcHBsZVdlYktpdC81MzcuMzYgKEtIVE1MLCBsaWtlIEdlY2tvKSBDaHJvbWUvMTQ3LjAuMC4wIFNhZmFyaS81MzcuMzb6Ag5DaHJvbWUgRGVza3RvcIIDBTc2MTc5igMKRm9ydCBXb3J0aJIDAzYyM5oDAlRYogMCVVOqAwIxMLEDdVjhlo-kwj_CAwM2MjPKAw1BVCZUIEludGVybmV00gMEd2lmadoDEG1lZGlhdGFrZW91dC5jb23qAyhjODY5MTQ5NDg0OWY2MDY3Y2IwOWRlZTcyOTk5ODYwYTNkZDlhOGI5-gMVMGJmZDY2ZDUyOWE1NTgwNzo5MjYyuQQUrkfhehTmP-EEQxzr4jYa6j_qBAQ4OS4w8gQGQ2hyb21l-gQCVFiCBQQxWU5ZkgUEOTI2MpoFDU1HTkktQVAtMjk3NTbKBQEx0gUqcnViaWNvbi13LWViNGRkN2Y1MTViMTE2YTY2YThjNGIwZmU2ZGY1NGJm8AUCgAYBmQYAAAAAAAAAAKIGCjE3Mi40LjIuNjOpBgAAAAAAALA_0AYA4gY6CghBREVMUEhJQxIkMTkwOTM1MjUtYjYwNS00YzUwLWEwMGItZWU5NWRjMmQwN2RlGghBREVMUEhJQ-kGAAAAAAAAAACCB14KDFRISVJEUEFSVFlJRBJGWGkxNDQ4NG5vbjhnRXNhdzdoZjhyTlM2MF9kY2VoaXJUNXczN2ViMm5LTHFGeHU2cmFweUVWamRKd2NQRGFNejhlTTlZWhoGUkFNUElEigcGUkFNUElEuAcBwAcA2gcKQklEUkVRVUVTVOIHLTUzMjo4MjAzMTE3MCw1NDc6NTEwMDY0MzgsZXZpZG9uOiw1Mjk6MTQ5Mzc1MeoHCjBfZXZpZG9uOjD4BwKACACaCEZYaTE0NDg0bm9uOGdFc2F3N2hmOHJOUzYwX2RjZWhpclQ1dzM3ZWIybktMcUZ4dTZyYXB5RVZqZEp3Y1BEYU16OGVNOVlaoggSMTQ5Mzc1MT0xNzIuNC4yLjYz%2526ez_p%253D%2526rd%253D%26ivc_sessionid%3Dc389fe87-de90-48c0-b514-2ce6897a40e8-1%26iv_geo_dma%3D623%26iv_geo_country%3DUS%26iv_geo_city%3DFort+Worth%26iv_geo_state%3DTX%26iv_geo_zip%3D76179%26iv_geo_lat%3D32.9074%26iv_geo_lon%3D-97.4257&pref=false:31
[ 4356357ms] [LOG] PTP: called init @ https://s-static.innovid.com/mobileapps/s/js/default/24l9dt?cb=ff3aa6f9-3f9a-f7e7-e89a-49efeb039644&deviceid=&ivc=cb%3D1778026784729%26ivc_cachebuster%3D1778026784729%26ivc_click_through%3Dhttps%253A%252F%252Fevents-us-east-1b.ipredictive.com%252Fd%252Ftrack%252Fclick%253Fsid%253Dc389fe87-de90-48c0-b514-2ce6897a40e8-1%2526crid%253D24769481%2526adid%253D107875%2526oid%253D2635009%2526cid%253D543369%2526pubid%253D48%2526site_id%253D3893185370%2526auid%253D7187736%2526algid%253D14%2526offpc%253D2.5011249999999996%2526optpc%253D3.391505124934%2526cstpc%253D2.5011249999999996%2526xts%253D1778113184%2526pbap%253DCgcxNjB4NjAwEAcaAWYqBkdvb2dsZTIGQ2hyb21lOgRPUyBYQgYyNi4zLjBSAmVuWhFQRVJTT05BTF9DT01QVVRFUmAAagZCQU5ORVKKAQItNZABAaUBLaEDQq0B9dnCwrIBBjE0NDA5M8ABAsgBAtIBBlBVQkxJQ9oBLQoNTUdOSS1BUC0yOTc1NhFORwA3ixfDPxoFRklSU1QiBjE0NDA5MzAAQABIANoBLQoNTUdOSS1BUC0zMjQyMxFORwA3ixfDPxoFRklSU1QiBjE0ODE3MTAAQABIANoBJQoNTUdOSS1BUC0zMjQzMRFORwA3ixfDPxoFRklSU1QwAEAASADaASUKDU1HTkktQVAtMzI0NjIRTkcAN4sXwz8aBUZJUlNUMABAAEgA2gEvChBNR05JLU1ELTEwMC05NDUxEVK4HoXrUcg_GgVGSVJTVCIFMTc0ODcwAEAASADaASwKDU1HTkktQVAtMTM3NDYRTkcAN4sXwz8aBUZJUlNUIgUzNzU5NzAAQABIANoBLwoRTUdOSS1NRC0yOTQtMTkwMTARAAAAAAAA4D8aBUZJUlNUKgQyOTQ3MABAAEgA2gEtCg1NR05JLUFQLTMwODc0EU5HADeLF8M_GgVGSVJTVCIGMTQ2NjI4MABAAEgA2gEnCghSUC1BUC00MBFORwA3ixfDPxoFRklSU1QiBTIyODkyMABAAEgA2gEuCg5BREwtOTI2Mi0wMDBlYRF1WOGWj6TCPxoIQklERkxPT1IqAzE5NzAAQABIANoBJQoNTUdOSS1BUC0zMjQxORFORwA3ixfDPxoFRklSU1QwAEAASADaASgKCVJQLUFQLTI0NRFORwA3ixfDPxoFRklSU1QiBTE3NDg3MABAAEgA2gElCg1NR05JLUFQLTMyNDIwEU5HADeLF8M_GgVGSVJTVDAAQABIANoBJQoNTUdOSS1BUC0zMjQ2MxFORwA3ixfDPxoFRklSU1QwAEAASADaASUKDU1HTkktQVAtMzI0MzARTkcAN4sXwz8aBUZJUlNUMABAAEgA2gEsCg1NR05JLUFQLTI0NTE5EU5HADeLF8M_GgVGSVJTVCIFMjM2MTIwAEAASAD6ASBlMTg3MmIyNzE0MDRjMzZhOTJmOGQ3ZjhlYzJmOGJhOIICRlhpMTQ0ODRub244Z0VzYXc3aGY4ck5TNjBfZGNlaGlyVDV3MzdlYjJuS0xxRnh1NnJhcHlFVmpkSndjUERhTXo4ZU05WVqKAgxUSElSRFBBUlRZSUSSAgoxNzIuNC4yLjYzmgICWFKgAgCwAgHyAnVNb3ppbGxhLzUuMCAoTWFjaW50b3NoOyBJbnRlbCBNYWMgT1MgWCAxMF8xNV83KSBBcHBsZVdlYktpdC81MzcuMzYgKEtIVE1MLCBsaWtlIEdlY2tvKSBDaHJvbWUvMTQ3LjAuMC4wIFNhZmFyaS81MzcuMzb6Ag5DaHJvbWUgRGVza3RvcIIDBTc2MTc5igMKRm9ydCBXb3J0aJIDAzYyM5oDAlRYogMCVVOqAwIxMLEDdVjhlo-kwj_CAwM2MjPKAw1BVCZUIEludGVybmV00gMEd2lmadoDEG1lZGlhdGFrZW91dC5jb23qAyhjODY5MTQ5NDg0OWY2MDY3Y2IwOWRlZTcyOTk5ODYwYTNkZDlhOGI5-gMVMGJmZDY2ZDUyOWE1NTgwNzo5MjYyuQQUrkfhehTmP-EEQxzr4jYa6j_qBAQ4OS4w8gQGQ2hyb21l-gQCVFiCBQQxWU5ZkgUEOTI2MpoFDU1HTkktQVAtMjk3NTbKBQEx0gUqcnViaWNvbi13LWViNGRkN2Y1MTViMTE2YTY2YThjNGIwZmU2ZGY1NGJm8AUCgAYBmQYAAAAAAAAAAKIGCjE3Mi40LjIuNjOpBgAAAAAAALA_0AYA4gY6CghBREVMUEhJQxIkMTkwOTM1MjUtYjYwNS00YzUwLWEwMGItZWU5NWRjMmQwN2RlGghBREVMUEhJQ-kGAAAAAAAAAACCB14KDFRISVJEUEFSVFlJRBJGWGkxNDQ4NG5vbjhnRXNhdzdoZjhyTlM2MF9kY2VoaXJUNXczN2ViMm5LTHFGeHU2cmFweUVWamRKd2NQRGFNejhlTTlZWhoGUkFNUElEigcGUkFNUElEuAcBwAcA2gcKQklEUkVRVUVTVOIHLTUzMjo4MjAzMTE3MCw1NDc6NTEwMDY0MzgsZXZpZG9uOiw1Mjk6MTQ5Mzc1MeoHCjBfZXZpZG9uOjD4BwKACACaCEZYaTE0NDg0bm9uOGdFc2F3N2hmOHJOUzYwX2RjZWhpclQ1dzM3ZWIybktMcUZ4dTZyYXB5RVZqZEp3Y1BEYU16OGVNOVlaoggSMTQ5Mzc1MT0xNzIuNC4yLjYz%2526ez_p%253D%2526rd%253D%26ivc_sessionid%3Dc389fe87-de90-48c0-b514-2ce6897a40e8-1%26iv_geo_dma%3D623%26iv_geo_country%3DUS%26iv_geo_city%3DFort+Worth%26iv_geo_state%3DTX%26iv_geo_zip%3D76179%26iv_geo_lat%3D32.9074%26iv_geo_lon%3D-97.4257&pref=false:496
[ 4356357ms] [LOG] PTP: called getVolume @ https://s-static.innovid.com/mobileapps/s/js/default/24l9dt?cb=ff3aa6f9-3f9a-f7e7-e89a-49efeb039644&deviceid=&ivc=cb%3D1778026784729%26ivc_cachebuster%3D1778026784729%26ivc_click_through%3Dhttps%253A%252F%252Fevents-us-east-1b.ipredictive.com%252Fd%252Ftrack%252Fclick%253Fsid%253Dc389fe87-de90-48c0-b514-2ce6897a40e8-1%2526crid%253D24769481%2526adid%253D107875%2526oid%253D2635009%2526cid%253D543369%2526pubid%253D48%2526site_id%253D3893185370%2526auid%253D7187736%2526algid%253D14%2526offpc%253D2.5011249999999996%2526optpc%253D3.391505124934%2526cstpc%253D2.5011249999999996%2526xts%253D1778113184%2526pbap%253DCgcxNjB4NjAwEAcaAWYqBkdvb2dsZTIGQ2hyb21lOgRPUyBYQgYyNi4zLjBSAmVuWhFQRVJTT05BTF9DT01QVVRFUmAAagZCQU5ORVKKAQItNZABAaUBLaEDQq0B9dnCwrIBBjE0NDA5M8ABAsgBAtIBBlBVQkxJQ9oBLQoNTUdOSS1BUC0yOTc1NhFORwA3ixfDPxoFRklSU1QiBjE0NDA5MzAAQABIANoBLQoNTUdOSS1BUC0zMjQyMxFORwA3ixfDPxoFRklSU1QiBjE0ODE3MTAAQABIANoBJQoNTUdOSS1BUC0zMjQzMRFORwA3ixfDPxoFRklSU1QwAEAASADaASUKDU1HTkktQVAtMzI0NjIRTkcAN4sXwz8aBUZJUlNUMABAAEgA2gEvChBNR05JLU1ELTEwMC05NDUxEVK4HoXrUcg_GgVGSVJTVCIFMTc0ODcwAEAASADaASwKDU1HTkktQVAtMTM3NDYRTkcAN4sXwz8aBUZJUlNUIgUzNzU5NzAAQABIANoBLwoRTUdOSS1NRC0yOTQtMTkwMTARAAAAAAAA4D8aBUZJUlNUKgQyOTQ3MABAAEgA2gEtCg1NR05JLUFQLTMwODc0EU5HADeLF8M_GgVGSVJTVCIGMTQ2NjI4MABAAEgA2gEnCghSUC1BUC00MBFORwA3ixfDPxoFRklSU1QiBTIyODkyMABAAEgA2gEuCg5BREwtOTI2Mi0wMDBlYRF1WOGWj6TCPxoIQklERkxPT1IqAzE5NzAAQABIANoBJQoNTUdOSS1BUC0zMjQxORFORwA3ixfDPxoFRklSU1QwAEAASADaASgKCVJQLUFQLTI0NRFORwA3ixfDPxoFRklSU1QiBTE3NDg3MABAAEgA2gElCg1NR05JLUFQLTMyNDIwEU5HADeLF8M_GgVGSVJTVDAAQABIANoBJQoNTUdOSS1BUC0zMjQ2MxFORwA3ixfDPxoFRklSU1QwAEAASADaASUKDU1HTkktQVAtMzI0MzARTkcAN4sXwz8aBUZJUlNUMABAAEgA2gEsCg1NR05JLUFQLTI0NTE5EU5HADeLF8M_GgVGSVJTVCIFMjM2MTIwAEAASAD6ASBlMTg3MmIyNzE0MDRjMzZhOTJmOGQ3ZjhlYzJmOGJhOIICRlhpMTQ0ODRub244Z0VzYXc3aGY4ck5TNjBfZGNlaGlyVDV3MzdlYjJuS0xxRnh1NnJhcHlFVmpkSndjUERhTXo4ZU05WVqKAgxUSElSRFBBUlRZSUSSAgoxNzIuNC4yLjYzmgICWFKgAgCwAgHyAnVNb3ppbGxhLzUuMCAoTWFjaW50b3NoOyBJbnRlbCBNYWMgT1MgWCAxMF8xNV83KSBBcHBsZVdlYktpdC81MzcuMzYgKEtIVE1MLCBsaWtlIEdlY2tvKSBDaHJvbWUvMTQ3LjAuMC4wIFNhZmFyaS81MzcuMzb6Ag5DaHJvbWUgRGVza3RvcIIDBTc2MTc5igMKRm9ydCBXb3J0aJIDAzYyM5oDAlRYogMCVVOqAwIxMLEDdVjhlo-kwj_CAwM2MjPKAw1BVCZUIEludGVybmV00gMEd2lmadoDEG1lZGlhdGFrZW91dC5jb23qAyhjODY5MTQ5NDg0OWY2MDY3Y2IwOWRlZTcyOTk5ODYwYTNkZDlhOGI5-gMVMGJmZDY2ZDUyOWE1NTgwNzo5MjYyuQQUrkfhehTmP-EEQxzr4jYa6j_qBAQ4OS4w8gQGQ2hyb21l-gQCVFiCBQQxWU5ZkgUEOTI2MpoFDU1HTkktQVAtMjk3NTbKBQEx0gUqcnViaWNvbi13LWViNGRkN2Y1MTViMTE2YTY2YThjNGIwZmU2ZGY1NGJm8AUCgAYBmQYAAAAAAAAAAKIGCjE3Mi40LjIuNjOpBgAAAAAAALA_0AYA4gY6CghBREVMUEhJQxIkMTkwOTM1MjUtYjYwNS00YzUwLWEwMGItZWU5NWRjMmQwN2RlGghBREVMUEhJQ-kGAAAAAAAAAACCB14KDFRISVJEUEFSVFlJRBJGWGkxNDQ4NG5vbjhnRXNhdzdoZjhyTlM2MF9kY2VoaXJUNXczN2ViMm5LTHFGeHU2cmFweUVWamRKd2NQRGFNejhlTTlZWhoGUkFNUElEigcGUkFNUElEuAcBwAcA2gcKQklEUkVRVUVTVOIHLTUzMjo4MjAzMTE3MCw1NDc6NTEwMDY0MzgsZXZpZG9uOiw1Mjk6MTQ5Mzc1MeoHCjBfZXZpZG9uOjD4BwKACACaCEZYaTE0NDg0bm9uOGdFc2F3N2hmOHJOUzYwX2RjZWhpclQ1dzM3ZWIybktMcUZ4dTZyYXB5RVZqZEp3Y1BEYU16OGVNOVlaoggSMTQ5Mzc1MT0xNzIuNC4yLjYz%2526ez_p%253D%2526rd%253D%26ivc_sessionid%3Dc389fe87-de90-48c0-b514-2ce6897a40e8-1%26iv_geo_dma%3D623%26iv_geo_country%3DUS%26iv_geo_city%3DFort+Worth%26iv_geo_state%3DTX%26iv_geo_zip%3D76179%26iv_geo_lat%3D32.9074%26iv_geo_lon%3D-97.4257&pref=false:498
[ 4356361ms] [LOG] Initial Load Banner Id: iva-display-sub-load-html-banner @ https://s-static.innovid.com/mobileapps/s/js/default/24l9dt?cb=ff3aa6f9-3f9a-f7e7-e89a-49efeb039644&deviceid=&ivc=cb%3D1778026784729%26ivc_cachebuster%3D1778026784729%26ivc_click_through%3Dhttps%253A%252F%252Fevents-us-east-1b.ipredictive.com%252Fd%252Ftrack%252Fclick%253Fsid%253Dc389fe87-de90-48c0-b514-2ce6897a40e8-1%2526crid%253D24769481%2526adid%253D107875%2526oid%253D2635009%2526cid%253D543369%2526pubid%253D48%2526site_id%253D3893185370%2526auid%253D7187736%2526algid%253D14%2526offpc%253D2.5011249999999996%2526optpc%253D3.391505124934%2526cstpc%253D2.5011249999999996%2526xts%253D1778113184%2526pbap%253DCgcxNjB4NjAwEAcaAWYqBkdvb2dsZTIGQ2hyb21lOgRPUyBYQgYyNi4zLjBSAmVuWhFQRVJTT05BTF9DT01QVVRFUmAAagZCQU5ORVKKAQItNZABAaUBLaEDQq0B9dnCwrIBBjE0NDA5M8ABAsgBAtIBBlBVQkxJQ9oBLQoNTUdOSS1BUC0yOTc1NhFORwA3ixfDPxoFRklSU1QiBjE0NDA5MzAAQABIANoBLQoNTUdOSS1BUC0zMjQyMxFORwA3ixfDPxoFRklSU1QiBjE0ODE3MTAAQABIANoBJQoNTUdOSS1BUC0zMjQzMRFORwA3ixfDPxoFRklSU1QwAEAASADaASUKDU1HTkktQVAtMzI0NjIRTkcAN4sXwz8aBUZJUlNUMABAAEgA2gEvChBNR05JLU1ELTEwMC05NDUxEVK4HoXrUcg_GgVGSVJTVCIFMTc0ODcwAEAASADaASwKDU1HTkktQVAtMTM3NDYRTkcAN4sXwz8aBUZJUlNUIgUzNzU5NzAAQABIANoBLwoRTUdOSS1NRC0yOTQtMTkwMTARAAAAAAAA4D8aBUZJUlNUKgQyOTQ3MABAAEgA2gEtCg1NR05JLUFQLTMwODc0EU5HADeLF8M_GgVGSVJTVCIGMTQ2NjI4MABAAEgA2gEnCghSUC1BUC00MBFORwA3ixfDPxoFRklSU1QiBTIyODkyMABAAEgA2gEuCg5BREwtOTI2Mi0wMDBlYRF1WOGWj6TCPxoIQklERkxPT1IqAzE5NzAAQABIANoBJQoNTUdOSS1BUC0zMjQxORFORwA3ixfDPxoFRklSU1QwAEAASADaASgKCVJQLUFQLTI0NRFORwA3ixfDPxoFRklSU1QiBTE3NDg3MABAAEgA2gElCg1NR05JLUFQLTMyNDIwEU5HADeLF8M_GgVGSVJTVDAAQABIANoBJQoNTUdOSS1BUC0zMjQ2MxFORwA3ixfDPxoFRklSU1QwAEAASADaASUKDU1HTkktQVAtMzI0MzARTkcAN4sXwz8aBUZJUlNUMABAAEgA2gEsCg1NR05JLUFQLTI0NTE5EU5HADeLF8M_GgVGSVJTVCIFMjM2MTIwAEAASAD6ASBlMTg3MmIyNzE0MDRjMzZhOTJmOGQ3ZjhlYzJmOGJhOIICRlhpMTQ0ODRub244Z0VzYXc3aGY4ck5TNjBfZGNlaGlyVDV3MzdlYjJuS0xxRnh1NnJhcHlFVmpkSndjUERhTXo4ZU05WVqKAgxUSElSRFBBUlRZSUSSAgoxNzIuNC4yLjYzmgICWFKgAgCwAgHyAnVNb3ppbGxhLzUuMCAoTWFjaW50b3NoOyBJbnRlbCBNYWMgT1MgWCAxMF8xNV83KSBBcHBsZVdlYktpdC81MzcuMzYgKEtIVE1MLCBsaWtlIEdlY2tvKSBDaHJvbWUvMTQ3LjAuMC4wIFNhZmFyaS81MzcuMzb6Ag5DaHJvbWUgRGVza3RvcIIDBTc2MTc5igMKRm9ydCBXb3J0aJIDAzYyM5oDAlRYogMCVVOqAwIxMLEDdVjhlo-kwj_CAwM2MjPKAw1BVCZUIEludGVybmV00gMEd2lmadoDEG1lZGlhdGFrZW91dC5jb23qAyhjODY5MTQ5NDg0OWY2MDY3Y2IwOWRlZTcyOTk5ODYwYTNkZDlhOGI5-gMVMGJmZDY2ZDUyOWE1NTgwNzo5MjYyuQQUrkfhehTmP-EEQxzr4jYa6j_qBAQ4OS4w8gQGQ2hyb21l-gQCVFiCBQQxWU5ZkgUEOTI2MpoFDU1HTkktQVAtMjk3NTbKBQEx0gUqcnViaWNvbi13LWViNGRkN2Y1MTViMTE2YTY2YThjNGIwZmU2ZGY1NGJm8AUCgAYBmQYAAAAAAAAAAKIGCjE3Mi40LjIuNjOpBgAAAAAAALA_0AYA4gY6CghBREVMUEhJQxIkMTkwOTM1MjUtYjYwNS00YzUwLWEwMGItZWU5NWRjMmQwN2RlGghBREVMUEhJQ-kGAAAAAAAAAACCB14KDFRISVJEUEFSVFlJRBJGWGkxNDQ4NG5vbjhnRXNhdzdoZjhyTlM2MF9kY2VoaXJUNXczN2ViMm5LTHFGeHU2cmFweUVWamRKd2NQRGFNejhlTTlZWhoGUkFNUElEigcGUkFNUElEuAcBwAcA2gcKQklEUkVRVUVTVOIHLTUzMjo4MjAzMTE3MCw1NDc6NTEwMDY0MzgsZXZpZG9uOiw1Mjk6MTQ5Mzc1MeoHCjBfZXZpZG9uOjD4BwKACACaCEZYaTE0NDg0bm9uOGdFc2F3N2hmOHJOUzYwX2RjZWhpclQ1dzM3ZWIybktMcUZ4dTZyYXB5RVZqZEp3Y1BEYU16OGVNOVlaoggSMTQ5Mzc1MT0xNzIuNC4yLjYz%2526ez_p%253D%2526rd%253D%26ivc_sessionid%3Dc389fe87-de90-48c0-b514-2ce6897a40e8-1%26iv_geo_dma%3D623%26iv_geo_country%3DUS%26iv_geo_city%3DFort+Worth%26iv_geo_state%3DTX%26iv_geo_zip%3D76179%26iv_geo_lat%3D32.9074%26iv_geo_lon%3D-97.4257&pref=false:791
[ 4356361ms] [LOG] PTP: called preparePlay @ https://s-static.innovid.com/mobileapps/s/js/default/24l9dt?cb=ff3aa6f9-3f9a-f7e7-e89a-49efeb039644&deviceid=&ivc=cb%3D1778026784729%26ivc_cachebuster%3D1778026784729%26ivc_click_through%3Dhttps%253A%252F%252Fevents-us-east-1b.ipredictive.com%252Fd%252Ftrack%252Fclick%253Fsid%253Dc389fe87-de90-48c0-b514-2ce6897a40e8-1%2526crid%253D24769481%2526adid%253D107875%2526oid%253D2635009%2526cid%253D543369%2526pubid%253D48%2526site_id%253D3893185370%2526auid%253D7187736%2526algid%253D14%2526offpc%253D2.5011249999999996%2526optpc%253D3.391505124934%2526cstpc%253D2.5011249999999996%2526xts%253D1778113184%2526pbap%253DCgcxNjB4NjAwEAcaAWYqBkdvb2dsZTIGQ2hyb21lOgRPUyBYQgYyNi4zLjBSAmVuWhFQRVJTT05BTF9DT01QVVRFUmAAagZCQU5ORVKKAQItNZABAaUBLaEDQq0B9dnCwrIBBjE0NDA5M8ABAsgBAtIBBlBVQkxJQ9oBLQoNTUdOSS1BUC0yOTc1NhFORwA3ixfDPxoFRklSU1QiBjE0NDA5MzAAQABIANoBLQoNTUdOSS1BUC0zMjQyMxFORwA3ixfDPxoFRklSU1QiBjE0ODE3MTAAQABIANoBJQoNTUdOSS1BUC0zMjQzMRFORwA3ixfDPxoFRklSU1QwAEAASADaASUKDU1HTkktQVAtMzI0NjIRTkcAN4sXwz8aBUZJUlNUMABAAEgA2gEvChBNR05JLU1ELTEwMC05NDUxEVK4HoXrUcg_GgVGSVJTVCIFMTc0ODcwAEAASADaASwKDU1HTkktQVAtMTM3NDYRTkcAN4sXwz8aBUZJUlNUIgUzNzU5NzAAQABIANoBLwoRTUdOSS1NRC0yOTQtMTkwMTARAAAAAAAA4D8aBUZJUlNUKgQyOTQ3MABAAEgA2gEtCg1NR05JLUFQLTMwODc0EU5HADeLF8M_GgVGSVJTVCIGMTQ2NjI4MABAAEgA2gEnCghSUC1BUC00MBFORwA3ixfDPxoFRklSU1QiBTIyODkyMABAAEgA2gEuCg5BREwtOTI2Mi0wMDBlYRF1WOGWj6TCPxoIQklERkxPT1IqAzE5NzAAQABIANoBJQoNTUdOSS1BUC0zMjQxORFORwA3ixfDPxoFRklSU1QwAEAASADaASgKCVJQLUFQLTI0NRFORwA3ixfDPxoFRklSU1QiBTE3NDg3MABAAEgA2gElCg1NR05JLUFQLTMyNDIwEU5HADeLF8M_GgVGSVJTVDAAQABIANoBJQoNTUdOSS1BUC0zMjQ2MxFORwA3ixfDPxoFRklSU1QwAEAASADaASUKDU1HTkktQVAtMzI0MzARTkcAN4sXwz8aBUZJUlNUMABAAEgA2gEsCg1NR05JLUFQLTI0NTE5EU5HADeLF8M_GgVGSVJTVCIFMjM2MTIwAEAASAD6ASBlMTg3MmIyNzE0MDRjMzZhOTJmOGQ3ZjhlYzJmOGJhOIICRlhpMTQ0ODRub244Z0VzYXc3aGY4ck5TNjBfZGNlaGlyVDV3MzdlYjJuS0xxRnh1NnJhcHlFVmpkSndjUERhTXo4ZU05WVqKAgxUSElSRFBBUlRZSUSSAgoxNzIuNC4yLjYzmgICWFKgAgCwAgHyAnVNb3ppbGxhLzUuMCAoTWFjaW50b3NoOyBJbnRlbCBNYWMgT1MgWCAxMF8xNV83KSBBcHBsZVdlYktpdC81MzcuMzYgKEtIVE1MLCBsaWtlIEdlY2tvKSBDaHJvbWUvMTQ3LjAuMC4wIFNhZmFyaS81MzcuMzb6Ag5DaHJvbWUgRGVza3RvcIIDBTc2MTc5igMKRm9ydCBXb3J0aJIDAzYyM5oDAlRYogMCVVOqAwIxMLEDdVjhlo-kwj_CAwM2MjPKAw1BVCZUIEludGVybmV00gMEd2lmadoDEG1lZGlhdGFrZW91dC5jb23qAyhjODY5MTQ5NDg0OWY2MDY3Y2IwOWRlZTcyOTk5ODYwYTNkZDlhOGI5-gMVMGJmZDY2ZDUyOWE1NTgwNzo5MjYyuQQUrkfhehTmP-EEQxzr4jYa6j_qBAQ4OS4w8gQGQ2hyb21l-gQCVFiCBQQxWU5ZkgUEOTI2MpoFDU1HTkktQVAtMjk3NTbKBQEx0gUqcnViaWNvbi13LWViNGRkN2Y1MTViMTE2YTY2YThjNGIwZmU2ZGY1NGJm8AUCgAYBmQYAAAAAAAAAAKIGCjE3Mi40LjIuNjOpBgAAAAAAALA_0AYA4gY6CghBREVMUEhJQxIkMTkwOTM1MjUtYjYwNS00YzUwLWEwMGItZWU5NWRjMmQwN2RlGghBREVMUEhJQ-kGAAAAAAAAAACCB14KDFRISVJEUEFSVFlJRBJGWGkxNDQ4NG5vbjhnRXNhdzdoZjhyTlM2MF9kY2VoaXJUNXczN2ViMm5LTHFGeHU2cmFweUVWamRKd2NQRGFNejhlTTlZWhoGUkFNUElEigcGUkFNUElEuAcBwAcA2gcKQklEUkVRVUVTVOIHLTUzMjo4MjAzMTE3MCw1NDc6NTEwMDY0MzgsZXZpZG9uOiw1Mjk6MTQ5Mzc1MeoHCjBfZXZpZG9uOjD4BwKACACaCEZYaTE0NDg0bm9uOGdFc2F3N2hmOHJOUzYwX2RjZWhpclQ1dzM3ZWIybktMcUZ4dTZyYXB5RVZqZEp3Y1BEYU16OGVNOVlaoggSMTQ5Mzc1MT0xNzIuNC4yLjYz%2526ez_p%253D%2526rd%253D%26ivc_sessionid%3Dc389fe87-de90-48c0-b514-2ce6897a40e8-1%26iv_geo_dma%3D623%26iv_geo_country%3DUS%26iv_geo_city%3DFort+Worth%26iv_geo_state%3DTX%26iv_geo_zip%3D76179%26iv_geo_lat%3D32.9074%26iv_geo_lon%3D-97.4257&pref=false:498
[ 4356472ms] [LOG] >>> Innovid Display Connector: Version 5 @ https://s-files.innovid.com/creative/ct_dev/5/innovid_display_connector.js:28
[ 4356475ms] [LOG] >>> Innovid Enable Interactions @ https://s-files.innovid.com/creative/ct_dev/5/innovid_display_connector.js:177
[ 4356476ms] [LOG] Disabling Main Click thru @ https://s-static.innovid.com/mobileapps/s/js/default/24l9dt?cb=ff3aa6f9-3f9a-f7e7-e89a-49efeb039644&deviceid=&ivc=cb%3D1778026784729%26ivc_cachebuster%3D1778026784729%26ivc_click_through%3Dhttps%253A%252F%252Fevents-us-east-1b.ipredictive.com%252Fd%252Ftrack%252Fclick%253Fsid%253Dc389fe87-de90-48c0-b514-2ce6897a40e8-1%2526crid%253D24769481%2526adid%253D107875%2526oid%253D2635009%2526cid%253D543369%2526pubid%253D48%2526site_id%253D3893185370%2526auid%253D7187736%2526algid%253D14%2526offpc%253D2.5011249999999996%2526optpc%253D3.391505124934%2526cstpc%253D2.5011249999999996%2526xts%253D1778113184%2526pbap%253DCgcxNjB4NjAwEAcaAWYqBkdvb2dsZTIGQ2hyb21lOgRPUyBYQgYyNi4zLjBSAmVuWhFQRVJTT05BTF9DT01QVVRFUmAAagZCQU5ORVKKAQItNZABAaUBLaEDQq0B9dnCwrIBBjE0NDA5M8ABAsgBAtIBBlBVQkxJQ9oBLQoNTUdOSS1BUC0yOTc1NhFORwA3ixfDPxoFRklSU1QiBjE0NDA5MzAAQABIANoBLQoNTUdOSS1BUC0zMjQyMxFORwA3ixfDPxoFRklSU1QiBjE0ODE3MTAAQABIANoBJQoNTUdOSS1BUC0zMjQzMRFORwA3ixfDPxoFRklSU1QwAEAASADaASUKDU1HTkktQVAtMzI0NjIRTkcAN4sXwz8aBUZJUlNUMABAAEgA2gEvChBNR05JLU1ELTEwMC05NDUxEVK4HoXrUcg_GgVGSVJTVCIFMTc0ODcwAEAASADaASwKDU1HTkktQVAtMTM3NDYRTkcAN4sXwz8aBUZJUlNUIgUzNzU5NzAAQABIANoBLwoRTUdOSS1NRC0yOTQtMTkwMTARAAAAAAAA4D8aBUZJUlNUKgQyOTQ3MABAAEgA2gEtCg1NR05JLUFQLTMwODc0EU5HADeLF8M_GgVGSVJTVCIGMTQ2NjI4MABAAEgA2gEnCghSUC1BUC00MBFORwA3ixfDPxoFRklSU1QiBTIyODkyMABAAEgA2gEuCg5BREwtOTI2Mi0wMDBlYRF1WOGWj6TCPxoIQklERkxPT1IqAzE5NzAAQABIANoBJQoNTUdOSS1BUC0zMjQxORFORwA3ixfDPxoFRklSU1QwAEAASADaASgKCVJQLUFQLTI0NRFORwA3ixfDPxoFRklSU1QiBTE3NDg3MABAAEgA2gElCg1NR05JLUFQLTMyNDIwEU5HADeLF8M_GgVGSVJTVDAAQABIANoBJQoNTUdOSS1BUC0zMjQ2MxFORwA3ixfDPxoFRklSU1QwAEAASADaASUKDU1HTkktQVAtMzI0MzARTkcAN4sXwz8aBUZJUlNUMABAAEgA2gEsCg1NR05JLUFQLTI0NTE5EU5HADeLF8M_GgVGSVJTVCIFMjM2MTIwAEAASAD6ASBlMTg3MmIyNzE0MDRjMzZhOTJmOGQ3ZjhlYzJmOGJhOIICRlhpMTQ0ODRub244Z0VzYXc3aGY4ck5TNjBfZGNlaGlyVDV3MzdlYjJuS0xxRnh1NnJhcHlFVmpkSndjUERhTXo4ZU05WVqKAgxUSElSRFBBUlRZSUSSAgoxNzIuNC4yLjYzmgICWFKgAgCwAgHyAnVNb3ppbGxhLzUuMCAoTWFjaW50b3NoOyBJbnRlbCBNYWMgT1MgWCAxMF8xNV83KSBBcHBsZVdlYktpdC81MzcuMzYgKEtIVE1MLCBsaWtlIEdlY2tvKSBDaHJvbWUvMTQ3LjAuMC4wIFNhZmFyaS81MzcuMzb6Ag5DaHJvbWUgRGVza3RvcIIDBTc2MTc5igMKRm9ydCBXb3J0aJIDAzYyM5oDAlRYogMCVVOqAwIxMLEDdVjhlo-kwj_CAwM2MjPKAw1BVCZUIEludGVybmV00gMEd2lmadoDEG1lZGlhdGFrZW91dC5jb23qAyhjODY5MTQ5NDg0OWY2MDY3Y2IwOWRlZTcyOTk5ODYwYTNkZDlhOGI5-gMVMGJmZDY2ZDUyOWE1NTgwNzo5MjYyuQQUrkfhehTmP-EEQxzr4jYa6j_qBAQ4OS4w8gQGQ2hyb21l-gQCVFiCBQQxWU5ZkgUEOTI2MpoFDU1HTkktQVAtMjk3NTbKBQEx0gUqcnViaWNvbi13LWViNGRkN2Y1MTViMTE2YTY2YThjNGIwZmU2ZGY1NGJm8AUCgAYBmQYAAAAAAAAAAKIGCjE3Mi40LjIuNjOpBgAAAAAAALA_0AYA4gY6CghBREVMUEhJQxIkMTkwOTM1MjUtYjYwNS00YzUwLWEwMGItZWU5NWRjMmQwN2RlGghBREVMUEhJQ-kGAAAAAAAAAACCB14KDFRISVJEUEFSVFlJRBJGWGkxNDQ4NG5vbjhnRXNhdzdoZjhyTlM2MF9kY2VoaXJUNXczN2ViMm5LTHFGeHU2cmFweUVWamRKd2NQRGFNejhlTTlZWhoGUkFNUElEigcGUkFNUElEuAcBwAcA2gcKQklEUkVRVUVTVOIHLTUzMjo4MjAzMTE3MCw1NDc6NTEwMDY0MzgsZXZpZG9uOiw1Mjk6MTQ5Mzc1MeoHCjBfZXZpZG9uOjD4BwKACACaCEZYaTE0NDg0bm9uOGdFc2F3N2hmOHJOUzYwX2RjZWhpclQ1dzM3ZWIybktMcUZ4dTZyYXB5RVZqZEp3Y1BEYU16OGVNOVlaoggSMTQ5Mzc1MT0xNzIuNC4yLjYz%2526ez_p%253D%2526rd%253D%26ivc_sessionid%3Dc389fe87-de90-48c0-b514-2ce6897a40e8-1%26iv_geo_dma%3D623%26iv_geo_country%3DUS%26iv_geo_city%3DFort+Worth%26iv_geo_state%3DTX%26iv_geo_zip%3D76179%26iv_geo_lat%3D32.9074%26iv_geo_lon%3D-97.4257&pref=false:187
[ 4362050ms] [ERROR] Attestation check for Attribution Reporting on https://ara.paa-reporting-advertising.amazon failed. @ https://mediatakeout.com/:0
[ 4362051ms] [ERROR] Attestation check for Shared Storage on https://ara.paa-reporting-advertising.amazon failed. @ https://aax-events-cell02-cf.us-east.3px.axp.amazon-adsystem.com/e/is/bb8e6d0b6c85b2b1fc673047a9802fc9/creative?b=JOn4c2UvvKtTOZyCOXuwk_kAAAGd-qer4AEAAAakAUEzcHhfdHhuX2JpZDMgICAzcHhfdHhuX2ltcDEgICD_avbu&ct=https%3A%2F%2Fbeacon-nf.rubiconproject.com%2Fbeacon%2Fv3%2Frs%2Fiad6%2F0%2F4b8006f2-46b9-419f-90d7-c6c17695a385%2F0%2FOhoy6jmrlSdObEf4sVmJ-qf7me4%2F&bi=cfv1_CFiCZQ8LrcGWpgKlYvYJ7HjJGipadLoMzFtihVXCMV2DdYD1Vo9d8Kp0kj1NnzyzmrR915NYwRDVsSCnZhp4V8gMFRpbeOmJa2oCX2BYcXKKMaYsjBVfz64dBUXsEPSDUKOtEhbQlMsXQHkNpW_NSHl2BgB0LehUL0F4TvkMfSCe5MKzkH4TcHSWPrarXc5DbRzeH7a84aoXIBlSC6U8QPQH-KWNmtIZKFO_FK4y0woS9OtDnaqkQ0cafSraugZKBW_fDrmepUBLiUo7Hpl6MD-IO0DKa2a8UakzaP61Y-np1o52GTsZE3brhp1kiG1vYRN4jE_InxATbWwlbrE1gQzUu3sfKRUJl_w-1NpyEYZRs1dIIkS_7Ri35b0Ael6HRAdtlFqp7DlU_G2yTe_aBj8BA8ihyoQ6PrZFYBg07lbAY4QK3T1gOV1HyKtQUF5HeeLFcYa5u-LHNC4OFmnL3sZOHRbWxB3iOm9kdtU5otq0Hm9Zxpf1ujf_elFMFJS-j7YN6REDEL4LmkTYzUyCyzGaSj8Bf1geN3beEkncF4bPeDm5NjU451MiMhHJTkvgUOR5iuNQNw-DirvPwawLCgfJLRV_ffjN9u-PwCORRMha4tWn9A:0
[ 4356353ms] [WARNING] The key "target-densitydpi" is not supported. @ https://s-static.innovid.com/mobileapps/s/js/default/24l9dt?cb=ff3aa6f9-3f9a-f7e7-e89a-49efeb039644&deviceid=&ivc=cb%3D1778026784729%26ivc_cachebuster%3D1778026784729%26ivc_click_through%3Dhttps%253A%252F%252Fevents-us-east-1b.ipredictive.com%252Fd%252Ftrack%252Fclick%253Fsid%253Dc389fe87-de90-48c0-b514-2ce6897a40e8-1%2526crid%253D24769481%2526adid%253D107875%2526oid%253D2635009%2526cid%253D543369%2526pubid%253D48%2526site_id%253D3893185370%2526auid%253D7187736%2526algid%253D14%2526offpc%253D2.5011249999999996%2526optpc%253D3.391505124934%2526cstpc%253D2.5011249999999996%2526xts%253D1778113184%2526pbap%253DCgcxNjB4NjAwEAcaAWYqBkdvb2dsZTIGQ2hyb21lOgRPUyBYQgYyNi4zLjBSAmVuWhFQRVJTT05BTF9DT01QVVRFUmAAagZCQU5ORVKKAQItNZABAaUBLaEDQq0B9dnCwrIBBjE0NDA5M8ABAsgBAtIBBlBVQkxJQ9oBLQoNTUdOSS1BUC0yOTc1NhFORwA3ixfDPxoFRklSU1QiBjE0NDA5MzAAQABIANoBLQoNTUdOSS1BUC0zMjQyMxFORwA3ixfDPxoFRklSU1QiBjE0ODE3MTAAQABIANoBJQoNTUdOSS1BUC0zMjQzMRFORwA3ixfDPxoFRklSU1QwAEAASADaASUKDU1HTkktQVAtMzI0NjIRTkcAN4sXwz8aBUZJUlNUMABAAEgA2gEvChBNR05JLU1ELTEwMC05NDUxEVK4HoXrUcg_GgVGSVJTVCIFMTc0ODcwAEAASADaASwKDU1HTkktQVAtMTM3NDYRTkcAN4sXwz8aBUZJUlNUIgUzNzU5NzAAQABIANoBLwoRTUdOSS1NRC0yOTQtMTkwMTARAAAAAAAA4D8aBUZJUlNUKgQyOTQ3MABAAEgA2gEtCg1NR05JLUFQLTMwODc0EU5HADeLF8M_GgVGSVJTVCIGMTQ2NjI4MABAAEgA2gEnCghSUC1BUC00MBFORwA3ixfDPxoFRklSU1QiBTIyODkyMABAAEgA2gEuCg5BREwtOTI2Mi0wMDBlYRF1WOGWj6TCPxoIQklERkxPT1IqAzE5NzAAQABIANoBJQoNTUdOSS1BUC0zMjQxORFORwA3ixfDPxoFRklSU1QwAEAASADaASgKCVJQLUFQLTI0NRFORwA3ixfDPxoFRklSU1QiBTE3NDg3MABAAEgA2gElCg1NR05JLUFQLTMyNDIwEU5HADeLF8M_GgVGSVJTVDAAQABIANoBJQoNTUdOSS1BUC0zMjQ2MxFORwA3ixfDPxoFRklSU1QwAEAASADaASUKDU1HTkktQVAtMzI0MzARTkcAN4sXwz8aBUZJUlNUMABAAEgA2gEsCg1NR05JLUFQLTI0NTE5EU5HADeLF8M_GgVGSVJTVCIFMjM2MTIwAEAASAD6ASBlMTg3MmIyNzE0MDRjMzZhOTJmOGQ3ZjhlYzJmOGJhOIICRlhpMTQ0ODRub244Z0VzYXc3aGY4ck5TNjBfZGNlaGlyVDV3MzdlYjJuS0xxRnh1NnJhcHlFVmpkSndjUERhTXo4ZU05WVqKAgxUSElSRFBBUlRZSUSSAgoxNzIuNC4yLjYzmgICWFKgAgCwAgHyAnVNb3ppbGxhLzUuMCAoTWFjaW50b3NoOyBJbnRlbCBNYWMgT1MgWCAxMF8xNV83KSBBcHBsZVdlYktpdC81MzcuMzYgKEtIVE1MLCBsaWtlIEdlY2tvKSBDaHJvbWUvMTQ3LjAuMC4wIFNhZmFyaS81MzcuMzb6Ag5DaHJvbWUgRGVza3RvcIIDBTc2MTc5igMKRm9ydCBXb3J0aJIDAzYyM5oDAlRYogMCVVOqAwIxMLEDdVjhlo-kwj_CAwM2MjPKAw1BVCZUIEludGVybmV00gMEd2lmadoDEG1lZGlhdGFrZW91dC5jb23qAyhjODY5MTQ5NDg0OWY2MDY3Y2IwOWRlZTcyOTk5ODYwYTNkZDlhOGI5-gMVMGJmZDY2ZDUyOWE1NTgwNzo5MjYyuQQUrkfhehTmP-EEQxzr4jYa6j_qBAQ4OS4w8gQGQ2hyb21l-gQCVFiCBQQxWU5ZkgUEOTI2MpoFDU1HTkktQVAtMjk3NTbKBQEx0gUqcnViaWNvbi13LWViNGRkN2Y1MTViMTE2YTY2YThjNGIwZmU2ZGY1NGJm8AUCgAYBmQYAAAAAAAAAAKIGCjE3Mi40LjIuNjOpBgAAAAAAALA_0AYA4gY6CghBREVMUEhJQxIkMTkwOTM1MjUtYjYwNS00YzUwLWEwMGItZWU5NWRjMmQwN2RlGghBREVMUEhJQ-kGAAAAAAAAAACCB14KDFRISVJEUEFSVFlJRBJGWGkxNDQ4NG5vbjhnRXNhdzdoZjhyTlM2MF9kY2VoaXJUNXczN2ViMm5LTHFGeHU2cmFweUVWamRKd2NQRGFNejhlTTlZWhoGUkFNUElEigcGUkFNUElEuAcBwAcA2gcKQklEUkVRVUVTVOIHLTUzMjo4MjAzMTE3MCw1NDc6NTEwMDY0MzgsZXZpZG9uOiw1Mjk6MTQ5Mzc1MeoHCjBfZXZpZG9uOjD4BwKACACaCEZYaTE0NDg0bm9uOGdFc2F3N2hmOHJOUzYwX2RjZWhpclQ1dzM3ZWIybktMcUZ4dTZyYXB5RVZqZEp3Y1BEYU16OGVNOVlaoggSMTQ5Mzc1MT0xNzIuNC4yLjYz%2526ez_p%253D%2526rd%253D%26ivc_sessionid%3Dc389fe87-de90-48c0-b514-2ce6897a40e8-1%26iv_geo_dma%3D623%26iv_geo_country%3DUS%26iv_geo_city%3DFort+Worth%26iv_geo_state%3DTX%26iv_geo_zip%3D76179%26iv_geo_lat%3D32.9074%26iv_geo_lon%3D-97.4257&pref=false:31
[ 4354712ms] [ERROR] Attestation check for Shared Storage on https://www.googleadservices.com failed. @ https://www.googleadservices.com/pagead/managed/js/activeview/current/reach_worklet.html:0
[ 4354794ms] [ERROR] Attestation check for Shared Storage on https://www.googleadservices.com failed. @ https://www.googleadservices.com/pagead/managed/js/activeview/current/reach_worklet.html:0
[ 4354897ms] [ERROR] Attestation check for Shared Storage on https://www.googleadservices.com failed. @ https://www.googleadservices.com/pagead/managed/js/activeview/current/reach_worklet.html:0
[ 4355008ms] [ERROR] Attestation check for Shared Storage on https://www.googleadservices.com failed. @ https://www.googleadservices.com/pagead/managed/js/activeview/current/reach_worklet.html:0
[ 4355409ms] [ERROR] Attestation check for Shared Storage on https://www.googleadservices.com failed. @ https://www.googleadservices.com/pagead/managed/js/activeview/current/reach_worklet.html:0
[ 4355733ms] [ERROR] Attestation check for Shared Storage on https://www.googleadservices.com failed. @ https://www.googleadservices.com/pagead/managed/js/activeview/current/reach_worklet.html:0
[ 4356057ms] [ERROR] Attestation check for Shared Storage on https://www.googleadservices.com failed. @ https://www.googleadservices.com/pagead/managed/js/activeview/current/reach_worklet.html:0
[ 4356158ms] [ERROR] Attestation check for Shared Storage on https://www.googleadservices.com failed. @ https://www.googleadservices.com/pagead/managed/js/activeview/current/reach_worklet.html:0
[ 4366406ms] [ERROR] Attestation check for Shared Storage on https://www.googleadservices.com failed. @ https://www.googleadservices.com/pagead/managed/js/activeview/current/reach_worklet.html:0
[ 4366418ms] [ERROR] Attestation check for Attribution Reporting on https://ad.doubleclick.net failed. @ https://mediatakeout.com/:0
[ 4366441ms] [ERROR] Attestation check for Attribution Reporting on https://ad.doubleclick.net failed. @ https://mediatakeout.com/:0
[ 4367495ms] [ERROR] Attestation check for Attribution Reporting on https://ara.paa-reporting-advertising.amazon failed. @ https://mediatakeout.com/:0
[ 4367497ms] [ERROR] Attestation check for Shared Storage on https://ara.paa-reporting-advertising.amazon failed. @ https://aax-events-cell02-cf.us-west.3px.axp.amazon-adsystem.com/e/or/2fdf62ab27c1174e7ef53f260727f8be/creative?b=JBBWjQeVzo6yAAbyzA63Cz8AAAGd-qergQYAAAfEAUEzcHhfdHhuX2JpZDEgICAzcHhfdHhuX2ltcDEgICDZsHO9&bi=cfv1_CFi-M3Igv_GFpRWsUMh9hhjCQ1pLFJAMzDtghVXCGV2DdYD1Vo9d8Kp0kj1NnzyzmrR915NYwRDVsSCnZhp4V8gMFRpbeOmJa2oCX2BYcXKKMaYsjBVfz64dBUXsEPSDUKOtEhbQlMsXQHkNpW_NSHl2BgB0LehUL0F4TvkMfSCe5MKzkH4TcHSWPrarXc5DbRzeH7a84aoXIBlSC6U8QPQH-KWNmtIZKFO_FK4y0woS9OtDnaqkQ0caeSraunVqDFvHaMzpvgNP_WYEG-FbdR-QRmbKa2a8UakLd8S1b-mattcWUn43GXbr_O9x6UZEZBl4jATArFdgFiMkbrFGwHmYNEi8rlmoxtk14ew7N5RS825kAxKc3ii95pAYelmSSxpzt02ZnHgQjkStUOvSHCIAAcyixo82OrVEZB8z5VYLVrcNJmw5RABS2bBBUX8VC5SfD4y74fngGC0PKXKSg9lOAA7T2AHqM2wwLdY5vsftDHhE09bdtzXxb1JcEof1lPVK_BtAErd91RWLmE-V1iPSTWEfakFAID6DXGeve67uci_iJjQ63ncGFROuPxDAYsgFvcVkfS3eq55qk4Q6PEz4HCEkrRFUlMcEtIsy9C4GsYCp2q4OqzWfc_CoBaOOURMFFgHfxg:0
[ 4354712ms] [ERROR] Attestation check for Shared Storage on https://www.googleadservices.com failed. @ https://www.googleadservices.com/pagead/managed/js/activeview/current/reach_worklet.html:0
[ 4354794ms] [ERROR] Attestation check for Shared Storage on https://www.googleadservices.com failed. @ https://www.googleadservices.com/pagead/managed/js/activeview/current/reach_worklet.html:0
[ 4354897ms] [ERROR] Attestation check for Shared Storage on https://www.googleadservices.com failed. @ https://www.googleadservices.com/pagead/managed/js/activeview/current/reach_worklet.html:0
[ 4355008ms] [ERROR] Attestation check for Shared Storage on https://www.googleadservices.com failed. @ https://www.googleadservices.com/pagead/managed/js/activeview/current/reach_worklet.html:0
[ 4355409ms] [ERROR] Attestation check for Shared Storage on https://www.googleadservices.com failed. @ https://www.googleadservices.com/pagead/managed/js/activeview/current/reach_worklet.html:0
[ 4355733ms] [ERROR] Attestation check for Shared Storage on https://www.googleadservices.com failed. @ https://www.googleadservices.com/pagead/managed/js/activeview/current/reach_worklet.html:0
[ 4356057ms] [ERROR] Attestation check for Shared Storage on https://www.googleadservices.com failed. @ https://www.googleadservices.com/pagead/managed/js/activeview/current/reach_worklet.html:0
[ 4356158ms] [ERROR] Attestation check for Shared Storage on https://www.googleadservices.com failed. @ https://www.googleadservices.com/pagead/managed/js/activeview/current/reach_worklet.html:0
[ 4366406ms] [ERROR] Attestation check for Shared Storage on https://www.googleadservices.com failed. @ https://www.googleadservices.com/pagead/managed/js/activeview/current/reach_worklet.html:0
[ 4372545ms] [ERROR] Attestation check for Shared Storage on https://www.googleadservices.com failed. @ https://www.googleadservices.com/pagead/managed/js/activeview/current/reach_worklet.html:0
[ 4373184ms] [ERROR] Attestation check for Shared Storage on https://securepubads.g.doubleclick.net failed. @ https://imasdk.googleapis.com/js/core/bridge3.761.0_en.html#deid=%22%22&eventfe_experiment_ids=%5B%5D&fid=%22goog_510635581%22&genotype_experiment_data=%7B%22experimentStateProto%22%3A%22%5B%5B%5B45713128%2Cnull%2Cnull%2C%5B%5D%5D%2C%5Bnull%2C745150931%2Cnull%2C%5Bnull%2C1%5D%5D%2C%5Bnull%2C749060184%2Cnull%2C%5Bnull%2C128%5D%5D%2C%5B841585769%2Cnull%2Cnull%2C%5B1%5D%5D%2C%5B45761044%2Cnull%2Cnull%2C%5B%5D%5D%2C%5B45722344%2Cnull%2Cnull%2C%5B%5D%5D%2C%5B45706017%2Cnull%2Cnull%2C%5B1%5D%5D%2C%5B45774999%2Cnull%2Cnull%2C%5B%5D%5D%2C%5B45776042%2Cnull%2Cnull%2C%5B%5D%5D%2C%5B45668885%2Cnull%2Cnull%2C%5B%5D%5D%2C%5B45685340%2Cnull%2Cnull%2C%5B%5D%5D%2C%5B45765927%2Cnull%2Cnull%2C%5B%5D%5D%2C%5B45734716%2Cnull%2Cnull%2C%5B%5D%5D%2C%5B45735891%2Cnull%2Cnull%2C%5B%5D%5D%2C%5B45663239%2Cnull%2Cnull%2C%5B%5D%5D%2C%5B45715032%2Cnull%2Cnull%2C%5B1%5D%5D%2C%5B45661356%2Cnull%2Cnull%2C%5B%5D%5D%2C%5B839547366%2Cnull%2Cnull%2C%5B1%5D%5D%2C%5B45676441%2Cnull%2Cnull%2C%5B%5D%5D%2C%5Bnull%2C45645574%2Cnull%2C%5B%5D%5D%2C%5B45688859%2Cnull%2Cnull%2C%5B%5D%5D%2C%5B45656766%2Cnull%2Cnull%2C%5B%5D%5D%2C%5B45710689%2Cnull%2Cnull%2C%5B%5D%5D%2C%5B45710688%2Cnull%2Cnull%2C%5B1%5D%5D%2C%5B45685601%2Cnull%2Cnull%2C%5B%5D%5D%2C%5Bnull%2C45685602%2Cnull%2C%5Bnull%2C500%5D%5D%2C%5Bnull%2C45767902%2Cnull%2C%5Bnull%2C500%5D%5D%2C%5B45756824%2Cnull%2Cnull%2C%5B%5D%5D%2C%5B45747172%2Cnull%2Cnull%2C%5B%5D%5D%2C%5B775241416%2Cnull%2Cnull%2C%5B%5D%5D%2C%5B781107959%2Cnull%2Cnull%2C%5B%5D%5D%2C%5B781107958%2Cnull%2Cnull%2C%5B%5D%5D%2C%5B792614055%2Cnull%2Cnull%2C%5B%5D%5D%2C%5B781107957%2Cnull%2Cnull%2C%5B%5D%5D%2C%5B45729602%2Cnull%2Cnull%2C%5B%5D%5D%2C%5B45753603%2Cnull%2Cnull%2C%5B%5D%5D%2C%5B45753604%2Cnull%2Cnull%2C%5B%5D%5D%5D%2C%5B%5B16%2C%5B%5B1%2C%5B%5B31089630%5D%2C%5B31089631%2C%5B%5B45668885%2Cnull%2Cnull%2C%5B1%5D%5D%5D%5D%5D%5D%2C%5B10%2C%5B%5B31097690%5D%2C%5B31097691%2C%5B%5B846355750%2Cnull%2Cnull%2C%5B1%5D%5D%5D%5D%5D%5D%2C%5B1000%2C%5B%5B95332046%5D%5D%5D%2C%5Bnull%2C%5B%5B95332047%5D%5D%5D%2C%5B10%2C%5B%5B95338769%2C%5B%5Bnull%2C45645574%2Cnull%2C%5Bnull%2C1%5D%5D%5D%5D%2C%5B95338770%2C%5B%5Bnull%2C45645574%2Cnull%2C%5Bnull%2C2%5D%5D%5D%5D%5D%5D%2C%5B50%2C%5B%5B95345206%5D%2C%5B95345207%2C%5B%5B45661356%2Cnull%2Cnull%2C%5B1%5D%5D%5D%5D%5D%5D%2C%5B1%2C%5B%5B95351425%5D%2C%5B95351426%2C%5B%5B45676441%2Cnull%2Cnull%2C%5B1%5D%5D%5D%5D%5D%5D%2C%5B1%2C%5B%5B95373378%2C%5B%5B792614055%2Cnull%2Cnull%2C%5B1%5D%5D%5D%5D%2C%5B95373379%2C%5B%5B45747172%2Cnull%2Cnull%2C%5B1%5D%5D%2C%5B781107959%2Cnull%2Cnull%2C%5B1%5D%5D%2C%5B792614055%2Cnull%2Cnull%2C%5B1%5D%5D%2C%5B781107957%2Cnull%2Cnull%2C%5B1%5D%5D%5D%5D%5D%5D%2C%5B10%2C%5B%5B95378629%5D%2C%5B95378630%2C%5B%5B45729602%2Cnull%2Cnull%2C%5B1%5D%5D%5D%5D%2C%5B95381582%2C%5B%5B45729602%2Cnull%2Cnull%2C%5B1%5D%5D%2C%5B45753603%2Cnull%2Cnull%2C%5B1%5D%5D%5D%5D%2C%5B95381583%2C%5B%5B45729602%2Cnull%2Cnull%2C%5B1%5D%5D%2C%5B45753604%2Cnull%2Cnull%2C%5B1%5D%5D%5D%5D%5D%5D%2C%5B50%2C%5B%5B95382403%5D%2C%5B95386528%2C%5B%5Bnull%2C45767902%2Cnull%2C%5B%5D%5D%2C%5B45756824%2Cnull%2Cnull%2C%5B1%5D%5D%5D%5D%5D%5D%2C%5B10%2C%5B%5B95385193%5D%2C%5B95385194%2C%5B%5B45765927%2Cnull%2Cnull%2C%5B1%5D%5D%5D%5D%5D%5D%2C%5B100%2C%5B%5B95387816%5D%2C%5B95387817%2C%5B%5B45774999%2Cnull%2Cnull%2C%5B1%5D%5D%5D%5D%5D%5D%2C%5B10%2C%5B%5B95389581%5D%2C%5B95389582%2C%5B%5B635466687%2Cnull%2Cnull%2C%5B1%5D%5D%5D%5D%5D%5D%5D%5D%5D%2Cnull%2Cnull%2C%5Bnull%2C1000%2C1%2C1000%5D%5D%22%7D&imalib_experiments=%5B95322027%2C95331589%2C95332046%2C31061690%5D&is_eap_loader=false&managed_js_experiment_id=0&page_correlator=1488087580852963&pvsid=8804270010218544&top_accessible_page_url=%22https%3A%2F%2Fmediatakeout.com%2F%22:0
[ 4356353ms] [WARNING] The key "target-densitydpi" is not supported. @ https://s-static.innovid.com/mobileapps/s/js/default/24l9dt?cb=ff3aa6f9-3f9a-f7e7-e89a-49efeb039644&deviceid=&ivc=cb%3D1778026784729%26ivc_cachebuster%3D1778026784729%26ivc_click_through%3Dhttps%253A%252F%252Fevents-us-east-1b.ipredictive.com%252Fd%252Ftrack%252Fclick%253Fsid%253Dc389fe87-de90-48c0-b514-2ce6897a40e8-1%2526crid%253D24769481%2526adid%253D107875%2526oid%253D2635009%2526cid%253D543369%2526pubid%253D48%2526site_id%253D3893185370%2526auid%253D7187736%2526algid%253D14%2526offpc%253D2.5011249999999996%2526optpc%253D3.391505124934%2526cstpc%253D2.5011249999999996%2526xts%253D1778113184%2526pbap%253DCgcxNjB4NjAwEAcaAWYqBkdvb2dsZTIGQ2hyb21lOgRPUyBYQgYyNi4zLjBSAmVuWhFQRVJTT05BTF9DT01QVVRFUmAAagZCQU5ORVKKAQItNZABAaUBLaEDQq0B9dnCwrIBBjE0NDA5M8ABAsgBAtIBBlBVQkxJQ9oBLQoNTUdOSS1BUC0yOTc1NhFORwA3ixfDPxoFRklSU1QiBjE0NDA5MzAAQABIANoBLQoNTUdOSS1BUC0zMjQyMxFORwA3ixfDPxoFRklSU1QiBjE0ODE3MTAAQABIANoBJQoNTUdOSS1BUC0zMjQzMRFORwA3ixfDPxoFRklSU1QwAEAASADaASUKDU1HTkktQVAtMzI0NjIRTkcAN4sXwz8aBUZJUlNUMABAAEgA2gEvChBNR05JLU1ELTEwMC05NDUxEVK4HoXrUcg_GgVGSVJTVCIFMTc0ODcwAEAASADaASwKDU1HTkktQVAtMTM3NDYRTkcAN4sXwz8aBUZJUlNUIgUzNzU5NzAAQABIANoBLwoRTUdOSS1NRC0yOTQtMTkwMTARAAAAAAAA4D8aBUZJUlNUKgQyOTQ3MABAAEgA2gEtCg1NR05JLUFQLTMwODc0EU5HADeLF8M_GgVGSVJTVCIGMTQ2NjI4MABAAEgA2gEnCghSUC1BUC00MBFORwA3ixfDPxoFRklSU1QiBTIyODkyMABAAEgA2gEuCg5BREwtOTI2Mi0wMDBlYRF1WOGWj6TCPxoIQklERkxPT1IqAzE5NzAAQABIANoBJQoNTUdOSS1BUC0zMjQxORFORwA3ixfDPxoFRklSU1QwAEAASADaASgKCVJQLUFQLTI0NRFORwA3ixfDPxoFRklSU1QiBTE3NDg3MABAAEgA2gElCg1NR05JLUFQLTMyNDIwEU5HADeLF8M_GgVGSVJTVDAAQABIANoBJQoNTUdOSS1BUC0zMjQ2MxFORwA3ixfDPxoFRklSU1QwAEAASADaASUKDU1HTkktQVAtMzI0MzARTkcAN4sXwz8aBUZJUlNUMABAAEgA2gEsCg1NR05JLUFQLTI0NTE5EU5HADeLF8M_GgVGSVJTVCIFMjM2MTIwAEAASAD6ASBlMTg3MmIyNzE0MDRjMzZhOTJmOGQ3ZjhlYzJmOGJhOIICRlhpMTQ0ODRub244Z0VzYXc3aGY4ck5TNjBfZGNlaGlyVDV3MzdlYjJuS0xxRnh1NnJhcHlFVmpkSndjUERhTXo4ZU05WVqKAgxUSElSRFBBUlRZSUSSAgoxNzIuNC4yLjYzmgICWFKgAgCwAgHyAnVNb3ppbGxhLzUuMCAoTWFjaW50b3NoOyBJbnRlbCBNYWMgT1MgWCAxMF8xNV83KSBBcHBsZVdlYktpdC81MzcuMzYgKEtIVE1MLCBsaWtlIEdlY2tvKSBDaHJvbWUvMTQ3LjAuMC4wIFNhZmFyaS81MzcuMzb6Ag5DaHJvbWUgRGVza3RvcIIDBTc2MTc5igMKRm9ydCBXb3J0aJIDAzYyM5oDAlRYogMCVVOqAwIxMLEDdVjhlo-kwj_CAwM2MjPKAw1BVCZUIEludGVybmV00gMEd2lmadoDEG1lZGlhdGFrZW91dC5jb23qAyhjODY5MTQ5NDg0OWY2MDY3Y2IwOWRlZTcyOTk5ODYwYTNkZDlhOGI5-gMVMGJmZDY2ZDUyOWE1NTgwNzo5MjYyuQQUrkfhehTmP-EEQxzr4jYa6j_qBAQ4OS4w8gQGQ2hyb21l-gQCVFiCBQQxWU5ZkgUEOTI2MpoFDU1HTkktQVAtMjk3NTbKBQEx0gUqcnViaWNvbi13LWViNGRkN2Y1MTViMTE2YTY2YThjNGIwZmU2ZGY1NGJm8AUCgAYBmQYAAAAAAAAAAKIGCjE3Mi40LjIuNjOpBgAAAAAAALA_0AYA4gY6CghBREVMUEhJQxIkMTkwOTM1MjUtYjYwNS00YzUwLWEwMGItZWU5NWRjMmQwN2RlGghBREVMUEhJQ-kGAAAAAAAAAACCB14KDFRISVJEUEFSVFlJRBJGWGkxNDQ4NG5vbjhnRXNhdzdoZjhyTlM2MF9kY2VoaXJUNXczN2ViMm5LTHFGeHU2cmFweUVWamRKd2NQRGFNejhlTTlZWhoGUkFNUElEigcGUkFNUElEuAcBwAcA2gcKQklEUkVRVUVTVOIHLTUzMjo4MjAzMTE3MCw1NDc6NTEwMDY0MzgsZXZpZG9uOiw1Mjk6MTQ5Mzc1MeoHCjBfZXZpZG9uOjD4BwKACACaCEZYaTE0NDg0bm9uOGdFc2F3N2hmOHJOUzYwX2RjZWhpclQ1dzM3ZWIybktMcUZ4dTZyYXB5RVZqZEp3Y1BEYU16OGVNOVlaoggSMTQ5Mzc1MT0xNzIuNC4yLjYz%2526ez_p%253D%2526rd%253D%26ivc_sessionid%3Dc389fe87-de90-48c0-b514-2ce6897a40e8-1%26iv_geo_dma%3D623%26iv_geo_country%3DUS%26iv_geo_city%3DFort+Worth%26iv_geo_state%3DTX%26iv_geo_zip%3D76179%26iv_geo_lat%3D32.9074%26iv_geo_lon%3D-97.4257&pref=false:31
[ 4380271ms] [ERROR] TypeError: Failed to fetch
    at fe.fetchRequest (https://ads.adthrive.com/builds/core/b39b659/es2018/js/adthrive.min.js?deployment=2026-05-05-09:rpsc-822:b39b659:4&bucket=flex-14&deliveryFeatures=additiveRaptiveFloors,altsdm,altv2,amazonBetaApstag,cfbd,consentManagerCMP,cv2,ddbd,dlc,es2021,hb_crid,hbd,i262,ld,nvc,ok,pbis,raptiveFloors,raptiveManualCookieSync,recencyFrequency,reissuingSticky,removeAdHost,rpbsecs,rpr,rrassf,stickyBucketsLocalStorage,stickyV2,switzerlandGdpr,trafficShaping,usdk,prebidLoad,gptLoad,amazonLoad,ttdSync&siteid=673bb9af6038737af8850b11:3:63012)
    at fe.fetchRequest (https://ads.adthrive.com/builds/core/b39b659/es2018/js/adthrive.min.js?deployment=2026-05-05-09:rpsc-822:b39b659:4&bucket=flex-14&deliveryFeatures=additiveRaptiveFloors,altsdm,altv2,amazonBetaApstag,cfbd,consentManagerCMP,cv2,ddbd,dlc,es2021,hb_crid,hbd,i262,ld,nvc,ok,pbis,raptiveFloors,raptiveManualCookieSync,recencyFrequency,reissuingSticky,removeAdHost,rpbsecs,rpr,rrassf,stickyBucketsLocalStorage,stickyV2,switzerlandGdpr,trafficShaping,usdk,prebidLoad,gptLoad,amazonLoad,ttdSync&siteid=673bb9af6038737af8850b11:3:62952)
    at fe.makeRequest (https://ads.adthrive.com/builds/core/b39b659/es2018/js/adthrive.min.js?deployment=2026-05-05-09:rpsc-822:b39b659:4&bucket=flex-14&deliveryFeatures=additiveRaptiveFloors,altsdm,altv2,amazonBetaApstag,cfbd,consentManagerCMP,cv2,ddbd,dlc,es2021,hb_crid,hbd,i262,ld,nvc,ok,pbis,raptiveFloors,raptiveManualCookieSync,recencyFrequency,reissuingSticky,removeAdHost,rpbsecs,rpr,rrassf,stickyBucketsLocalStorage,stickyV2,switzerlandGdpr,trafficShaping,usdk,prebidLoad,gptLoad,amazonLoad,ttdSync&siteid=673bb9af6038737af8850b11:3:61547)
    at fe.fetchEvent (https://ads.adthrive.com/builds/core/b39b659/es2018/js/adthrive.min.js?deployment=2026-05-05-09:rpsc-822:b39b659:4&bucket=flex-14&deliveryFeatures=additiveRaptiveFloors,altsdm,altv2,amazonBetaApstag,cfbd,consentManagerCMP,cv2,ddbd,dlc,es2021,hb_crid,hbd,i262,ld,nvc,ok,pbis,raptiveFloors,raptiveManualCookieSync,recencyFrequency,reissuingSticky,removeAdHost,rpbsecs,rpr,rrassf,stickyBucketsLocalStorage,stickyV2,switzerlandGdpr,trafficShaping,usdk,prebidLoad,gptLoad,amazonLoad,ttdSync&siteid=673bb9af6038737af8850b11:3:59017)
    at z.logWebVitals (https://ads.adthrive.com/builds/core/b39b659/es2018/js/adthrive.min.js?deployment=2026-05-05-09:rpsc-822:b39b659:4&bucket=flex-14&deliveryFeatures=additiveRaptiveFloors,altsdm,altv2,amazonBetaApstag,cfbd,consentManagerCMP,cv2,ddbd,dlc,es2021,hb_crid,hbd,i262,ld,nvc,ok,pbis,raptiveFloors,raptiveManualCookieSync,recencyFrequency,reissuingSticky,removeAdHost,rpbsecs,rpr,rrassf,stickyBucketsLocalStorage,stickyV2,switzerlandGdpr,trafficShaping,usdk,prebidLoad,gptLoad,amazonLoad,ttdSync&siteid=673bb9af6038737af8850b11:437:134371)
    at z.<anonymous> (https://ads.adthrive.com/builds/core/b39b659/es2018/js/adthrive.min.js?deployment=2026-05-05-09:rpsc-822:b39b659:4&bucket=flex-14&deliveryFeatures=additiveRaptiveFloors,altsdm,altv2,amazonBetaApstag,cfbd,consentManagerCMP,cv2,ddbd,dlc,es2021,hb_crid,hbd,i262,ld,nvc,ok,pbis,raptiveFloors,raptiveManualCookieSync,recencyFrequency,reissuingSticky,removeAdHost,rpbsecs,rpr,rrassf,stickyBucketsLocalStorage,stickyV2,switzerlandGdpr,trafficShaping,usdk,prebidLoad,gptLoad,amazonLoad,ttdSync&siteid=673bb9af6038737af8850b11:3:49348)
    at document.addEventListener.once (https://ads.adthrive.com/builds/core/b39b659/es2018/js/adthrive.min.js?deployment=2026-05-05-09:rpsc-822:b39b659:4&bucket=flex-14&deliveryFeatures=additiveRaptiveFloors,altsdm,altv2,amazonBetaApstag,cfbd,consentManagerCMP,cv2,ddbd,dlc,es2021,hb_crid,hbd,i262,ld,nvc,ok,pbis,raptiveFloors,raptiveManualCookieSync,recencyFrequency,reissuingSticky,removeAdHost,rpbsecs,rpr,rrassf,stickyBucketsLocalStorage,stickyV2,switzerlandGdpr,trafficShaping,usdk,prebidLoad,gptLoad,amazonLoad,ttdSync&siteid=673bb9af6038737af8850b11:437:133612) @ https://ads.adthrive.com/builds/core/b39b659/es2018/js/adthrive.min.js?deployment=2026-05-05-09:rpsc-822:b39b659:4&bucket=flex-14&deliveryFeatures=additiveRaptiveFloors,altsdm,altv2,amazonBetaApstag,cfbd,consentManagerCMP,cv2,ddbd,dlc,es2021,hb_crid,hbd,i262,ld,nvc,ok,pbis,raptiveFloors,raptiveManualCookieSync,recencyFrequency,reissuingSticky,removeAdHost,rpbsecs,rpr,rrassf,stickyBucketsLocalStorage,stickyV2,switzerlandGdpr,trafficShaping,usdk,prebidLoad,gptLoad,amazonLoad,ttdSync&siteid=673bb9af6038737af8850b11:2
[ 4380296ms] [LOG] JQMIGRATE: Migrate is installed, version 3.4.1 @ https://mediatakeout.com/wp-includes/js/jquery/jquery-migrate.min.js?ver=3.4.1:1
[ 4380334ms] Unexpected token ';'
[ 4380345ms] [WARNING] adgb - not initialized. @ https://cdn.taboola.com/libtrc/mediatakeout-mediatakeout/loader.js:0
[ 4380546ms] [WARNING] [GPT] PubAdsService.getTargeting is deprecated, use googletag.getConfig('targeting') instead.
https://goo.gle/gpt-message#200 @ https://securepubads.g.doubleclick.net/pagead/managed/js/gpt/m202604290101/pubads_impl.js:18
[ 4380549ms] [WARNING] [GPT] Slot.setTargeting is deprecated, use Slot.setConfig({targeting: ...}) instead.
https://goo.gle/gpt-message#171 @ https://securepubads.g.doubleclick.net/pagead/managed/js/gpt/m202604290101/pubads_impl.js:18
[ 4380579ms] [ERROR] Failed to load resource: the server responded with a status of 400 () @ https://ups.analytics.yahoo.com/ups/58404/fed?v=1&1p=0&gdpr=0&gdpr_consent=&us_privacy=&url=https://mediatakeout.com/adrien-broner-clip-goes-viral-as-ryan-garcia-offers-help/&pixelId=58404&puid=cad246a8-153e-421d-80e2-40e38fa09335:0
[ 4380676ms] [WARNING] Placements With no Content: Below Article Thumbnails | Card 5 @ https://cdn.taboola.com/libtrc/mediatakeout-mediatakeout/loader.js:0
[ 4380677ms] [WARNING] Placements With no Content: Below Article Thumbnails | Card 5 @ https://cdn.taboola.com/libtrc/mediatakeout-mediatakeout/loader.js:0
[ 4380766ms] [ERROR] Failed to load resource: the server responded with a status of 400 () @ https://ups.analytics.yahoo.com/ups/58404/fed?v=1&1p=0&gdpr=0&gdpr_consent=&us_privacy=&url=https://mediatakeout.com/adrien-broner-clip-goes-viral-as-ryan-garcia-offers-help/&pixelId=58404&he=ca68b7dbe4ebc49c5fd2d6864f71530fa1afa0d7f27261d3b21446b0f9081848&puid=cad246a8-153e-421d-80e2-40e38fa09335:0
[ 4380846ms] [WARNING] Placements With no Content: Below Article Thumbnails | Lazy Injected 1 @ https://cdn.taboola.com/libtrc/mediatakeout-mediatakeout/loader.js:0
[ 4380847ms] [WARNING] Placements With no Content: Below Article Thumbnails | Lazy Injected 1 @ https://cdn.taboola.com/libtrc/mediatakeout-mediatakeout/loader.js:0
[ 4381394ms] [LOG] Called iframe: ads.pubmatic.com [] 
Number of topics:  0 @ https://ads.pubmatic.com/AdServer/js/topics/topics_frame.html?bidder=pubmatic:19
[ 4381784ms] [INFO] Loading the script 'https://www.gstatic.com/_/mss/boq-identity/_/js/k=boq-identity.IdpIFrameHttp.en_US.cX2zh7FsMoc.2018.O/am=BBA4/d=1/rs=AOaEmlFQaRfhLodXlaDbhpCmOw5twMK1hg/m=base' violates the following Content Security Policy directive: "script-src 'unsafe-inline' 'unsafe-eval' blob: data:". Note that 'script-src-elem' was not explicitly set, so 'script-src' is used as a fallback. The policy is report-only, so the violation has been logged but no further action has been taken. @ https://accounts.google.com/o/oauth2/iframe#origin=https%3A%2F%2Fdisqus.com&rpcToken=811380637.6486826&clearCache=1&supportBlocked3PCookies=1:0
[ 4381790ms] [WARNING] Your client application uses libraries for user authentication or authorization that are deprecated. See the [Migration Guide](https://developers.google.com/identity/gsi/web/guides/gis-migration) for more information. @ https://c.disquscdn.com/next/embed/common.bundle.b55d27c570b9a1d7c55230a121a02945.js:6
[ 4381819ms] [ERROR] Failed to load resource: the server responded with a status of 400 () @ https://accounts.google.com/_/IdpIFrameHttp/cspreport/fine-allowlist:0
[ 4382366ms] [ERROR] Access to XMLHttpRequest at 'https://links.services.disqus.com/api/ping' from origin 'https://mediatakeout.com' has been blocked by CORS policy: No 'Access-Control-Allow-Origin' header is present on the requested resource. @ https://mediatakeout.com/adrien-broner-clip-goes-viral-as-ryan-garcia-offers-help/:0
[ 4382366ms] [ERROR] Failed to load resource: net::ERR_FAILED @ https://links.services.disqus.com/api/ping:0
[ 4382526ms] [ERROR] Attestation check for Shared Storage on https://www.googleadservices.com failed. @ https://www.googleadservices.com/pagead/managed/js/activeview/current/reach_worklet.html:0
[ 4382688ms] [WARNING] [GPT] Slot AdThrive_Sidebar_9_desktop rendered inside of the viewport.
https://goo.gle/gpt-message#169 @ https://securepubads.g.doubleclick.net/pagead/managed/js/gpt/m202604290101/pubads_impl.js:18
[ 4382750ms] [ERROR] Failed to load resource: net::ERR_NAME_NOT_RESOLVED @ https://sync.tidaltv.com/GenericUserSync.ashx?dpid=335:0
[ 4382526ms] [ERROR] Attestation check for Shared Storage on https://www.googleadservices.com failed. @ https://www.googleadservices.com/pagead/managed/js/activeview/current/reach_worklet.html:0
[ 4383006ms] [ERROR] Attestation check for Shared Storage on https://www.googleadservices.com failed. @ https://www.googleadservices.com/pagead/managed/js/activeview/current/reach_worklet.html:0
[ 4383165ms] [ERROR] Attestation check for Shared Storage on https://securepubads.g.doubleclick.net failed. @ https://imasdk.googleapis.com/js/core/bridge3.761.0_en.html#deid=%22%22&eventfe_experiment_ids=%5B%5D&fid=%22goog_1575547779%22&genotype_experiment_data=%7B%22experimentStateProto%22%3A%22%5B%5B%5B45713128%2Cnull%2Cnull%2C%5B%5D%5D%2C%5Bnull%2C745150931%2Cnull%2C%5Bnull%2C1%5D%5D%2C%5Bnull%2C749060184%2Cnull%2C%5Bnull%2C128%5D%5D%2C%5B841585769%2Cnull%2Cnull%2C%5B1%5D%5D%2C%5B45761044%2Cnull%2Cnull%2C%5B%5D%5D%2C%5B45722344%2Cnull%2Cnull%2C%5B%5D%5D%2C%5B45706017%2Cnull%2Cnull%2C%5B1%5D%5D%2C%5B45774999%2Cnull%2Cnull%2C%5B%5D%5D%2C%5B45776042%2Cnull%2Cnull%2C%5B%5D%5D%2C%5B45668885%2Cnull%2Cnull%2C%5B%5D%5D%2C%5B45685340%2Cnull%2Cnull%2C%5B%5D%5D%2C%5B45765927%2Cnull%2Cnull%2C%5B%5D%5D%2C%5B45734716%2Cnull%2Cnull%2C%5B%5D%5D%2C%5B45735891%2Cnull%2Cnull%2C%5B%5D%5D%2C%5B45663239%2Cnull%2Cnull%2C%5B%5D%5D%2C%5B45715032%2Cnull%2Cnull%2C%5B1%5D%5D%2C%5B45661356%2Cnull%2Cnull%2C%5B%5D%5D%2C%5B839547366%2Cnull%2Cnull%2C%5B1%5D%5D%2C%5B45676441%2Cnull%2Cnull%2C%5B%5D%5D%2C%5Bnull%2C45645574%2Cnull%2C%5B%5D%5D%2C%5B45688859%2Cnull%2Cnull%2C%5B%5D%5D%2C%5B45656766%2Cnull%2Cnull%2C%5B%5D%5D%2C%5B45710689%2Cnull%2Cnull%2C%5B%5D%5D%2C%5B45710688%2Cnull%2Cnull%2C%5B1%5D%5D%2C%5B45685601%2Cnull%2Cnull%2C%5B%5D%5D%2C%5Bnull%2C45685602%2Cnull%2C%5Bnull%2C500%5D%5D%2C%5Bnull%2C45767902%2Cnull%2C%5Bnull%2C500%5D%5D%2C%5B45756824%2Cnull%2Cnull%2C%5B%5D%5D%2C%5B45747172%2Cnull%2Cnull%2C%5B%5D%5D%2C%5B775241416%2Cnull%2Cnull%2C%5B%5D%5D%2C%5B781107959%2Cnull%2Cnull%2C%5B%5D%5D%2C%5B781107958%2Cnull%2Cnull%2C%5B%5D%5D%2C%5B792614055%2Cnull%2Cnull%2C%5B%5D%5D%2C%5B781107957%2Cnull%2Cnull%2C%5B%5D%5D%2C%5B45729602%2Cnull%2Cnull%2C%5B%5D%5D%2C%5B45753603%2Cnull%2Cnull%2C%5B%5D%5D%2C%5B45753604%2Cnull%2Cnull%2C%5B%5D%5D%5D%2C%5B%5B16%2C%5B%5B1%2C%5B%5B31089630%5D%2C%5B31089631%2C%5B%5B45668885%2Cnull%2Cnull%2C%5B1%5D%5D%5D%5D%5D%5D%2C%5B10%2C%5B%5B31097690%5D%2C%5B31097691%2C%5B%5B846355750%2Cnull%2Cnull%2C%5B1%5D%5D%5D%5D%5D%5D%2C%5B1000%2C%5B%5B95332046%5D%5D%5D%2C%5Bnull%2C%5B%5B95332047%5D%5D%5D%2C%5B10%2C%5B%5B95338769%2C%5B%5Bnull%2C45645574%2Cnull%2C%5Bnull%2C1%5D%5D%5D%5D%2C%5B95338770%2C%5B%5Bnull%2C45645574%2Cnull%2C%5Bnull%2C2%5D%5D%5D%5D%5D%5D%2C%5B50%2C%5B%5B95345206%5D%2C%5B95345207%2C%5B%5B45661356%2Cnull%2Cnull%2C%5B1%5D%5D%5D%5D%5D%5D%2C%5B1%2C%5B%5B95351425%5D%2C%5B95351426%2C%5B%5B45676441%2Cnull%2Cnull%2C%5B1%5D%5D%5D%5D%5D%5D%2C%5B1%2C%5B%5B95373378%2C%5B%5B792614055%2Cnull%2Cnull%2C%5B1%5D%5D%5D%5D%2C%5B95373379%2C%5B%5B45747172%2Cnull%2Cnull%2C%5B1%5D%5D%2C%5B781107959%2Cnull%2Cnull%2C%5B1%5D%5D%2C%5B792614055%2Cnull%2Cnull%2C%5B1%5D%5D%2C%5B781107957%2Cnull%2Cnull%2C%5B1%5D%5D%5D%5D%5D%5D%2C%5B10%2C%5B%5B95378629%5D%2C%5B95378630%2C%5B%5B45729602%2Cnull%2Cnull%2C%5B1%5D%5D%5D%5D%2C%5B95381582%2C%5B%5B45729602%2Cnull%2Cnull%2C%5B1%5D%5D%2C%5B45753603%2Cnull%2Cnull%2C%5B1%5D%5D%5D%5D%2C%5B95381583%2C%5B%5B45729602%2Cnull%2Cnull%2C%5B1%5D%5D%2C%5B45753604%2Cnull%2Cnull%2C%5B1%5D%5D%5D%5D%5D%5D%2C%5B50%2C%5B%5B95382403%5D%2C%5B95386528%2C%5B%5Bnull%2C45767902%2Cnull%2C%5B%5D%5D%2C%5B45756824%2Cnull%2Cnull%2C%5B1%5D%5D%5D%5D%5D%5D%2C%5B10%2C%5B%5B95385193%5D%2C%5B95385194%2C%5B%5B45765927%2Cnull%2Cnull%2C%5B1%5D%5D%5D%5D%5D%5D%2C%5B100%2C%5B%5B95387816%5D%2C%5B95387817%2C%5B%5B45774999%2Cnull%2Cnull%2C%5B1%5D%5D%5D%5D%5D%5D%2C%5B10%2C%5B%5B95389581%5D%2C%5B95389582%2C%5B%5B635466687%2Cnull%2Cnull%2C%5B1%5D%5D%5D%5D%5D%5D%5D%5D%5D%2Cnull%2Cnull%2C%5Bnull%2C1000%2C1%2C1000%5D%5D%22%7D&imalib_experiments=%5B44752052%2C95322027%2C95331589%2C31097691%2C95332046%5D&is_eap_loader=false&managed_js_experiment_id=0&page_correlator=791933799313391&pvsid=6791054105284062&top_accessible_page_url=%22https%3A%2F%2Fmediatakeout.com%2Fadrien-broner-clip-goes-viral-as-ryan-garcia-offers-help%2F%22:0
[ 4383247ms] [ERROR] skipping pixel true false @ https://cdn.confiant-integrations.net/gptprebidnativevideo/202603180909/wrap.js:17
[ 4383284ms] [ERROR] Attestation check for Shared Storage on https://securepubads.g.doubleclick.net failed. @ https://imasdk.googleapis.com/js/core/bridge3.761.0_en.html#deid=%22%22&eventfe_experiment_ids=%5B%5D&fid=%22goog_1362906630%22&genotype_experiment_data=%7B%22experimentStateProto%22%3A%22%5B%5B%5B45713128%2Cnull%2Cnull%2C%5B%5D%5D%2C%5Bnull%2C745150931%2Cnull%2C%5Bnull%2C1%5D%5D%2C%5Bnull%2C749060184%2Cnull%2C%5Bnull%2C128%5D%5D%2C%5B841585769%2Cnull%2Cnull%2C%5B1%5D%5D%2C%5B45761044%2Cnull%2Cnull%2C%5B%5D%5D%2C%5B45722344%2Cnull%2Cnull%2C%5B%5D%5D%2C%5B45706017%2Cnull%2Cnull%2C%5B1%5D%5D%2C%5B45774999%2Cnull%2Cnull%2C%5B%5D%5D%2C%5B45776042%2Cnull%2Cnull%2C%5B%5D%5D%2C%5B45668885%2Cnull%2Cnull%2C%5B%5D%5D%2C%5B45685340%2Cnull%2Cnull%2C%5B%5D%5D%2C%5B45765927%2Cnull%2Cnull%2C%5B%5D%5D%2C%5B45734716%2Cnull%2Cnull%2C%5B%5D%5D%2C%5B45735891%2Cnull%2Cnull%2C%5B%5D%5D%2C%5B45663239%2Cnull%2Cnull%2C%5B%5D%5D%2C%5B45715032%2Cnull%2Cnull%2C%5B1%5D%5D%2C%5B45661356%2Cnull%2Cnull%2C%5B%5D%5D%2C%5B839547366%2Cnull%2Cnull%2C%5B1%5D%5D%2C%5B45676441%2Cnull%2Cnull%2C%5B%5D%5D%2C%5Bnull%2C45645574%2Cnull%2C%5B%5D%5D%2C%5B45688859%2Cnull%2Cnull%2C%5B%5D%5D%2C%5B45656766%2Cnull%2Cnull%2C%5B%5D%5D%2C%5B45710689%2Cnull%2Cnull%2C%5B%5D%5D%2C%5B45710688%2Cnull%2Cnull%2C%5B1%5D%5D%2C%5B45685601%2Cnull%2Cnull%2C%5B%5D%5D%2C%5Bnull%2C45685602%2Cnull%2C%5Bnull%2C500%5D%5D%2C%5Bnull%2C45767902%2Cnull%2C%5Bnull%2C500%5D%5D%2C%5B45756824%2Cnull%2Cnull%2C%5B%5D%5D%2C%5B45747172%2Cnull%2Cnull%2C%5B%5D%5D%2C%5B775241416%2Cnull%2Cnull%2C%5B%5D%5D%2C%5B781107959%2Cnull%2Cnull%2C%5B%5D%5D%2C%5B781107958%2Cnull%2Cnull%2C%5B%5D%5D%2C%5B792614055%2Cnull%2Cnull%2C%5B%5D%5D%2C%5B781107957%2Cnull%2Cnull%2C%5B%5D%5D%2C%5B45729602%2Cnull%2Cnull%2C%5B%5D%5D%2C%5B45753603%2Cnull%2Cnull%2C%5B%5D%5D%2C%5B45753604%2Cnull%2Cnull%2C%5B%5D%5D%5D%2C%5B%5B16%2C%5B%5B1%2C%5B%5B31089630%5D%2C%5B31089631%2C%5B%5B45668885%2Cnull%2Cnull%2C%5B1%5D%5D%5D%5D%5D%5D%2C%5B10%2C%5B%5B31097690%5D%2C%5B31097691%2C%5B%5B846355750%2Cnull%2Cnull%2C%5B1%5D%5D%5D%5D%5D%5D%2C%5B1000%2C%5B%5B95332046%5D%5D%5D%2C%5Bnull%2C%5B%5B95332047%5D%5D%5D%2C%5B10%2C%5B%5B95338769%2C%5B%5Bnull%2C45645574%2Cnull%2C%5Bnull%2C1%5D%5D%5D%5D%2C%5B95338770%2C%5B%5Bnull%2C45645574%2Cnull%2C%5Bnull%2C2%5D%5D%5D%5D%5D%5D%2C%5B50%2C%5B%5B95345206%5D%2C%5B95345207%2C%5B%5B45661356%2Cnull%2Cnull%2C%5B1%5D%5D%5D%5D%5D%5D%2C%5B1%2C%5B%5B95351425%5D%2C%5B95351426%2C%5B%5B45676441%2Cnull%2Cnull%2C%5B1%5D%5D%5D%5D%5D%5D%2C%5B1%2C%5B%5B95373378%2C%5B%5B792614055%2Cnull%2Cnull%2C%5B1%5D%5D%5D%5D%2C%5B95373379%2C%5B%5B45747172%2Cnull%2Cnull%2C%5B1%5D%5D%2C%5B781107959%2Cnull%2Cnull%2C%5B1%5D%5D%2C%5B792614055%2Cnull%2Cnull%2C%5B1%5D%5D%2C%5B781107957%2Cnull%2Cnull%2C%5B1%5D%5D%5D%5D%5D%5D%2C%5B10%2C%5B%5B95378629%5D%2C%5B95378630%2C%5B%5B45729602%2Cnull%2Cnull%2C%5B1%5D%5D%5D%5D%2C%5B95381582%2C%5B%5B45729602%2Cnull%2Cnull%2C%5B1%5D%5D%2C%5B45753603%2Cnull%2Cnull%2C%5B1%5D%5D%5D%5D%2C%5B95381583%2C%5B%5B45729602%2Cnull%2Cnull%2C%5B1%5D%5D%2C%5B45753604%2Cnull%2Cnull%2C%5B1%5D%5D%5D%5D%5D%5D%2C%5B50%2C%5B%5B95382403%5D%2C%5B95386528%2C%5B%5Bnull%2C45767902%2Cnull%2C%5B%5D%5D%2C%5B45756824%2Cnull%2Cnull%2C%5B1%5D%5D%5D%5D%5D%5D%2C%5B10%2C%5B%5B95385193%5D%2C%5B95385194%2C%5B%5B45765927%2Cnull%2Cnull%2C%5B1%5D%5D%5D%5D%5D%5D%2C%5B100%2C%5B%5B95387816%5D%2C%5B95387817%2C%5B%5B45774999%2Cnull%2Cnull%2C%5B1%5D%5D%5D%5D%5D%5D%2C%5B10%2C%5B%5B95389581%5D%2C%5B95389582%2C%5B%5B635466687%2Cnull%2Cnull%2C%5B1%5D%5D%5D%5D%5D%5D%5D%5D%5D%2Cnull%2Cnull%2C%5Bnull%2C1000%2C1%2C1000%5D%5D%22%7D&imalib_experiments=%5B44715336%2C95322027%2C95331589%2C31097691%2C95332046%5D&is_eap_loader=false&managed_js_experiment_id=0&page_correlator=1866022646397386&pvsid=6791054105284062&top_accessible_page_url=%22https%3A%2F%2Fmediatakeout.com%2Fadrien-broner-clip-goes-viral-as-ryan-garcia-offers-help%2F%22:0
[ 4383327ms] [ERROR] skipping pixel true false @ https://cdn.confiant-integrations.net/gptprebidnativevideo/202603180909/wrap.js:17
[ 4383331ms] [LOG] 2026-05-06T00:20:14.191Z [LOG] {"duration":15,"skippableState":false,"vuInstr":"https://aax-events-cell02-cf.us-west.3px.axp.amazon-adsystem.com/x/px/RHjfbJoOsx5q6GwEQtbHGLUAAAGd-qgangYAAAe8BEEzcHhfdHhuX2JpZDEgICAzcHhfdHhuX2ltcDEgICBJQfCQ/","adCfid":"582313157048248519","vuParams":{"sourceid":"1303","expname":"UNITAG_VIDEO_ROLLOUT_5486","expbucket":"T","sourcetype":"rtb","traffictype":"site","ep":[],"msrTechnique":"vpaid","mediatype":"video","bidId":"eN9smg6zHmrobARC1scYtQ","pm":{}},"creativeCfid":"582844975277672753","vastUrl":"https://servedby.flashtalking.com/imp/8/261181;10771930;208;xml;Amazon;BPMAMAZONID49246ollyAMAZONStreamingRTBOLVPrecisionProbiotics15s/?gdpr=GPP_STRING&gdpr_consent=GPP_STRING&us_privacy=${US_PRIVACY}&cachebuster=87198035295765320&ft_id=[INSERT_DEVICEID]&ft_partnerid=[INSERT_USERID]","iconsElem":"<Icons> <Icon program=\"adchoices\" width=\"15\" height=\"15\" xPosition=\"left\" yPosition=\"top\"> <StaticResource creativeType=\"image/png\"> https://images-na.ssl-images-amazon.com/images/G/01/da/adchoices.png </StaticResource> <IconClicks> <IconClickThrough> https://www.amazon.com/adprefs/ref=third_party_video_{%creative_cfid} </IconClickThrough> </IconClicks> </Icon> </Icons>","vpaidVersion":"2.0","vu":"https://ts.amazon-adsystem.com/?s=%7B%22sourceid%22%3A%221303%22%2C%22expname%22%3A%22UNITAG_VIDEO_ROLLOUT_5486%22%2C%22expbucket%22%3A%22T%22%2C%22sourcetype%22%3A%22rtb%22%2C%22traffictype%22%3A%22site%22%2C%22msrTechnique%22%3A%22vpaid%22%2C%22mediatype%22%3A%22video%22%7D&p=%7B%22ep%22%3A%5B%5D%2C%22bidId%22%3A%22eN9smg6zHmrobARC1scYtQ%22%7D"} @ https://c.amazon-adsystem.com/bao-csm/webvideo/3p/amzn_vpaid_wrapper.js:0
[ 4383336ms] [LOG] Subscribe bound  to event AdClickThru @ https://m.media-amazon.com/images/I/3181ANR4pXL.js:0
[ 4383336ms] [LOG] Subscribe bound  to event AdDurationChange @ https://m.media-amazon.com/images/I/3181ANR4pXL.js:0
[ 4383336ms] [LOG] Subscribe bound  to event AdError @ https://m.media-amazon.com/images/I/3181ANR4pXL.js:0
[ 4383336ms] [LOG] Subscribe bound  to event AdExpandedChange @ https://m.media-amazon.com/images/I/3181ANR4pXL.js:0
[ 4383336ms] [LOG] Subscribe bound  to event AdImpression @ https://m.media-amazon.com/images/I/3181ANR4pXL.js:0
[ 4383336ms] [LOG] Subscribe bound  to event AdInteraction @ https://m.media-amazon.com/images/I/3181ANR4pXL.js:0
[ 4383336ms] [LOG] Subscribe bound  to event AdLinearChange @ https://m.media-amazon.com/images/I/3181ANR4pXL.js:0
[ 4383336ms] [LOG] Subscribe bound  to event AdLoaded @ https://m.media-amazon.com/images/I/3181ANR4pXL.js:0
[ 4383336ms] [LOG] Subscribe bound  to event AdLog @ https://m.media-amazon.com/images/I/3181ANR4pXL.js:0
[ 4383336ms] [LOG] Subscribe bound  to event AdPaused @ https://m.media-amazon.com/images/I/3181ANR4pXL.js:0
[ 4383336ms] [LOG] Subscribe bound  to event AdPlaying @ https://m.media-amazon.com/images/I/3181ANR4pXL.js:0
[ 4383336ms] [LOG] Subscribe bound  to event AdRemainingTimeChange @ https://m.media-amazon.com/images/I/3181ANR4pXL.js:0
[ 4383336ms] [LOG] Subscribe bound  to event AdSizeChange @ https://m.media-amazon.com/images/I/3181ANR4pXL.js:0
[ 4383336ms] [LOG] Subscribe bound  to event AdSkipped @ https://m.media-amazon.com/images/I/3181ANR4pXL.js:0
[ 4383336ms] [LOG] Subscribe bound  to event AdStarted @ https://m.media-amazon.com/images/I/3181ANR4pXL.js:0
[ 4383336ms] [LOG] Subscribe bound  to event AdStopped @ https://m.media-amazon.com/images/I/3181ANR4pXL.js:0
[ 4383336ms] [LOG] Subscribe bound  to event AdSkippableStateChange @ https://m.media-amazon.com/images/I/3181ANR4pXL.js:0
[ 4383336ms] [LOG] Subscribe bound  to event AdUserAcceptInvitation @ https://m.media-amazon.com/images/I/3181ANR4pXL.js:0
[ 4383336ms] [LOG] Subscribe bound  to event AdUserClose @ https://m.media-amazon.com/images/I/3181ANR4pXL.js:0
[ 4383336ms] [LOG] Subscribe bound  to event AdUserMinimize @ https://m.media-amazon.com/images/I/3181ANR4pXL.js:0
[ 4383336ms] [LOG] Subscribe bound  to event AdVideoComplete @ https://m.media-amazon.com/images/I/3181ANR4pXL.js:0
[ 4383336ms] [LOG] Subscribe bound  to event AdVideoFirstQuartile @ https://m.media-amazon.com/images/I/3181ANR4pXL.js:0
[ 4383336ms] [LOG] Subscribe bound  to event AdVideoMidpoint @ https://m.media-amazon.com/images/I/3181ANR4pXL.js:0
[ 4383336ms] [LOG] Subscribe bound  to event AdVideoStart @ https://m.media-amazon.com/images/I/3181ANR4pXL.js:0
[ 4383336ms] [LOG] Subscribe bound  to event AdVideoThirdQuartile @ https://m.media-amazon.com/images/I/3181ANR4pXL.js:0
[ 4383336ms] [LOG] Subscribe bound  to event AdVolumeChange @ https://m.media-amazon.com/images/I/3181ANR4pXL.js:0
[ 4383336ms] [LOG] Subscribe bound  to event Ping @ https://m.media-amazon.com/images/I/3181ANR4pXL.js:0
[ 4383337ms] [LOG] initAd 227x150 normal 500 @ https://m.media-amazon.com/images/I/3181ANR4pXL.js:0
[ 4383337ms] [LOG] desiredBitrate 500 @ https://m.media-amazon.com/images/I/3181ANR4pXL.js:0
[ 4383337ms] [LOG] extracted video {
  "bitRate": 449,
  "mimetype": "video/mp4",
  "url": "https://m.media-amazon.com/images/S/al-na-9d5791cf-3faf/2a4a4544-bce2-4fb0-9ed5-d943e9c8e292.mp4/mp4_450Kbs_15fps_48khz_96Kbs_360p.mp4?c=580373559569645690&a=577188856544382873&d=30.133333&br=449&w=854&h=480&ct=1014%2C1020%2C1023&ca=2"
} @ https://m.media-amazon.com/images/I/3181ANR4pXL.js:0
[ 4383340ms] [LOG] Starting ad @ https://m.media-amazon.com/images/I/3181ANR4pXL.js:0
[ 4383348ms] [LOG] setAdVolume 0 @ https://m.media-amazon.com/images/I/3181ANR4pXL.js:0
[ 4383427ms] [ERROR] skipping pixel true false @ https://cdn.confiant-integrations.net/gptprebidnativevideo/202603180909/wrap.js:17
[ 4382526ms] [ERROR] Attestation check for Shared Storage on https://www.googleadservices.com failed. @ https://www.googleadservices.com/pagead/managed/js/activeview/current/reach_worklet.html:0
[ 4383006ms] [ERROR] Attestation check for Shared Storage on https://www.googleadservices.com failed. @ https://www.googleadservices.com/pagead/managed/js/activeview/current/reach_worklet.html:0
[ 4383459ms] [ERROR] skipping pixel true false @ https://cdn.confiant-integrations.net/gptprebidnativevideo/202603180909/wrap.js:17
[ 4383466ms] [ERROR] Attestation check for Shared Storage on https://www.googleadservices.com failed. @ https://www.googleadservices.com/pagead/managed/js/activeview/current/reach_worklet.html:0
[ 4383490ms] [ERROR] skipping pixel true false @ https://cdn.confiant-integrations.net/gptprebidnativevideo/202603180909/wrap.js:17
[ 4383526ms] [ERROR] skipping pixel true false @ https://cdn.confiant-integrations.net/gptprebidnativevideo/202603180909/wrap.js:17
[ 4383527ms] [LOG] Subscribe h to event AdStarted @ https://m.media-amazon.com/images/I/3181ANR4pXL.js:0
[ 4383527ms] [LOG] Subscribe j to event AdStopped @ https://m.media-amazon.com/images/I/3181ANR4pXL.js:0
[ 4383527ms] [LOG] Subscribe i to event AdPlaying @ https://m.media-amazon.com/images/I/3181ANR4pXL.js:0
[ 4383527ms] [LOG] Subscribe k to event AdPaused @ https://m.media-amazon.com/images/I/3181ANR4pXL.js:0
[ 4383527ms] [LOG] Subscribe m to event AdSizeChange @ https://m.media-amazon.com/images/I/3181ANR4pXL.js:0
[ 4383527ms] [LOG] Subscribe n to event AdError @ https://m.media-amazon.com/images/I/3181ANR4pXL.js:0
[ 4383527ms] [LOG] Subscribe o to event AdSkipped @ https://m.media-amazon.com/images/I/3181ANR4pXL.js:0
[ 4383527ms] [LOG] Subscribe l to event AdVolumeChanged @ https://m.media-amazon.com/images/I/3181ANR4pXL.js:0
[ 4383527ms] [LOG] Subscribe f to event AdImpression @ https://m.media-amazon.com/images/I/3181ANR4pXL.js:0
[ 4383527ms] [LOG] Subscribe d to event AdVideoStart @ https://m.media-amazon.com/images/I/3181ANR4pXL.js:0
[ 4383527ms] [LOG] Subscribe d to event AdVideoFirstQuartile @ https://m.media-amazon.com/images/I/3181ANR4pXL.js:0
[ 4383528ms] [LOG] Subscribe c to event AdVideoMidpoint @ https://m.media-amazon.com/images/I/3181ANR4pXL.js:0
[ 4383528ms] [LOG] Subscribe c to event AdVideoThirdQuartile @ https://m.media-amazon.com/images/I/3181ANR4pXL.js:0
[ 4383528ms] [LOG] Subscribe e to event AdVideoComplete @ https://m.media-amazon.com/images/I/3181ANR4pXL.js:0
[ 4383528ms] [LOG] getAdVolume @ https://m.media-amazon.com/images/I/3181ANR4pXL.js:0
[ 4382526ms] [ERROR] Attestation check for Shared Storage on https://www.googleadservices.com failed. @ https://www.googleadservices.com/pagead/managed/js/activeview/current/reach_worklet.html:0
[ 4383006ms] [ERROR] Attestation check for Shared Storage on https://www.googleadservices.com failed. @ https://www.googleadservices.com/pagead/managed/js/activeview/current/reach_worklet.html:0
[ 4383466ms] [ERROR] Attestation check for Shared Storage on https://www.googleadservices.com failed. @ https://www.googleadservices.com/pagead/managed/js/activeview/current/reach_worklet.html:0
[ 4382526ms] [ERROR] Attestation check for Shared Storage on https://www.googleadservices.com failed. @ https://www.googleadservices.com/pagead/managed/js/activeview/current/reach_worklet.html:0
[ 4383006ms] [ERROR] Attestation check for Shared Storage on https://www.googleadservices.com failed. @ https://www.googleadservices.com/pagead/managed/js/activeview/current/reach_worklet.html:0
[ 4383466ms] [ERROR] Attestation check for Shared Storage on https://www.googleadservices.com failed. @ https://www.googleadservices.com/pagead/managed/js/activeview/current/reach_worklet.html:0
[ 4383564ms] [ERROR] Attestation check for Shared Storage on https://www.googleadservices.com failed. @ https://www.googleadservices.com/pagead/managed/js/activeview/current/reach_worklet.html:0
[ 4383580ms] [LOG] 2026-05-06T00:20:14.440Z [LOG] [startAd] invoked @ https://c.amazon-adsystem.com/bao-csm/webvideo/3p/amzn_vpaid_wrapper.js:0
[ 4383610ms] [LOG] 2026-05-06T00:20:14.470Z [LOG] [resizeAd] invoked with 623x350 normal @ https://c.amazon-adsystem.com/bao-csm/webvideo/3p/amzn_vpaid_wrapper.js:0
[ 4383648ms] [ERROR] Attestation check for Shared Storage on https://www.googleadservices.com failed. @ https://www.googleadservices.com/pagead/managed/js/activeview/current/reach_worklet.html:0
[ 4382526ms] [ERROR] Attestation check for Shared Storage on https://www.googleadservices.com failed. @ https://www.googleadservices.com/pagead/managed/js/activeview/current/reach_worklet.html:0
[ 4383006ms] [ERROR] Attestation check for Shared Storage on https://www.googleadservices.com failed. @ https://www.googleadservices.com/pagead/managed/js/activeview/current/reach_worklet.html:0
[ 4383466ms] [ERROR] Attestation check for Shared Storage on https://www.googleadservices.com failed. @ https://www.googleadservices.com/pagead/managed/js/activeview/current/reach_worklet.html:0
[ 4383564ms] [ERROR] Attestation check for Shared Storage on https://www.googleadservices.com failed. @ https://www.googleadservices.com/pagead/managed/js/activeview/current/reach_worklet.html:0
[ 4383648ms] [ERROR] Attestation check for Shared Storage on https://www.googleadservices.com failed. @ https://www.googleadservices.com/pagead/managed/js/activeview/current/reach_worklet.html:0
[ 4383733ms] [ERROR] Attestation check for Shared Storage on https://www.googleadservices.com failed. @ https://www.googleadservices.com/pagead/managed/js/activeview/current/reach_worklet.html:0
[ 4383750ms] [ERROR] Failed to load resource: the server responded with a status of 404 () @ https://mediatakeout.com/adrien-broner-clip-goes-viral-as-ryan-garcia-offers-help/undefined?p=%7B%22vpaidJs%22%3A%7B%22ltfv_provider%22%3A%22245.40%22%2C%22ltvm%22%3A%22246.10%22%2C%22wprTot%22%3A%22246.90%22%2C%22ltadStd%22%3A%220.30%22%2C%22ltcsm%22%3A%220.20%22%7D%2C%22ts%22%3A1778026814438%2C%22wrapperId%22%3A%22hofq3qs13qk%22%7D&cb=7427616:0
[ 4384008ms] [LOG] 2026-05-06T00:20:14.868Z [LOG] AdVideoStart @ https://c.amazon-adsystem.com/bao-csm/webvideo/3p/amzn_vpaid_wrapper.js:0
[ 4384737ms] [LOG] 2026-05-06T00:20:15.598Z [LOG] [resizeAd] invoked with 0x0 normal @ https://c.amazon-adsystem.com/bao-csm/webvideo/3p/amzn_vpaid_wrapper.js:0
[ 4384738ms] [LOG] 2026-05-06T00:20:15.599Z [LOG] [resizeAd] invoked with 300x169 normal @ https://c.amazon-adsystem.com/bao-csm/webvideo/3p/amzn_vpaid_wrapper.js:0
[ 4382526ms] [ERROR] Attestation check for Shared Storage on https://www.googleadservices.com failed. @ https://www.googleadservices.com/pagead/managed/js/activeview/current/reach_worklet.html:0
[ 4383006ms] [ERROR] Attestation check for Shared Storage on https://www.googleadservices.com failed. @ https://www.googleadservices.com/pagead/managed/js/activeview/current/reach_worklet.html:0
[ 4383466ms] [ERROR] Attestation check for Shared Storage on https://www.googleadservices.com failed. @ https://www.googleadservices.com/pagead/managed/js/activeview/current/reach_worklet.html:0
[ 4383564ms] [ERROR] Attestation check for Shared Storage on https://www.googleadservices.com failed. @ https://www.googleadservices.com/pagead/managed/js/activeview/current/reach_worklet.html:0
[ 4383648ms] [ERROR] Attestation check for Shared Storage on https://www.googleadservices.com failed. @ https://www.googleadservices.com/pagead/managed/js/activeview/current/reach_worklet.html:0
[ 4383733ms] [ERROR] Attestation check for Shared Storage on https://www.googleadservices.com failed. @ https://www.googleadservices.com/pagead/managed/js/activeview/current/reach_worklet.html:0
[ 4384860ms] [ERROR] Attestation check for Shared Storage on https://www.googleadservices.com failed. @ https://www.googleadservices.com/pagead/managed/js/activeview/current/reach_worklet.html:0
[ 4382526ms] [ERROR] Attestation check for Shared Storage on https://www.googleadservices.com failed. @ https://www.googleadservices.com/pagead/managed/js/activeview/current/reach_worklet.html:0
[ 4383006ms] [ERROR] Attestation check for Shared Storage on https://www.googleadservices.com failed. @ https://www.googleadservices.com/pagead/managed/js/activeview/current/reach_worklet.html:0
[ 4383466ms] [ERROR] Attestation check for Shared Storage on https://www.googleadservices.com failed. @ https://www.googleadservices.com/pagead/managed/js/activeview/current/reach_worklet.html:0
[ 4383564ms] [ERROR] Attestation check for Shared Storage on https://www.googleadservices.com failed. @ https://www.googleadservices.com/pagead/managed/js/activeview/current/reach_worklet.html:0
[ 4383648ms] [ERROR] Attestation check for Shared Storage on https://www.googleadservices.com failed. @ https://www.googleadservices.com/pagead/managed/js/activeview/current/reach_worklet.html:0
[ 4383733ms] [ERROR] Attestation check for Shared Storage on https://www.googleadservices.com failed. @ https://www.googleadservices.com/pagead/managed/js/activeview/current/reach_worklet.html:0
[ 4384860ms] [ERROR] Attestation check for Shared Storage on https://www.googleadservices.com failed. @ https://www.googleadservices.com/pagead/managed/js/activeview/current/reach_worklet.html:0
[ 4386246ms] [ERROR] Attestation check for Shared Storage on https://www.googleadservices.com failed. @ https://www.googleadservices.com/pagead/managed/js/activeview/current/reach_worklet.html:0
[ 4387724ms] [LOG] 2026-05-06T00:20:18.585Z [LOG] AdVideoFirstQuartile @ https://c.amazon-adsystem.com/bao-csm/webvideo/3p/amzn_vpaid_wrapper.js:0
[ 4391442ms] [LOG] 2026-05-06T00:20:22.302Z [LOG] AdVideoMidpoint @ https://c.amazon-adsystem.com/bao-csm/webvideo/3p/amzn_vpaid_wrapper.js:0
[ 4395161ms] [LOG] 2026-05-06T00:20:26.021Z [LOG] AdVideoThirdQuartile @ https://c.amazon-adsystem.com/bao-csm/webvideo/3p/amzn_vpaid_wrapper.js:0
[ 4398830ms] [LOG] 2026-05-06T00:20:29.690Z [LOG] AdVideoComplete @ https://c.amazon-adsystem.com/bao-csm/webvideo/3p/amzn_vpaid_wrapper.js:0
[ 4398907ms] [LOG] 2026-05-06T00:20:29.768Z [LOG] Unsubscribe bound  from event AdClickThru @ https://c.amazon-adsystem.com/bao-csm/webvideo/3p/amzn_vpaid_wrapper.js:0
[ 4398907ms] [LOG] 2026-05-06T00:20:29.768Z [LOG] Unsubscribe bound  from event AdDurationChange @ https://c.amazon-adsystem.com/bao-csm/webvideo/3p/amzn_vpaid_wrapper.js:0
[ 4398907ms] [LOG] 2026-05-06T00:20:29.768Z [LOG] Unsubscribe bound  from event AdError @ https://c.amazon-adsystem.com/bao-csm/webvideo/3p/amzn_vpaid_wrapper.js:0
[ 4398907ms] [LOG] 2026-05-06T00:20:29.768Z [LOG] Unsubscribe bound  from event AdExpandedChange @ https://c.amazon-adsystem.com/bao-csm/webvideo/3p/amzn_vpaid_wrapper.js:0
[ 4398907ms] [LOG] 2026-05-06T00:20:29.768Z [LOG] Unsubscribe bound  from event AdImpression @ https://c.amazon-adsystem.com/bao-csm/webvideo/3p/amzn_vpaid_wrapper.js:0
[ 4398908ms] [LOG] 2026-05-06T00:20:29.768Z [LOG] Unsubscribe bound  from event AdInteraction @ https://c.amazon-adsystem.com/bao-csm/webvideo/3p/amzn_vpaid_wrapper.js:0
[ 4398908ms] [LOG] 2026-05-06T00:20:29.768Z [LOG] Unsubscribe bound  from event AdLinearChange @ https://c.amazon-adsystem.com/bao-csm/webvideo/3p/amzn_vpaid_wrapper.js:0
[ 4398908ms] [LOG] 2026-05-06T00:20:29.768Z [LOG] Unsubscribe bound  from event AdLoaded @ https://c.amazon-adsystem.com/bao-csm/webvideo/3p/amzn_vpaid_wrapper.js:0
[ 4398908ms] [LOG] 2026-05-06T00:20:29.768Z [LOG] Unsubscribe bound  from event AdLog @ https://c.amazon-adsystem.com/bao-csm/webvideo/3p/amzn_vpaid_wrapper.js:0
[ 4398908ms] [LOG] 2026-05-06T00:20:29.768Z [LOG] Unsubscribe bound  from event AdPaused @ https://c.amazon-adsystem.com/bao-csm/webvideo/3p/amzn_vpaid_wrapper.js:0
[ 4398908ms] [LOG] 2026-05-06T00:20:29.768Z [LOG] Unsubscribe bound  from event AdPlaying @ https://c.amazon-adsystem.com/bao-csm/webvideo/3p/amzn_vpaid_wrapper.js:0
[ 4398908ms] [LOG] 2026-05-06T00:20:29.768Z [LOG] Unsubscribe bound  from event AdRemainingTimeChange @ https://c.amazon-adsystem.com/bao-csm/webvideo/3p/amzn_vpaid_wrapper.js:0
[ 4398908ms] [LOG] 2026-05-06T00:20:29.769Z [LOG] Unsubscribe bound  from event AdSizeChange @ https://c.amazon-adsystem.com/bao-csm/webvideo/3p/amzn_vpaid_wrapper.js:0
[ 4398908ms] [LOG] 2026-05-06T00:20:29.769Z [LOG] Unsubscribe bound  from event AdSkipped @ https://c.amazon-adsystem.com/bao-csm/webvideo/3p/amzn_vpaid_wrapper.js:0
[ 4398908ms] [LOG] 2026-05-06T00:20:29.769Z [LOG] Unsubscribe bound  from event AdStarted @ https://c.amazon-adsystem.com/bao-csm/webvideo/3p/amzn_vpaid_wrapper.js:0
[ 4398908ms] [LOG] 2026-05-06T00:20:29.769Z [LOG] Unsubscribe bound  from event AdStopped @ https://c.amazon-adsystem.com/bao-csm/webvideo/3p/amzn_vpaid_wrapper.js:0
[ 4398908ms] [LOG] 2026-05-06T00:20:29.769Z [LOG] Unsubscribe bound  from event AdSkippableStateChange @ https://c.amazon-adsystem.com/bao-csm/webvideo/3p/amzn_vpaid_wrapper.js:0
[ 4398908ms] [LOG] 2026-05-06T00:20:29.769Z [LOG] Unsubscribe bound  from event AdUserAcceptInvitation @ https://c.amazon-adsystem.com/bao-csm/webvideo/3p/amzn_vpaid_wrapper.js:0
[ 4398908ms] [LOG] 2026-05-06T00:20:29.769Z [LOG] Unsubscribe bound  from event AdUserClose @ https://c.amazon-adsystem.com/bao-csm/webvideo/3p/amzn_vpaid_wrapper.js:0
[ 4398908ms] [LOG] 2026-05-06T00:20:29.769Z [LOG] Unsubscribe bound  from event AdUserMinimize @ https://c.amazon-adsystem.com/bao-csm/webvideo/3p/amzn_vpaid_wrapper.js:0
[ 4398908ms] [LOG] 2026-05-06T00:20:29.769Z [LOG] Unsubscribe bound  from event AdVideoComplete @ https://c.amazon-adsystem.com/bao-csm/webvideo/3p/amzn_vpaid_wrapper.js:0
[ 4398908ms] [LOG] 2026-05-06T00:20:29.769Z [LOG] Unsubscribe bound  from event AdVideoFirstQuartile @ https://c.amazon-adsystem.com/bao-csm/webvideo/3p/amzn_vpaid_wrapper.js:0
[ 4398908ms] [LOG] 2026-05-06T00:20:29.769Z [LOG] Unsubscribe bound  from event AdVideoMidpoint @ https://c.amazon-adsystem.com/bao-csm/webvideo/3p/amzn_vpaid_wrapper.js:0
[ 4398909ms] [LOG] 2026-05-06T00:20:29.769Z [LOG] Unsubscribe bound  from event AdVideoStart @ https://c.amazon-adsystem.com/bao-csm/webvideo/3p/amzn_vpaid_wrapper.js:0
[ 4398909ms] [LOG] 2026-05-06T00:20:29.769Z [LOG] Unsubscribe bound  from event AdVideoThirdQuartile @ https://c.amazon-adsystem.com/bao-csm/webvideo/3p/amzn_vpaid_wrapper.js:0
[ 4398909ms] [LOG] 2026-05-06T00:20:29.769Z [LOG] Unsubscribe bound  from event AdVolumeChange @ https://c.amazon-adsystem.com/bao-csm/webvideo/3p/amzn_vpaid_wrapper.js:0
[ 4398909ms] [LOG] 2026-05-06T00:20:29.769Z [LOG] Unsubscribe bound  from event Ping @ https://c.amazon-adsystem.com/bao-csm/webvideo/3p/amzn_vpaid_wrapper.js:0
[ 4382526ms] [ERROR] Attestation check for Shared Storage on https://www.googleadservices.com failed. @ https://www.googleadservices.com/pagead/managed/js/activeview/current/reach_worklet.html:0
[ 4383006ms] [ERROR] Attestation check for Shared Storage on https://www.googleadservices.com failed. @ https://www.googleadservices.com/pagead/managed/js/activeview/current/reach_worklet.html:0
[ 4383466ms] [ERROR] Attestation check for Shared Storage on https://www.googleadservices.com failed. @ https://www.googleadservices.com/pagead/managed/js/activeview/current/reach_worklet.html:0
[ 4383564ms] [ERROR] Attestation check for Shared Storage on https://www.googleadservices.com failed. @ https://www.googleadservices.com/pagead/managed/js/activeview/current/reach_worklet.html:0
[ 4383648ms] [ERROR] Attestation check for Shared Storage on https://www.googleadservices.com failed. @ https://www.googleadservices.com/pagead/managed/js/activeview/current/reach_worklet.html:0
[ 4383733ms] [ERROR] Attestation check for Shared Storage on https://www.googleadservices.com failed. @ https://www.googleadservices.com/pagead/managed/js/activeview/current/reach_worklet.html:0
[ 4384860ms] [ERROR] Attestation check for Shared Storage on https://www.googleadservices.com failed. @ https://www.googleadservices.com/pagead/managed/js/activeview/current/reach_worklet.html:0
[ 4386246ms] [ERROR] Attestation check for Shared Storage on https://www.googleadservices.com failed. @ https://www.googleadservices.com/pagead/managed/js/activeview/current/reach_worklet.html:0
[ 4412836ms] [ERROR] Attestation check for Shared Storage on https://www.googleadservices.com failed. @ https://www.googleadservices.com/pagead/managed/js/activeview/current/reach_worklet.html:0
[ 4382526ms] [ERROR] Attestation check for Shared Storage on https://www.googleadservices.com failed. @ https://www.googleadservices.com/pagead/managed/js/activeview/current/reach_worklet.html:0
[ 4383006ms] [ERROR] Attestation check for Shared Storage on https://www.googleadservices.com failed. @ https://www.googleadservices.com/pagead/managed/js/activeview/current/reach_worklet.html:0
[ 4383466ms] [ERROR] Attestation check for Shared Storage on https://www.googleadservices.com failed. @ https://www.googleadservices.com/pagead/managed/js/activeview/current/reach_worklet.html:0
[ 4383564ms] [ERROR] Attestation check for Shared Storage on https://www.googleadservices.com failed. @ https://www.googleadservices.com/pagead/managed/js/activeview/current/reach_worklet.html:0
[ 4383648ms] [ERROR] Attestation check for Shared Storage on https://www.googleadservices.com failed. @ https://www.googleadservices.com/pagead/managed/js/activeview/current/reach_worklet.html:0
[ 4383733ms] [ERROR] Attestation check for Shared Storage on https://www.googleadservices.com failed. @ https://www.googleadservices.com/pagead/managed/js/activeview/current/reach_worklet.html:0
[ 4384860ms] [ERROR] Attestation check for Shared Storage on https://www.googleadservices.com failed. @ https://www.googleadservices.com/pagead/managed/js/activeview/current/reach_worklet.html:0
[ 4386246ms] [ERROR] Attestation check for Shared Storage on https://www.googleadservices.com failed. @ https://www.googleadservices.com/pagead/managed/js/activeview/current/reach_worklet.html:0
[ 4412836ms] [ERROR] Attestation check for Shared Storage on https://www.googleadservices.com failed. @ https://www.googleadservices.com/pagead/managed/js/activeview/current/reach_worklet.html:0
[ 4413478ms] [ERROR] Attestation check for Shared Storage on https://www.googleadservices.com failed. @ https://www.googleadservices.com/pagead/managed/js/activeview/current/reach_worklet.html:0
[ 4413494ms] [ERROR] Attestation check for Attribution Reporting on https://ad.doubleclick.net failed. @ https://mediatakeout.com/adrien-broner-clip-goes-viral-as-ryan-garcia-offers-help/:0
[ 4413543ms] [ERROR] Attestation check for Attribution Reporting on https://ad.doubleclick.net failed. @ https://mediatakeout.com/adrien-broner-clip-goes-viral-as-ryan-garcia-offers-help/:0
[ 4414185ms] [TIMEEND] a: 0.001220703125 ms @ https://static.adsafeprotected.com/sca.17.6.4.js:31
[ 4416340ms] [LOG] %cOMID - INFO color: #00f start() @ https://cdn2.extremereach.io/omid-js/omid.js:0
[ 4416345ms] [LOG] %cOMID - INFO color: #00f onSessionEvent() {adSessionId: c5854871-9502-4d63-bc49-ded2f0963473, timestamp: 1778026847005, type: sessionStart, data: Object} @ https://cdn2.extremereach.io/omid-js/omid.js:0
[ 4416345ms] [LOG] %cOMID - INFO color: #00f AdParameters {com: cid=543781&creative_id=79044808&line_item=16118479…=0&vv=2.0&gpp=[GPPSTRING]&gpp_sid=[GPPSECTIONID]&, cid: 543781, client_id: 158393, vDur: 30, videos: Array(1)} @ https://cdn2.extremereach.io/omid-js/omid.js:0
[ 4416345ms] [LOG] %cOMID - INFO color: #00f AdParameters _lastActivity: undefined @ https://cdn2.extremereach.io/omid-js/omid.js:0
[ 4416345ms] [LOG] %cOMID - INFO color: #00f makeDurationUrl() https://beacons.extremereach.io/duration?cid=543781&creative_id=79044808&line_item=16118479&companion_id=0&er_ts=1778026846&session_id=j1Fa2n0uOUSP7FI3eh86wG1778026846&er_fp=8df2f5165baba255&er_did=AAFi7k7T9REAAADuz7Y4DA&us_privacy=&gdpr_consent=0&gdpr=0&vv=2.0&gpp=[GPPSTRING]&gpp_sid=[GPPSECTIONID]&&percent=0&audible=0&viewable=1&fully_on_screen=1 @ https://cdn2.extremereach.io/omid-js/omid.js:0
[ 4416345ms] [LOG] %cOMID - INFO color: #00f makeDurationUrl() https://beacons.extremereach.io/duration?cid=543781&creative_id=79044808&line_item=16118479&companion_id=0&er_ts=1778026846&session_id=j1Fa2n0uOUSP7FI3eh86wG1778026846&er_fp=8df2f5165baba255&er_did=AAFi7k7T9REAAADuz7Y4DA&us_privacy=&gdpr_consent=0&gdpr=0&vv=2.0&gpp=[GPPSTRING]&gpp_sid=[GPPSECTIONID]&&percent=0&audible=0&viewable=1&fully_on_screen=1 @ https://cdn2.extremereach.io/omid-js/omid.js:0
[ 4416545ms] [LOG] %cOMID - INFO color: #00f IAB2s - viewable:true _viewableStart:1778026847406 viewableTime:0 code:2000 @ https://cdn2.extremereach.io/omid-js/omid.js:0
[ 4416546ms] [LOG] %cOMID - INFO color: #00f setMaxCode(2000) @ https://cdn2.extremereach.io/omid-js/omid.js:0
[ 4416749ms] [LOG] %cOMID - INFO color: #00f IAB2s - viewable:true _viewableStart:1778026847406 viewableTime:203 code:2000 @ https://cdn2.extremereach.io/omid-js/omid.js:0
[ 4416947ms] [LOG] %cOMID - INFO color: #00f IAB2s - viewable:true _viewableStart:1778026847406 viewableTime:401 code:2000 @ https://cdn2.extremereach.io/omid-js/omid.js:0
[ 4417146ms] [LOG] %cOMID - INFO color: #00f IAB2s - viewable:true _viewableStart:1778026847406 viewableTime:600 code:2000 @ https://cdn2.extremereach.io/omid-js/omid.js:0
[ 4417344ms] [LOG] %cOMID - INFO color: #00f Sending error code 2000 @ https://cdn2.extremereach.io/omid-js/omid.js:0
[ 4417344ms] [LOG] %cOMID - INFO color: #00f makeSafetyUrl() https://beacons.extremereach.io/safety?error_code=2000&cid=543781&creative_id=79044808&line_item=16118479&companion_id=0&er_ts=1778026846&session_id=j1Fa2n0uOUSP7FI3eh86wG1778026846&er_fp=8df2f5165baba255&er_did=AAFi7k7T9REAAADuz7Y4DA&us_privacy=&gdpr_consent=0&gdpr=0&vv=2.0&gpp=[GPPSTRING]&gpp_sid=[GPPSECTIONID]&&dbg=tests:31undefined0____1_1,vol:0&inject=omidjs&p_w=300&p_h=169 @ https://cdn2.extremereach.io/omid-js/omid.js:0
[ 4417345ms] [LOG] %cOMID - INFO color: #00f IAB2s - viewable:true _viewableStart:1778026847406 viewableTime:799 code:2000 @ https://cdn2.extremereach.io/omid-js/omid.js:0
[ 4417546ms] [LOG] %cOMID - INFO color: #00f IAB2s - viewable:true _viewableStart:1778026847406 viewableTime:1001 code:2000 @ https://cdn2.extremereach.io/omid-js/omid.js:0
[ 4417746ms] [LOG] %cOMID - INFO color: #00f IAB2s - viewable:true _viewableStart:1778026847406 viewableTime:1200 code:2000 @ https://cdn2.extremereach.io/omid-js/omid.js:0
[ 4417947ms] [LOG] %cOMID - INFO color: #00f IAB2s - viewable:true _viewableStart:1778026847406 viewableTime:1401 code:2000 @ https://cdn2.extremereach.io/omid-js/omid.js:0
[ 4418146ms] [LOG] %cOMID - INFO color: #00f IAB2s - viewable:true _viewableStart:1778026847406 viewableTime:1600 code:2000 @ https://cdn2.extremereach.io/omid-js/omid.js:0
[ 4418345ms] [LOG] %cOMID - INFO color: #00f IAB2s - viewable:true _viewableStart:1778026847406 viewableTime:1800 code:2000 @ https://cdn2.extremereach.io/omid-js/omid.js:0
[ 4418546ms] [LOG] %cOMID - INFO color: #00f IAB2s - viewable:true _viewableStart:1778026847406 viewableTime:2001 code:2000 @ https://cdn2.extremereach.io/omid-js/omid.js:0
[ 4418547ms] [LOG] %cOMID - INFO color: #00f IAB2s - ad viewable for 2 consecutive seconds (2001ms) @ https://cdn2.extremereach.io/omid-js/omid.js:0
[ 4418547ms] [LOG] %cOMID - INFO color: #00f setMaxCode(9999) @ https://cdn2.extremereach.io/omid-js/omid.js:0
[ 4419344ms] [LOG] %cOMID - INFO color: #00f Sending error code 9999 @ https://cdn2.extremereach.io/omid-js/omid.js:0
[ 4419344ms] [LOG] %cOMID - INFO color: #00f makeSafetyUrl() https://beacons.extremereach.io/safety?error_code=9999&cid=543781&creative_id=79044808&line_item=16118479&companion_id=0&er_ts=1778026846&session_id=j1Fa2n0uOUSP7FI3eh86wG1778026846&er_fp=8df2f5165baba255&er_did=AAFi7k7T9REAAADuz7Y4DA&us_privacy=&gdpr_consent=0&gdpr=0&vv=2.0&gpp=[GPPSTRING]&gpp_sid=[GPPSECTIONID]&&dbg=tests:31undefined0____1_1,vol:0&inject=omidjs&p_w=300&p_h=169 @ https://cdn2.extremereach.io/omid-js/omid.js:0
[ 4423965ms] [LOG] %cOMID - INFO color: #00f makeDurationUrl() https://beacons.extremereach.io/duration?cid=543781&creative_id=79044808&line_item=16118479&companion_id=0&er_ts=1778026846&session_id=j1Fa2n0uOUSP7FI3eh86wG1778026846&er_fp=8df2f5165baba255&er_did=AAFi7k7T9REAAADuz7Y4DA&us_privacy=&gdpr_consent=0&gdpr=0&vv=2.0&gpp=[GPPSTRING]&gpp_sid=[GPPSECTIONID]&&percent=.25&audible=0&viewable=1&viewable_duration=7.6&fully_on_screen=1 @ https://cdn2.extremereach.io/omid-js/omid.js:0
[ 4431400ms] [LOG] %cOMID - INFO color: #00f makeDurationUrl() https://beacons.extremereach.io/duration?cid=543781&creative_id=79044808&line_item=16118479&companion_id=0&er_ts=1778026846&session_id=j1Fa2n0uOUSP7FI3eh86wG1778026846&er_fp=8df2f5165baba255&er_did=AAFi7k7T9REAAADuz7Y4DA&us_privacy=&gdpr_consent=0&gdpr=0&vv=2.0&gpp=[GPPSTRING]&gpp_sid=[GPPSECTIONID]&&percent=.5&audible=0&viewable=1&viewable_duration=15&fully_on_screen=1 @ https://cdn2.extremereach.io/omid-js/omid.js:0
[ 4439114ms] [LOG] %cOMID - INFO color: #00f makeDurationUrl() https://beacons.extremereach.io/duration?cid=543781&creative_id=79044808&line_item=16118479&companion_id=0&er_ts=1778026846&session_id=j1Fa2n0uOUSP7FI3eh86wG1778026846&er_fp=8df2f5165baba255&er_did=AAFi7k7T9REAAADuz7Y4DA&us_privacy=&gdpr_consent=0&gdpr=0&vv=2.0&gpp=[GPPSTRING]&gpp_sid=[GPPSECTIONID]&&percent=.75&audible=0&viewable=1&viewable_duration=22.6&fully_on_screen=1 @ https://cdn2.extremereach.io/omid-js/omid.js:0
[ 4382526ms] [ERROR] Attestation check for Shared Storage on https://www.googleadservices.com failed. @ https://www.googleadservices.com/pagead/managed/js/activeview/current/reach_worklet.html:0
[ 4383006ms] [ERROR] Attestation check for Shared Storage on https://www.googleadservices.com failed. @ https://www.googleadservices.com/pagead/managed/js/activeview/current/reach_worklet.html:0
[ 4383466ms] [ERROR] Attestation check for Shared Storage on https://www.googleadservices.com failed. @ https://www.googleadservices.com/pagead/managed/js/activeview/current/reach_worklet.html:0
[ 4383564ms] [ERROR] Attestation check for Shared Storage on https://www.googleadservices.com failed. @ https://www.googleadservices.com/pagead/managed/js/activeview/current/reach_worklet.html:0
[ 4383648ms] [ERROR] Attestation check for Shared Storage on https://www.googleadservices.com failed. @ https://www.googleadservices.com/pagead/managed/js/activeview/current/reach_worklet.html:0
[ 4383733ms] [ERROR] Attestation check for Shared Storage on https://www.googleadservices.com failed. @ https://www.googleadservices.com/pagead/managed/js/activeview/current/reach_worklet.html:0
[ 4384860ms] [ERROR] Attestation check for Shared Storage on https://www.googleadservices.com failed. @ https://www.googleadservices.com/pagead/managed/js/activeview/current/reach_worklet.html:0
[ 4386246ms] [ERROR] Attestation check for Shared Storage on https://www.googleadservices.com failed. @ https://www.googleadservices.com/pagead/managed/js/activeview/current/reach_worklet.html:0
[ 4412836ms] [ERROR] Attestation check for Shared Storage on https://www.googleadservices.com failed. @ https://www.googleadservices.com/pagead/managed/js/activeview/current/reach_worklet.html:0
[ 4413478ms] [ERROR] Attestation check for Shared Storage on https://www.googleadservices.com failed. @ https://www.googleadservices.com/pagead/managed/js/activeview/current/reach_worklet.html:0
[ 4443304ms] [ERROR] Attestation check for Shared Storage on https://www.googleadservices.com failed. @ https://www.googleadservices.com/pagead/managed/js/activeview/current/reach_worklet.html:0
[ 4382526ms] [ERROR] Attestation check for Shared Storage on https://www.googleadservices.com failed. @ https://www.googleadservices.com/pagead/managed/js/activeview/current/reach_worklet.html:0
[ 4383006ms] [ERROR] Attestation check for Shared Storage on https://www.googleadservices.com failed. @ https://www.googleadservices.com/pagead/managed/js/activeview/current/reach_worklet.html:0
[ 4383466ms] [ERROR] Attestation check for Shared Storage on https://www.googleadservices.com failed. @ https://www.googleadservices.com/pagead/managed/js/activeview/current/reach_worklet.html:0
[ 4383564ms] [ERROR] Attestation check for Shared Storage on https://www.googleadservices.com failed. @ https://www.googleadservices.com/pagead/managed/js/activeview/current/reach_worklet.html:0
[ 4383648ms] [ERROR] Attestation check for Shared Storage on https://www.googleadservices.com failed. @ https://www.googleadservices.com/pagead/managed/js/activeview/current/reach_worklet.html:0
[ 4383733ms] [ERROR] Attestation check for Shared Storage on https://www.googleadservices.com failed. @ https://www.googleadservices.com/pagead/managed/js/activeview/current/reach_worklet.html:0
[ 4384860ms] [ERROR] Attestation check for Shared Storage on https://www.googleadservices.com failed. @ https://www.googleadservices.com/pagead/managed/js/activeview/current/reach_worklet.html:0
[ 4386246ms] [ERROR] Attestation check for Shared Storage on https://www.googleadservices.com failed. @ https://www.googleadservices.com/pagead/managed/js/activeview/current/reach_worklet.html:0
[ 4412836ms] [ERROR] Attestation check for Shared Storage on https://www.googleadservices.com failed. @ https://www.googleadservices.com/pagead/managed/js/activeview/current/reach_worklet.html:0
[ 4413478ms] [ERROR] Attestation check for Shared Storage on https://www.googleadservices.com failed. @ https://www.googleadservices.com/pagead/managed/js/activeview/current/reach_worklet.html:0
[ 4443304ms] [ERROR] Attestation check for Shared Storage on https://www.googleadservices.com failed. @ https://www.googleadservices.com/pagead/managed/js/activeview/current/reach_worklet.html:0
[ 4443386ms] [ERROR] Attestation check for Shared Storage on https://www.googleadservices.com failed. @ https://www.googleadservices.com/pagead/managed/js/activeview/current/reach_worklet.html:0
[ 4446410ms] [LOG] %cOMID - INFO color: #00f makeDurationUrl() https://beacons.extremereach.io/duration?cid=543781&creative_id=79044808&line_item=16118479&companion_id=0&er_ts=1778026846&session_id=j1Fa2n0uOUSP7FI3eh86wG1778026846&er_fp=8df2f5165baba255&er_did=AAFi7k7T9REAAADuz7Y4DA&us_privacy=&gdpr_consent=0&gdpr=0&vv=2.0&gpp=[GPPSTRING]&gpp_sid=[GPPSECTIONID]&&percent=1&audible=0&viewable=1&viewable_duration=30&fully_on_screen=1 @ https://cdn2.extremereach.io/omid-js/omid.js:0
[ 4446411ms] [LOG] %cOMID - INFO color: #00f onSessionEvent() {adSessionId: c5854871-9502-4d63-bc49-ded2f0963473, timestamp: 1778026877256, type: sessionFinish, data: undefined} @ https://cdn2.extremereach.io/omid-js/omid.js:0
[ 4446411ms] [LOG] %cOMID - INFO color: #00f Stopping all timers @ https://cdn2.extremereach.io/omid-js/omid.js:0
[ 4382526ms] [ERROR] Attestation check for Shared Storage on https://www.googleadservices.com failed. @ https://www.googleadservices.com/pagead/managed/js/activeview/current/reach_worklet.html:0
[ 4383006ms] [ERROR] Attestation check for Shared Storage on https://www.googleadservices.com failed. @ https://www.googleadservices.com/pagead/managed/js/activeview/current/reach_worklet.html:0
[ 4383466ms] [ERROR] Attestation check for Shared Storage on https://www.googleadservices.com failed. @ https://www.googleadservices.com/pagead/managed/js/activeview/current/reach_worklet.html:0
[ 4383564ms] [ERROR] Attestation check for Shared Storage on https://www.googleadservices.com failed. @ https://www.googleadservices.com/pagead/managed/js/activeview/current/reach_worklet.html:0
[ 4383648ms] [ERROR] Attestation check for Shared Storage on https://www.googleadservices.com failed. @ https://www.googleadservices.com/pagead/managed/js/activeview/current/reach_worklet.html:0
[ 4383733ms] [ERROR] Attestation check for Shared Storage on https://www.googleadservices.com failed. @ https://www.googleadservices.com/pagead/managed/js/activeview/current/reach_worklet.html:0
[ 4384860ms] [ERROR] Attestation check for Shared Storage on https://www.googleadservices.com failed. @ https://www.googleadservices.com/pagead/managed/js/activeview/current/reach_worklet.html:0
[ 4386246ms] [ERROR] Attestation check for Shared Storage on https://www.googleadservices.com failed. @ https://www.googleadservices.com/pagead/managed/js/activeview/current/reach_worklet.html:0
[ 4412836ms] [ERROR] Attestation check for Shared Storage on https://www.googleadservices.com failed. @ https://www.googleadservices.com/pagead/managed/js/activeview/current/reach_worklet.html:0
[ 4413478ms] [ERROR] Attestation check for Shared Storage on https://www.googleadservices.com failed. @ https://www.googleadservices.com/pagead/managed/js/activeview/current/reach_worklet.html:0
[ 4443304ms] [ERROR] Attestation check for Shared Storage on https://www.googleadservices.com failed. @ https://www.googleadservices.com/pagead/managed/js/activeview/current/reach_worklet.html:0
[ 4443386ms] [ERROR] Attestation check for Shared Storage on https://www.googleadservices.com failed. @ https://www.googleadservices.com/pagead/managed/js/activeview/current/reach_worklet.html:0
[ 4473239ms] [ERROR] Attestation check for Shared Storage on https://www.googleadservices.com failed. @ https://www.googleadservices.com/pagead/managed/js/activeview/current/reach_worklet.html:0
[ 4382526ms] [ERROR] Attestation check for Shared Storage on https://www.googleadservices.com failed. @ https://www.googleadservices.com/pagead/managed/js/activeview/current/reach_worklet.html:0
[ 4383006ms] [ERROR] Attestation check for Shared Storage on https://www.googleadservices.com failed. @ https://www.googleadservices.com/pagead/managed/js/activeview/current/reach_worklet.html:0
[ 4383466ms] [ERROR] Attestation check for Shared Storage on https://www.googleadservices.com failed. @ https://www.googleadservices.com/pagead/managed/js/activeview/current/reach_worklet.html:0
[ 4383564ms] [ERROR] Attestation check for Shared Storage on https://www.googleadservices.com failed. @ https://www.googleadservices.com/pagead/managed/js/activeview/current/reach_worklet.html:0
[ 4383648ms] [ERROR] Attestation check for Shared Storage on https://www.googleadservices.com failed. @ https://www.googleadservices.com/pagead/managed/js/activeview/current/reach_worklet.html:0
[ 4383733ms] [ERROR] Attestation check for Shared Storage on https://www.googleadservices.com failed. @ https://www.googleadservices.com/pagead/managed/js/activeview/current/reach_worklet.html:0
[ 4384860ms] [ERROR] Attestation check for Shared Storage on https://www.googleadservices.com failed. @ https://www.googleadservices.com/pagead/managed/js/activeview/current/reach_worklet.html:0
[ 4386246ms] [ERROR] Attestation check for Shared Storage on https://www.googleadservices.com failed. @ https://www.googleadservices.com/pagead/managed/js/activeview/current/reach_worklet.html:0
[ 4412836ms] [ERROR] Attestation check for Shared Storage on https://www.googleadservices.com failed. @ https://www.googleadservices.com/pagead/managed/js/activeview/current/reach_worklet.html:0
[ 4413478ms] [ERROR] Attestation check for Shared Storage on https://www.googleadservices.com failed. @ https://www.googleadservices.com/pagead/managed/js/activeview/current/reach_worklet.html:0
[ 4443304ms] [ERROR] Attestation check for Shared Storage on https://www.googleadservices.com failed. @ https://www.googleadservices.com/pagead/managed/js/activeview/current/reach_worklet.html:0
[ 4443386ms] [ERROR] Attestation check for Shared Storage on https://www.googleadservices.com failed. @ https://www.googleadservices.com/pagead/managed/js/activeview/current/reach_worklet.html:0
[ 4473239ms] [ERROR] Attestation check for Shared Storage on https://www.googleadservices.com failed. @ https://www.googleadservices.com/pagead/managed/js/activeview/current/reach_worklet.html:0
[ 4473982ms] [ERROR] Attestation check for Shared Storage on https://www.googleadservices.com failed. @ https://www.googleadservices.com/pagead/managed/js/activeview/current/reach_worklet.html:0
[ 4474439ms] [LOG] Entering preload @ https://cdn.flashtalking.com/208987/Lexus_PhotoGallery_master_728x90_RL/js/script.js:147
[ 4474471ms] [LOG] TRACK: || @ https://cdn.flashtalking.com/208987/Lexus_PhotoGallery_master_728x90_RL/js/script.js:810
[ 4474472ms] [LOG] ext1 button clicked @ https://cdn.flashtalking.com/208987/Lexus_PhotoGallery_master_728x90_RL/js/script.js:892
